bioguide,icpsr,last,first,state,party,chamber
C000127,39310,cantwell,maria,WA,D,Senate
K000367,40700,klobuchar,amy,MN,D,Senate
S000033,29147,sanders,bernard,VT,O,Senate
W000802,40704,whitehouse,sheldon,RI,D,Senate
B001261,40707,barrasso,john,WY,R,Senate
W000437,29534,wicker,roger,MS,R,Senate
C001035,49703,collins,susan,ME,R,Senate
C001056,40305,cornyn,john,TX,R,Senate
D000563,15021,durbin,richard,IL,D,Senate
G000359,29566,graham,lindsey,SC,R,Senate
M000355,14921,mcconnell,mitch,KY,R,Senate
M001176,40908,merkley,jeff,OR,D,Senate
R000122,29142,reed,john,RI,D,Senate
R000584,40902,risch,james,ID,R,Senate
S001181,40906,shaheen,jeanne,NH,D,Senate
W000805,40909,warner,mark,VA,D,Senate
G000555,20735,gillibrand,kirsten,NY,D,Senate
C001088,40916,coons,christopher,DE,D,Senate
A000055,29701,aderholt,robert,AL,R,House
B001230,29940,baldwin,tammy,WI,D,Senate
B001267,40910,bennet,michael,CO,D,Senate
B001257,20758,bilirakis,gus,FL,R,House
B000490,29339,bishop,sanford,GA,D,House
B001243,20351,blackburn,marsha,TN,R,Senate
B001277,41101,blumenthal,richard,CT,D,Senate
B001236,20101,boozman,john,AR,R,Senate
B001260,20709,buchanan,vern,FL,R,House
C000059,29323,calvert,ken,CA,R,House
C001047,20146,capito,shelley,WV,R,Senate
C001072,20757,carson,andre,IN,D,House
C001051,20356,carter,john,TX,R,House
C001075,20919,cassidy,bill,LA,R,Senate
C001066,20708,castor,kathy,FL,D,House
C001080,20955,chu,judy,CA,D,House
C001067,20733,clarke,yvette,NY,D,House
C001061,20517,cleaver,emanuel,MO,D,House
C000537,39301,clyburn,james,SC,D,House
C001068,20748,cohen,steve,TN,D,House
C001053,20344,cole,tom,OK,R,House
C001059,20501,costa,jim,CA,D,House
C001069,20706,courtney,joe,CT,D,House
C000880,29345,crapo,michael,ID,R,Senate
C001087,21106,crawford,eric,AR,R,House
C001063,20533,cuellar,henry,TX,D,House
D000096,29717,davis,danny,IL,D,House
D000197,29710,degette,diana,CO,D,House
D000216,29109,delauro,rosa,CT,D,House
D000616,21179,desjarlais,scott,TN,R,House
D000600,20316,diaz-balart,mario,FL,R,House
D000399,29571,doggett,lloyd,TX,D,House
F000459,21178,fleischmann,charles,TN,R,House
F000450,20521,foxx,virginia,NC,R,House
G000559,20958,garamendi,john,CA,D,House
G000565,21103,gosar,paul,AZ,R,House
G000386,14226,grassley,charles,IA,R,Senate
G000546,20124,graves,sam,MO,R,House
G000553,20529,green,al,TX,D,House
G000568,21191,griffith,h.,VA,R,House
G000558,20916,guthrie,brett,KY,R,House
H001052,21139,harris,andy,MD,R,House
H001046,20930,heinrich,martin,NM,D,Senate
H001047,20907,himes,james,CT,D,House
H001042,20713,hirono,mazie,HI,D,Senate
H001061,41107,hoeven,john,ND,R,Senate
H000874,14873,hoyer,steny,MD,D,House
H001058,21142,huizenga,bill,MI,R,House
J000288,20712,johnson,henry,GA,D,House
J000293,41111,johnson,ron,WI,R,Senate
J000289,20738,jordan,jim,OH,R,House
K000009,15029,kaptur,marcy,OH,D,House
K000375,21140,keating,william,MA,D,House
K000376,21167,kelly,mike,PA,R,House
L000575,21166,lankford,james,OK,R,Senate
L000560,20145,larsen,rick,WA,D,House
L000557,29908,larson,john,CT,D,House
L000566,20755,latta,robert,OH,R,House
L000577,41110,lee,mike,UT,R,Senate
L000397,29504,lofgren,zoe,CA,D,House
L000491,29393,lucas,frank,OK,R,House
L000570,20932,lujan,ben,NM,D,Senate
L000562,20119,lynch,stephen,MA,D,House
M000133,14435,markey,edward,MA,D,Senate
M001163,20538,matsui,doris,CA,D,House
M001157,20530,mccaul,michael,TX,R,House
M001177,20903,mcclintock,tom,CA,R,House
M001143,20122,mccollum,betty,MN,D,House
M000312,29729,mcgovern,james,MA,D,House
M001137,29776,meeks,gregory,NY,D,House
M001160,20537,moore,gwen,WI,D,House
M000934,29722,moran,jerry,KS,R,Senate
M001153,40300,murkowski,lisa,AK,R,Senate
M001169,20707,murphy,christopher,CT,D,Senate
M001111,49308,murray,patty,WA,D,Senate
N000002,29377,nadler,jerrold,NY,D,House
N000015,15616,neal,richard,MA,D,House
N000147,,norton,eleanor,DC,D,House
P000034,15454,pallone,frank,NJ,D,House
P000603,41104,paul,rand,KY,R,Senate
P000197,15448,pelosi,nancy,CA,D,House
P000595,20923,peters,gary,MI,D,Senate
P000597,20920,pingree,chellie,ME,D,House
Q000023,20954,quigley,mike,IL,D,House
R000395,14854,rogers,harold,KY,R,House
R000575,20301,rogers,mike,AL,R,House
S001176,20759,scalise,steve,LA,R,House
S001145,29911,schakowsky,janice,IL,D,House
S001150,20104,schiff,adam,CA,D,Senate
S000148,14858,schumer,charles,NY,D,Senate
S001183,21105,schweikert,david,AZ,R,House
S001189,21123,scott,austin,GA,R,House
S000185,39307,scott,robert,VA,D,House
S001184,21173,scott,tim,SC,R,Senate
S001185,21102,sewell,terri,AL,D,House
S000344,29707,sherman,brad,CA,D,House
S001148,29910,simpson,michael,ID,R,House
S000510,29768,smith,adam,WA,D,House
S001172,20729,smith,adrian,NE,R,House
S000522,14863,smith,christopher,NJ,R,House
S001156,20310,sanchez,linda,CA,D,House
T000193,29368,thompson,bennie,MS,D,House
T000460,29901,thompson,mike,CA,D,House
T000467,20946,thompson,glenn,PA,R,House
T000250,29754,thune,john,SD,R,Senate
T000469,20934,tonko,paul,NY,D,House
T000463,20342,turner,michael,OH,R,House
V000128,20330,van hollen,chris,MD,D,Senate
V000081,29378,velazquez,nydia,NY,D,House
W000798,20725,walberg,tim,MI,R,House
W000797,20504,wasserman schultz,debbie,FL,D,House
W000187,29106,waters,maxine,CA,D,House
W000806,21116,webster,daniel,FL,R,House
W000800,20750,welch,peter,VT,D,Senate
W000795,20138,wilson,joe,SC,R,House
W000808,21118,wilson,frederica,FL,D,House
W000804,20756,wittman,robert,VA,R,House
W000809,21108,womack,steve,AR,R,House
W000779,14871,wyden,ron,OR,D,Senate
Y000064,21133,young,todd,IN,R,Senate
A000369,21196,amodei,mark,NV,R,House
B001278,21198,bonamici,suzanne,OR,D,House
D000617,31101,delbene,suzan,WA,D,House
M001184,31102,massie,thomas,KY,R,House
S001194,41112,schatz,brian,HI,D,Senate
F000454,20749,foster,bill,IL,D,House
T000468,20927,titus,dina,NV,D,House
C001095,21301,cotton,tom,AR,R,Senate
H001068,21303,huffman,jared,CA,D,House
B001287,21304,bera,ami,CA,D,House
B001285,21308,brownley,julia,CA,D,House
R000599,21311,ruiz,raul,CA,D,House
T000472,21312,takano,mark,CA,D,House
V000130,21314,vargas,juan,CA,D,House
P000608,21315,peters,scott,CA,D,House
F000462,21321,frankel,lois,FL,D,House
D000622,21325,duckworth,tammy,IL,D,Senate
B001282,21333,barr,garland,KY,R,House
W000817,41301,warren,elizabeth,MA,D,Senate
K000383,41300,king,angus,ME,O,Senate
W000812,21337,wagner,ann,MO,R,House
D000618,21338,daines,steve,MT,R,Senate
H001067,21346,hudson,richard,NC,R,House
C001096,21350,cramer,kevin,ND,R,Senate
F000463,41302,fischer,deb,NE,R,Senate
M001188,21342,meng,grace,NY,D,House
J000294,21343,jeffries,hakeem,NY,D,House
B001281,21352,beatty,joyce,OH,D,House
J000295,21353,joyce,david,OH,R,House
P000605,21356,perry,scott,PA,R,House
C001098,41304,cruz,ted,TX,R,Senate
W000814,21360,weber,randy,TX,R,House
C001091,21362,castro,joaquin,TX,D,House
W000816,21364,williams,roger,TX,R,House
V000131,21365,veasey,marc,TX,D,House
K000384,41305,kaine,timothy,VA,D,Senate
P000607,21370,pocan,mark,WI,D,House
K000385,21371,kelly,robin,IL,D,House
S001195,21373,smith,jason,MO,R,House
B001288,41308,booker,cory,NJ,D,Senate
C001101,21375,clark,katherine,MA,D,House
N000188,21536,norcross,donald,NJ,D,House
A000370,21545,adams,alma,NC,D,House
P000609,21500,palmer,gary,AL,R,House
H001072,21503,hill,j.,AR,R,House
W000821,21563,westerman,bruce,AR,R,House
G000574,21502,gallego,ruben,AZ,D,Senate
D000623,21504,desaulnier,mark,CA,D,House
A000371,21506,aguilar,pete,CA,D,House
L000582,21507,lieu,ted,CA,D,House
T000474,21508,torres,norma,CA,D,House
C001103,21513,carter,earl,GA,R,House
L000583,21515,loudermilk,barry,GA,R,House
A000372,21516,allen,rick,GA,R,House
B001295,21519,bost,mike,IL,R,House
M001196,21525,moulton,seth,MA,D,House
M001194,21526,moolenaar,john,MI,R,House
D000624,21529,dingell,debbie,MI,D,House
E000294,21531,emmer,tom,MN,R,House
R000603,21544,rouzer,david,NC,R,House
W000822,21538,watson coleman,bonnie,NJ,D,House
S001196,21541,stefanik,elise,NY,R,House
B001296,21548,boyle,brendan,PA,D,House
B001291,21551,babin,brian,TX,R,House
B001292,21554,beyer,donald,VA,D,House
P000610,,plaskett,stacey,VI,D,House
N000189,21556,newhouse,dan,WA,R,House
G000576,21559,grothman,glenn,WI,R,House
R000600,,radewagen,aumua amata,AS,R,House
S001198,41500,sullivan,dan,AK,R,Senate
E000295,41502,ernst,joni,IA,R,Senate
T000476,41504,tillis,thom,NC,R,Senate
R000605,41505,rounds,mike,SD,R,Senate
K000388,21561,kelly,trent,MS,R,House
L000585,21562,lahood,darin,IL,R,House
D000626,21564,davidson,warren,OH,R,House
C001108,21565,comer,james,KY,R,House
E000296,21566,evans,dwight,PA,D,House
K000393,41703,kennedy,john,LA,R,Senate
H001076,41702,hassan,margaret,NH,D,Senate
C001113,41700,cortez masto,catherine,NV,D,Senate
S001190,21326,schneider,bradley,IL,D,House
B001302,21705,biggs,andy,AZ,R,House
K000389,21728,khanna,ro,CA,D,House
P000613,21740,panetta,jimmy,CA,D,House
C001112,21709,carbajal,salud,CA,D,House
B001300,21703,barragan,nanette,CA,D,House
C001110,21711,correa,j.,CA,D,House
B001303,21706,blunt rochester,lisa,DE,D,Senate
D000628,21714,dunn,neal,FL,R,House
R000609,21744,rutherford,john,FL,R,House
S001200,21746,soto,darren,FL,D,House
M001199,21735,mast,brian,FL,R,House
K000391,21730,krishnamoorthi,raja,IL,D,House
B001299,21702,banks,jim,IN,R,Senate
M001198,21734,marshall,roger,KS,R,Senate
H001077,21724,higgins,clay,LA,R,House
J000299,21727,johnson,mike,LA,R,House
R000606,21741,raskin,jamie,MD,D,House
B001301,21704,bergman,jack,MI,R,House
B001305,21708,budd,ted,NC,R,Senate
B001298,21701,bacon,don,NE,R,House
G000583,21723,gottheimer,josh,NJ,D,House
R000608,21743,rosen,jacky,NV,D,Senate
E000297,21715,espaillat,adriano,NY,D,House
F000466,21718,fitzpatrick,brian,PA,R,House
S001199,21745,smucker,lloyd,PA,R,House
K000392,21731,kustoff,david,TN,R,House
G000581,21722,gonzalez,vicente,TX,D,House
A000375,21700,arrington,jodey,TX,R,House
J000298,21726,jayapal,pramila,WA,D,House
E000298,21750,estes,ron,KS,R,House
N000190,21753,norman,ralph,SC,R,House
G000585,21754,gomez,jimmy,CA,D,House
C001114,21755,curtis,john,UT,R,Senate
S001203,41706,smith,tina,MN,D,Senate
H001079,41707,hyde-smith,cindy,MS,R,Senate
C001115,21758,cloud,michael,TX,R,House
B001306,21759,balderson,troy,OH,R,House
H001082,21760,hern,kevin,OK,R,House
M001206,21761,morelle,joseph,NY,D,House
S001205,21762,scanlon,mary,PA,D,House
C001055,20322,case,ed,HI,D,House
H001066,21339,horsford,steven,NV,D,House
S001211,21968,stanton,greg,AZ,D,House
H001090,21930,harder,josh,CA,D,House
L000593,21939,levin,mike,CA,D,House
N000191,21948,neguse,joe,CO,D,House
C001121,21912,crow,jason,CO,D,House
H001081,21931,hayes,jahana,CT,D,House
S001214,21971,steube,w.,FL,R,House
M001208,21944,mcbath,lucy,GA,D,House
F000469,21920,fulcher,russ,ID,R,House
G000586,21921,garcia,jesus,IL,D,House
C001117,21906,casten,sean,IL,D,House
U000040,21979,underwood,lauren,IL,D,House
B001307,21903,baird,james,IN,R,House
D000629,21914,davids,sharice,KS,D,House
T000482,21977,trahan,lori,MA,D,House
P000617,21955,pressley,ayanna,MA,D,House
S001208,21965,slotkin,elissa,MI,D,Senate
S001215,21972,stevens,haley,MI,D,House
T000481,21975,tlaib,rashida,MI,D,House
C001119,21910,craig,angie,MN,D,House
O000173,21950,omar,ilhan,MN,D,House
S001212,21969,stauber,pete,MN,R,House
G000591,21927,guest,michael,MS,R,House
P000614,21951,pappas,chris,NH,D,House
V000133,21980,van drew,jefferson,NJ,R,House
K000394,21937,kim,andy,NJ,D,Senate
L000590,21938,lee,susie,NV,D,House
O000172,21949,ocasio-cortez,alexandria,NY,D,House
D000631,21915,dean,madeleine,PA,D,House
H001085,21934,houlahan,chrissy,PA,D,House
M001204,21945,meuser,daniel,PA,R,House
J000302,21936,joyce,john,PA,R,House
R000610,21956,reschenthaler,guy,PA,R,House
T000480,21974,timmons,william,SC,R,House
J000301,21935,johnson,dusty,SD,R,House
B001309,21905,burchett,tim,TN,R,House
R000612,21959,rose,john,TN,R,House
C001120,21911,crenshaw,dan,TX,R,House
G000589,21925,gooden,lance,TX,R,House
F000468,21919,fletcher,lizzie,TX,D,House
E000299,21917,escobar,veronica,TX,D,House
R000614,21961,roy,chip,TX,R,House
G000587,21922,garcia,sylvia,TX,D,House
C001118,21908,cline,ben,VA,R,House
S001216,21962,schrier,kim,WA,D,House
S001213,21970,steil,bryan,WI,R,House
M001205,21946,miller,carol,WV,R,House
S001217,41903,scott,rick,FL,R,Senate
H001089,41901,hawley,joshua,MO,R,Senate
G000592,21923,golden,jared,ME,D,House
M001210,21987,murphy,gregory,NC,R,House
M000687,15433,mfume,kweisi,MD,D,House
T000165,,tiffany,thomas,WI,R,House
K000377,,kelly,mark,AZ,D,Senate
L000571,20953,lummis,cynthia,WY,R,Senate
I000056,20107,issa,darrell,CA,R,House
S000250,29759,sessions,pete,TX,R,House
V000129,21307,valadao,david,CA,R,House
T000278,,tuberville,tommy,AL,R,Senate
H000273,,hickenlooper,john,CO,D,Senate
H000601,,hagerty,bill,TN,R,Senate
M001212,,moore,barry,AL,R,House
O000019,,obernolte,jay,CA,R,House
K000397,,kim,young,CA,R,House
J000305,,jacobs,sara,CA,D,House
B000825,,boebert,lauren,CO,R,House
C001039,,cammack,katherine,FL,R,House
F000472,,franklin,c.,FL,R,House
D000032,,donalds,byron,FL,R,House
G000593,,gimenez,carlos,FL,R,House
S000168,,salazar,maria,FL,R,House
W000788,,williams,nikema,GA,D,House
C001116,,clyde,andrew,GA,R,House
H001091,,hinson,ashley,IA,R,House
M001215,,miller-meeks,mariannette,IA,R,House
F000446,,feenstra,randy,IA,R,House
M001211,,miller,mary,IL,R,House
M001214,,mrvan,frank,IN,D,House
S000929,,spartz,victoria,IN,R,House
M000871,,mann,tracey,KS,R,House
A000148,,auchincloss,jake,MA,D,House
M001136,,mcclain,lisa,MI,R,House
F000470,,fischbach,michelle,MN,R,House
R000305,,ross,deborah,NC,D,House
L000273,,leger fernandez,teresa,NM,D,House
G000597,,garbarino,andrew,NY,R,House
M000317,,malliotakis,nicole,NY,R,House
T000486,,torres,ritchie,NY,D,House
B000740,,bice,stephanie,OK,R,House
B000668,,bentz,cliff,OR,R,House
M000194,,mace,nancy,SC,R,House
H001086,,harshbarger,diana,TN,R,House
F000246,,fallon,patrick,TX,R,House
P000048,,pfluger,august,TX,R,House
J000304,,jackson,ronny,TX,R,House
N000026,,nehls,troy,TX,R,House
V000134,,van duyne,beth,TX,R,House
M001213,,moore,blake,UT,R,House
O000086,,owens,clarence,UT,R,House
S001159,,strickland,marilyn,WA,D,House
F000471,,fitzgerald,scott,WI,R,House
P000145,,padilla,alejandro,CA,D,Senate
O000174,,ossoff,jon,GA,D,Senate
W000790,,warnock,raphael,GA,D,Senate
T000478,21749,tenney,claudia,NY,R,House
L000595,,letlow,julia,LA,R,House
C001125,,carter,troy,LA,D,House
S001218,,stansbury,melanie,NM,D,House
E000071,,ellzey,jake,TX,R,House
B001313,,brown,shontel,OH,D,House
C001126,,carey,mike,OH,R,House
F000474,,flood,mike,NE,R,House
F000475,,finstad,brad,MN,R,House
R000579,,ryan,patrick,NY,D,House
Y000067,,yakym,rudy,IN,R,House
Z000018,,zinke,ryan,MT,R,House
B001319,,britt,katie,AL,R,Senate
S001227,,schmitt,eric,MO,R,Senate
F000479,,fetterman,john,PA,D,Senate
S001220,,strong,dale,AL,R,House
C001132,,crane,eli,AZ,R,House
C001133,,ciscomani,juan,AZ,R,House
K000401,,kiley,kevin,CA,O,House
M001225,,mullin,kevin,CA,D,House
K000400,,kamlager-dove,sydney,CA,D,House
G000598,,garcia,robert,CA,D,House
P000620,,pettersen,brittany,CO,D,House
B001314,,bean,aaron,FL,R,House
M001216,,mills,cory,FL,R,House
F000476,,frost,maxwell,FL,D,House
L000596,,luna,anna,FL,R,House
L000597,,lee,laurel,FL,R,House
M001217,,moskowitz,jared,FL,D,House
M001218,,mccormick,rich,GA,R,House
C001129,,collins,mike,GA,R,House
M001219,,moylan,james (jim),GU,R,House
T000487,,tokuda,jill,HI,D,House
N000193,,nunn,zachary (zach),IA,R,House
J000309,,jackson,jonathan,IL,D,House
R000617,,ramirez,delia,IL,D,House
B001315,,budzinski,nicole (nikki),IL,D,House
S001225,,sorensen,eric,IL,D,House
H001093,,houchin,erin,IN,R,House
M001220,,mcgarvey,morgan,KY,D,House
I000058,,ivey,glenn,MD,D,House
S001221,,scholten,hillary,MI,D,House
J000307,,james,john,MI,R,House
T000488,,thanedar,shri,MI,D,House
A000379,,alford,mark,MO,R,House
B001316,,burlison,eric,MO,R,House
E000235,,ezell,mike,MS,R,House
D000230,,davis,donald,NC,D,House
F000477,,foushee,valerie,NC,D,House
E000246,,edwards,charles (chuck),NC,R,House
K000398,,kean,thomas,NJ,R,House
M001226,,menendez,robert,NJ,D,House
V000136,,vasquez,gabriel (gabe),NM,D,House
L000598,,lalota,nicolas,NY,R,House
G000599,,goldman,dan,NY,D,House
L000599,,lawler,michael,NY,R,House
L000600,,langworthy,nicholas,NY,R,House
L000601,,landsman,greg,OH,D,House
M001222,,miller,max,OH,R,House
S001223,,sykes,emilia,OH,D,House
B001317,,brecheen,josh,OK,R,House
H001094,,hoyle,valerie,OR,D,House
S001226,,salinas,andrea,OR,D,House
L000602,,lee,summer,PA,D,House
D000530,,deluzio,chris,PA,D,House
M001223,,magaziner,seth,RI,D,House
F000478,,fry,russell,SC,R,House
O000175,,ogles,andrew,TN,R,House
M001224,,moran,nathaniel,TX,R,House
S001224,,self,keith,TX,R,House
L000603,,luttrell,morgan,TX,R,House
D000594,,de la cruz,monica,TX,R,House
C001130,,crockett,jasmine,TX,D,House
C001131,,casar,gregorio,TX,D,House
H001095,,hunt,wesley,TX,R,House
K000399,,kiggans,jennifer,VA,R,House
B001318,,balint,becca,VT,D,House
G000600,,gluesenkamp perez,marie,WA,D,House
V000135,,van orden,derrick,WI,R,House
H001096,,hageman,harriet,WY,R,House
R000618,,ricketts,pete,NE,R,Senate
M001227,,mcclellan,jennifer,VA,D,House
A000380,,amo,gabe,RI,D,House
M001228,,maloy,celeste,UT,R,House
S001201,21747,suozzi,thomas,NY,D,House
K000402,,kennedy,timothy,NY,D,House
F000480,,fong,vince,CA,R,House
R000619,,rulli,michael,OH,R,House
M001229,,mciver,lamonica,NJ,D,House
W000829,,wied,tony,WI,R,House
F000110,29354,fields,cleo,LA,D,House
S001188,21100,stutzman,marlin,IN,R,House
C001123,21907,cisneros,gilbert,CA,D,House
A000382,,alsobrooks,angela,MD,D,Senate
S001232,,sheehy,tim,MT,R,Senate
M001242,,moreno,bernie,OH,R,Senate
M001243,,mccormick,dave,PA,R,Senate
B001323,,begich,nicholas,AK,R,House
F000481,,figures,shomari,AL,D,House
A000381,,ansari,yassamin,AZ,D,House
H001098,,hamadeh,abraham,AZ,R,House
S001231,,simon,lateefah,CA,D,House
G000605,,gray,adam,CA,D,House
L000607,,liccardo,sam,CA,D,House
W000830,,whitesides,george,CA,D,House
R000620,,rivas,luz,CA,D,House
F000483,,friedman,laura,CA,D,House
T000491,,tran,derek,CA,D,House
M001241,,min,dave,CA,D,House
H001100,,hurd,jeff,CO,R,House
C001137,,crank,jeff,CO,R,House
E000300,,evans,gabe,CO,R,House
M001238,,mcbride,sarah,DE,D,House
H001099,,haridopolos,mike,FL,R,House
J000311,,jack,brian,GA,R,House
S001229,,shreve,jefferson,IN,R,House
M001233,,messmer,mark,IN,R,House
S001228,,schmidt,derek,KS,R,House
O000176,,olszewski,johnny,MD,D,House
E000301,,elfreth,sarah,MD,D,House
M001232,,mcclain delaney,april,MD,D,House
B001321,,barrett,tom,MI,R,House
M001237,,mcdonald rivet,kristen,MI,D,House
M001234,,morrison,kelly,MN,D,House
B001324,,bell,wesley,MO,D,House
O000177,,onder,robert,MO,R,House
K000404,,king-hinds,kimberlyn,MP,R,House
D000634,,downing,troy,MT,R,House
M001240,,mcdowell,addison,NC,R,House
H001102,,harris,mark,NC,R,House
H001101,,harrigan,pat,NC,R,House
K000405,,knott,brad,NC,R,House
M001236,,moore,tim,NC,R,House
F000482,,fedorchak,julie,ND,R,House
G000604,,goodlander,maggie,NH,D,House
C001136,,conaway,herbert,NJ,D,House
P000621,,pou,nellie,NJ,D,House
G000602,,gillen,laura,NY,D,House
L000606,,latimer,george,NY,D,House
R000622,,riley,josh,NY,D,House
M001231,,mannion,john,NY,D,House
T000490,,taylor,david,OH,R,House
D000635,,dexter,maxine,OR,D,House
B001326,,bynum,janelle,OR,D,House
M001230,,mackenzie,ryan,PA,R,House
B001327,,bresnahan,robert,PA,R,House
H001103,,hernandez rivera,pablo jose,PR,D,House
B001325,,biggs,sheri,SC,R,House
G000601,,goldman,craig,TX,R,House
G000603,,gill,brandon,TX,R,House
J000310,,johnson,julie,TX,D,House
K000403,,kennedy,mike,UT,R,House
M001239,,mcguire,john,VA,R,House
V000138,,vindman,eugene,VA,D,House
S001230,,subramanyam,suhas,VA,D,House
B001322,,baumgartner,michael,WA,R,House
R000621,,randall,emily,WA,D,House
M001235,,moore,riley,WV,R,House
J000312,,justice,jim,WV,R,Senate
H001104,,husted,jon,OH,R,Senate
M001244,,moody,ashley,FL,R,Senate
P000622,,patronis,jimmy,FL,R,House
F000484,,fine,randall,FL,R,House
W000831,,walkinshaw,james,VA,D,House
G000606,,grijalva,adelita,AZ,D,House
V000139,,van epps,matt,TN,R,House
M001245,,menefee,christian,TX,D,House
A000383,,armstrong,alan,OK,R,Senate
F000485,,fuller,clay,GA,R,House
M001246,,mejia,analilia,NJ,D,House
G000607,,gallagher,james,CA,R,House
B000226,507,bassett,richard,DE,O,Senate
B000546,786,bland,theodorick,VA,O,House
B001086,1260,burke,aedanus,SC,O,House
C000187,1538,carroll,daniel,MD,O,House
C000538,1859,clymer,george,PA,O,House
C000710,2010,contee,benjamin,MD,O,House
D000013,2307,dalton,tristram,MA,O,Senate
E000155,2943,elmer,jonathan,NJ,O,Senate
F000100,3128,few,william,GA,O,Senate
F000224,3237,floyd,william,NY,O,House
G000012,3430,gale,george,MD,O,House
G000403,3771,grayson,william,VA,O,Senate
G000500,3857,grout,jonathan,MA,O,House
H000368,4212,hawkins,benjamin,NC,O,Senate
H000995,4766,huntington,benjamin,CT,O,House
I000053,4837,izard,ralph,SC,O,Senate
J000182,4998,johnson,william,CT,O,Senate
J000198,5012,johnston,samuel,NC,O,Senate
L000201,5565,lee,richard,VA,O,Senate
M000031,5891,maclay,william,PA,O,Senate
M000234,6071,mathews,george,GA,O,House
M000985,6712,morris,robert,PA,O,Senate
P000092,7224,partridge,george,MA,O,House
P000102,7231,paterson,william,NJ,O,Senate
S000624,8693,smith,william,MD,O,House
S000961,8983,stone,michael,MD,O,House
V000053,9629,van rensselaer,jeremiah,NY,O,House
W000783,10405,wynkoop,henry,PA,O,House
D000324,2576,dickinson,philemon,NJ,O,Senate
W000059,9747,walker,john,VA,O,Senate
A000307,259,ashe,john,NC,O,House
B000167,456,barnwell,robert,SC,O,House
B001133,1302,burr,aaron,NY,R,Senate
C000009,1384,cabot,george,MA,O,Senate
C000185,1536,carroll,charles,MD,O,Senate
E000147,2936,ellsworth,oliver,CT,O,Senate
G000139,3541,gerry,elbridge,MA,O,House
H000916,4695,huger,daniel,SC,O,House
J000036,4871,jacobs,israel,PA,O,House
K000158,5224,key,philip,MD,O,House
R000091,7762,read,george,DE,O,Senate
R000350,7989,robinson,moses,VT,O,Senate
S000140,8272,schoonmaker,cornelius,NY,O,House
S000242,8363,seney,joshua,MD,O,House
S000340,8449,sheredine,upton,MD,O,House
S000349,8457,sherman,roger,CT,O,Senate
S000412,8511,silvester,peter,NY,O,House
S000832,8869,steele,john,NC,O,House
S000866,8896,sterett,samuel,MD,O,House
S001047,9062,sturges,jonathan,CT,O,House
T000403,9501,tucker,thomas,SC,O,House
W000216,9885,wayne,anthony,GA,O,House
W000352,10006,white,alexander,VA,O,House
W000551,10193,williamson,hugh,NC,O,House
W000560,10202,willis,francis,GA,O,House
E000075,2866,edwards,john,KY,O,Senate
P000473,7564,potts,richard,MD,O,Senate
A000280,231,armstrong,james,PA,O,House
B000282,554,beatty,john,NJ,O,House
B000661,878,boudinot,elias,NJ,O,House
B000671,886,bourne,shearjashub,MA,O,House
B000739,951,bradford,william,RI,O,Senate
C000012,1387,cadwalader,lambert,NJ,O,House
C000163,1518,carnes,thomas,GA,O,House
C000418,1750,clark,abraham,NJ,O,House
C000545,1865,cobb,david,MA,O,House
C000591,1906,coffin,peleg,MA,O,House
D000157,2432,dawson,william,NC,O,House
E000060,2859,edwards,benjamin,MD,O,House
F000178,3196,fitzsimons,thomas,PA,O,House
F000282,3285,forrest,uriah,MD,O,House
F000368,3361,frelinghuysen,frederick,NJ,O,Senate
G000211,3607,gillon,alexander,SC,O,House
G000311,3695,gordon,james,NY,O,House
G000466,3825,griffin,samuel,VA,O,House
H000750,4546,holten,samuel,MA,O,House
I000035,4820,irvine,william,PA,O,House
L000178,5543,learned,amasa,CT,O,House
L000200,5564,lee,richard,VA,O,House
M000166,6012,martin,alexander,NC,R,Senate
M000424,6230,mcdowell,joseph,NC,O,House
M000622,6401,mebane,alexander,NC,O,House
M000645,6418,mercer,john,MD,O,House
M000828,6574,mitchell,stephen,CT,O,Senate
M000873,6608,montgomery,william,PA,O,House
N000055,6883,neville,joseph,VA,O,House
N000109,6932,niles,nathaniel,VT,O,House
P000320,7425,pickens,andrew,SC,O,House
S000186,8312,scott,thomas,PA,O,House
S001009,9028,strong,caleb,MA,O,Senate
T000019,9161,talbot,silas,NY,O,House
T000361,9463,tredwell,thomas,NY,O,House
V000039,9615,van gaasbeck,peter,NY,O,House
V000104,9676,vining,john,DE,O,Senate
W000013,9706,wadsworth,jeremiah,CT,O,House
W000051,9739,walker,francis,VA,O,House
W000127,9808,ward,artemas,MA,O,House
W000211,9881,watts,john,NY,O,House
W000491,10136,williams,benjamin,NC,O,House
W000633,10272,wingate,paine,NH,O,House
T000107,9238,tazewell,henry,VA,R,Senate
W000114,9796,walton,george,GA,O,Senate
A000174,154,ames,fisher,MA,O,House
B000474,719,bingham,william,PA,O,Senate
B000563,800,bloodworth,timothy,NC,R,Senate
B000669,884,bourne,benjamin,RI,O,House
B001014,1195,buck,daniel,VT,O,House
C000624,1936,coles,isaac,VA,R,House
C000848,2125,crabb,jeremiah,MD,O,House
D000178,2451,dearborn,henry,MA,R,House
D000578,2796,duvall,gabriel,MD,R,House
E000010,2816,earle,samuel,SC,R,House
G000173,3573,gilbert,ezekiel,NY,O,House
G000434,3798,greenup,christopher,KY,R,House
G000526,3877,gunn,james,GA,O,Senate
H000148,4026,hancock,george,VA,O,House
H000348,4193,hathorn,john,NY,R,House
H000431,4269,heath,john,VA,R,House
H000488,4315,henderson,thomas,NJ,O,House
H000508,4333,henry,john,MD,O,Senate
L000067,5449,langdon,john,NH,R,Senate
L000246,5611,leonard,george,MA,O,House
L000530,5852,lyman,william,MA,R,House
M000155,6000,marshall,humphrey,KY,O,Senate
M001063,6781,muhlenberg,frederick,PA,R,House
M001119,6830,murray,william,MD,O,House
O000101,7084,orr,alexander,KY,R,House
P000018,7156,page,john,VA,R,House
P000026,7164,paine,elijah,VT,O,Senate
P000108,7235,patten,john,DE,R,House
P000514,7603,preston,francis,VA,R,House
R000092,7763,read,jacob,SC,O,Senate
R000215,7870,richards,john,PA,R,House
R000548,8148,rutherford,robert,VA,R,House
S000339,8448,sherburne,john,NH,R,House
S000555,8637,smith,isaac,NJ,O,House
S000753,8811,sprigg,thomas,MD,R,House
S001029,9048,strudwick,william,NC,O,House
S001119,9127,swift,zephaniah,CT,O,House
T000050,9187,tatom,absalom,NC,R,House
T000389,9489,trumbull,jonathan,CT,O,Senate
W000377,,white,james,TN,O,House
B000570,806,blount,william,TN,R,Senate
G000286,3674,goodhue,benjamin,MA,O,Senate
H000841,4628,howard,john,MD,O,Senate
H000982,4753,hunter,john,SC,R,Senate
L000120,5498,laurance,john,NY,O,Senate
T000052,9189,tattnall,josiah,GA,R,Senate
A000129,112,allen,john,CT,O,House
B000396,656,benton,lemuel,SC,R,House
B000735,947,bradbury,theophilus,MA,O,House
B000875,1072,brooks,david,NY,O,House
B000991,1176,bryan,nathan,NC,R,House
B001053,1232,bullock,stephen,MA,O,House
B001081,1255,burges,dempsey,NC,R,House
C000313,1655,chapman,john,PA,O,House
C000369,1706,chipman,nathaniel,VT,O,Senate
C000563,1881,cochran,james,NY,O,House
C000600,1914,coit,joshua,CT,O,House
D000073,2355,davenport,james,CT,O,House
E000089,2881,ege,george,PA,O,House
F000313,3315,foster,theodore,RI,R,Senate
F000365,3358,freeman,nathaniel,MA,R,House
H000266,4127,harrison,carter,VA,R,House
H000803,4593,hosmer,hezekiah,NY,O,House
L000115,5494,latimer,henry,DE,O,Senate
L000377,5725,lloyd,james,MD,O,Senate
L000389,5734,locke,matthew,NC,R,House
M000013,5879,machir,james,VA,O,House
M000226,6063,mason,stevens,VA,R,Senate
M000256,6087,matthews,william,MD,O,House
M000336,6155,mcclenachan,blair,PA,R,House
M000423,6229,mcdowell,joseph,NC,R,House
M000946,6674,morgan,daniel,VA,O,House
P000058,7192,parker,isaac,MA,O,House
R000448,8070,ross,james,PA,O,Senate
R000550,8150,rutherfurd,john,NJ,O,Senate
S000154,8282,schuyler,philip,NY,O,Senate
S000448,8544,sinnickson,thomas,NJ,O,House
S000460,8555,sitgreaves,samuel,PA,O,House
S000563,8644,smith,jeremiah,NH,O,House
S000595,8671,smith,nathaniel,CT,O,House
S000625,8695,smith,william,SC,R,House
S000633,8702,smith,william,SC,O,House
S000743,8802,sprague,peleg,NH,O,House
S001095,9107,swanwick,john,PA,R,House
T000232,9353,thomson,mark,NJ,O,House
V000012,9591,van alen,john,NY,O,House
W000513,10159,williams,john,NY,O,House
C000497,1823,clayton,joshua,DE,O,Senate
H000661,4469,hobart,john,NY,O,Senate
N000142,6963,north,william,NY,O,Senate
W000202,9874,watson,james,NY,O,Senate
B000198,484,bartlett,bailey,MA,O,House
B000731,943,brace,jonathan,CT,O,House
B000927,1116,brown,john,RI,O,House
B000929,1118,brown,john,KY,R,Senate
C000382,1716,christie,gabriel,MD,R,House
C000572,1888,cocke,william,TN,R,Senate
C000764,2058,cooper,william,NY,O,House
C000863,2139,craik,william,MD,O,House
D000069,2351,davenport,franklin,NJ,O,House
D000165,2440,dayton,jonathan,NJ,O,Senate
D000254,2512,dent,george,MD,O,House
D000296,2550,dexter,samuel,MA,O,Senate
D000331,2581,dickson,joseph,NC,O,House
E000052,2852,edmond,william,CT,O,House
E000091,2883,eggleston,joseph,VA,R,House
E000257,3021,evans,thomas,VA,O,House
F000364,3357,freeman,jonathan,NH,O,House
G000020,3437,gallatin,albert,PA,R,House
G000235,3628,glen,henry,NY,O,House
G000279,3668,goode,samuel,VA,R,House
G000294,3679,goodrich,elizur,CT,O,House
G000318,3701,gordon,william,NH,O,House
G000427,3791,greene,ray,RI,O,Senate
H000299,4156,hartley,thomas,PA,O,House
H000359,4204,havens,jonathan,NY,R,House
I000011,4800,imlay,james,NJ,O,House
J000227,5038,jones,james,GA,O,House
K000253,5310,kittera,john,PA,O,House
L000195,5559,lee,henry,VA,O,House
L000336,5687,linn,james,NJ,R,House
L000364,5713,livermore,samuel,NH,O,Senate
L000528,5850,lyman,samuel,MA,O,House
M000157,6003,marshall,john,VA,O,House
M000571,,mcmillan,william,OH,O,House
N000084,6911,nicholas,john,VA,R,House
N000161,6979,nott,abraham,SC,O,House
P000021,7159,page,robert,VA,O,House
P000065,7199,parker,josiah,VA,O,House
P000357,7458,pinckney,thomas,SC,O,House
P000381,7481,platt,jonas,NY,O,House
P000482,7573,powell,leven,VA,O,House
R000120,7788,reed,john,MA,O,House
S000222,8344,sedgwick,theodore,MA,O,House
S000259,8376,sewall,samuel,MA,O,House
S000693,8756,spaight,richard,NC,R,House
T000141,9268,thatcher,george,MA,O,House
T000173,9299,thomas,john,MD,O,House
T000183,9308,thomas,richard,PA,O,House
W000094,9779,waln,robert,PA,O,House
F000301,3303,foster,dwight,MA,O,Senate
H000629,4441,hindman,william,MD,O,Senate
M000976,6703,morris,gouverneur,NY,O,Senate
B000017,325,bacon,john,MA,R,House
B000477,722,bird,john,NY,O,House
B000660,877,boude,thomas,PA,O,House
B000787,994,breckinridge,john,KY,R,Senate
C000005,1380,cabell,samuel,VA,R,House
C000627,1939,colhoun,john,SC,R,Senate
D000138,2413,davis,thomas,KY,R,House
E000114,2903,ellery,christopher,RI,R,Senate
E000153,2941,elmendorf,lucas,NY,R,House
F000054,,fearing,paul,OH,O,House
F000297,3299,foster,abiel,NH,O,House
G000428,,greene,thomas,MS,O,House
G000502,3859,grove,william,NC,O,House
H000475,4303,henderson,archibald,NC,O,House
H000611,4426,hill,william,NC,O,House
H000986,,hunter,narsworthy,MS,O,House
J000012,4850,jackson,george,VA,R,House
J000017,4854,jackson,james,GA,R,Senate
J000123,4946,johnson,charles,NC,R,House
J000258,5066,jones,william,PA,R,House
L000204,5568,lee,silas,MA,O,House
L000316,5668,lincoln,levi,MA,R,House
L000401,5744,logan,george,PA,R,Senate
M000259,6089,mattoon,ebenezer,MA,O,House
M000983,6710,morris,lewis,VT,O,House
M000988,6715,morris,thomas,NY,O,House
M001066,6784,muhlenberg,john,PA,O,Senate
O000041,7029,ogden,aaron,NJ,O,Senate
O000060,7048,olcott,simeon,NH,O,Senate
P000190,7308,peirce,joseph,NH,O,House
P000231,7344,perkins,elias,CT,O,House
R000093,7764,read,nathan,MA,O,House
R000553,8153,rutledge,john,SC,O,House
S000312,8423,sheafe,james,NH,O,Senate
S000330,8440,shepard,william,MA,O,House
S000582,8662,smith,josiah,MA,R,House
S000752,8810,sprigg,"richard,",MD,R,House
S000994,9014,stratton,john,VA,O,House
T000025,9165,taliaferro,benjamin,GA,R,House
T000273,9385,tillinghast,thomas,RI,R,House
T000348,9452,tracy,uriah,CT,O,Senate
U000022,9567,upham,george,NH,O,House
V000049,9625,van ness,john,NY,R,House
W000046,9735,walker,benjamin,NY,O,House
W000534,10176,williams,robert,NC,R,House
W000722,10352,woods,henry,PA,O,House
B001186,1346,butler,pierce,SC,R,Senate
C000525,1847,clinton,de,NY,R,Senate
P000393,7493,plumer,william,NH,O,Senate
B000049,351,bailey,theodorus,NY,R,Senate
B000097,392,baldwin,simeon,CT,O,House
B000697,911,bowie,walter,MD,R,House
B000970,1156,bruce,phineas,MA,O,House
C000406,1739,claiborne,thomas,VA,R,House
C001026,2287,cutler,manasseh,MA,O,House
D000243,2501,dennis,john,MD,O,House
D000583,2801,dwight,thomas,MA,O,House
E000008,2814,earle,john,SC,R,House
G000196,3594,gillespie,james,NC,R,House
G000467,3826,griffin,thomas,VA,O,House
G000482,3840,griswold,gaylord,NY,O,House
H000133,4012,hammond,samuel,GA,R,House
H000140,4019,hampton,wade,SC,R,House
H000570,4390,hiester,daniel,MD,R,House
H000695,4498,hoge,john,PA,R,House
H000976,4748,hunt,samuel,NH,O,House
L000097,5477,larned,simon,MA,R,House
L000294,5649,lewis,thomas,VA,O,House
L000482,5814,lowndes,thomas,SC,O,House
M000029,5890,maclay,samuel,PA,R,Senate
M000359,6172,mccord,andrew,NY,R,House
M000824,6571,mitchell,nahum,MA,O,House
M001039,6760,mott,james,NJ,R,House
P000036,7173,palmer,beriah,NY,R,House
P000101,7230,paterson,john,NY,R,House
P000298,7403,phelps,oliver,NY,R,House
P000378,7478,plater,thomas,MD,O,House
P000468,7559,potter,samuel,RI,R,Senate
P000577,7658,purviance,samuel,NC,O,House
S000471,8563,skinner,thomson,MA,R,House
S000557,8639,smith,israel,VT,R,Senate
S000567,8645,smith,john,OH,R,Senate
S000912,8938,stewart,john,PA,R,House
T000143,9271,thatcher,samuel,MA,O,House
T000262,9376,tibbits,george,NY,O,House
T000370,9470,trigg,john,VA,R,House
V000045,9621,van horne,isaac,PA,R,House
V000083,9658,venable,abraham,VA,R,Senate
W000392,10043,white,samuel,DE,O,Senate
W000526,10169,williams,lemuel,MA,O,House
A000282,233,armstrong,john,NY,R,Senate
H000870,4656,howland,benjamin,RI,R,Senate
M000891,6625,moore,andrew,VA,R,Senate
A000100,88,alexander,nathaniel,NC,R,House
A000191,169,anderson,isaac,PA,R,House
A000272,222,archer,john,MD,R,House
B000084,379,baldwin,abraham,GA,R,Senate
B000301,571,bedinger,george,KY,R,House
B000425,679,betton,silas,NH,O,House
B000488,733,bishop,phanuel,MA,R,House
B000989,1174,bryan,joseph,GA,R,House
C000226,1575,casey,levi,SC,R,House
C000424,1756,clark,christopher,VA,R,House
C000704,2005,conrad,frederick,PA,R,House
C000817,2099,covington,leonard,MD,R,House
D000333,2583,dickson,william,TN,R,House
D000582,2800,dwight,theodore,CT,O,House
E000014,2819,early,peter,GA,R,House
E000130,2919,ellis,caleb,NH,O,House
E000154,2942,elmer,ebenezer,NJ,R,House
F000074,3104,fenner,james,RI,R,Senate
F000322,3324,fowler,john,KY,R,House
G000248,3639,goddard,calvin,CT,O,House
G000488,3846,griswold,roger,CT,O,House
H000090,3972,halsey,silas,NY,R,House
H000111,3992,hamilton,john,PA,R,House
H000161,4037,hanna,john,PA,R,House
H000331,4181,hastings,seth,MA,O,House
H000811,4600,hough,david,NH,O,House
K000246,5303,kitchell,aaron,NJ,R,Senate
L000367,5716,livingston,henry,NY,O,House
L000478,5812,lower,christian,PA,R,House
L000492,5822,lucas,john,PA,R,House
M000057,5917,magruder,patrick,MD,R,House
M000437,6241,mcfarlan,duncan,NC,R,House
M000614,6393,mead,cowles,GA,R,House
M000649,6422,meriwether,david,GA,R,House
N000100,6925,nicholson,joseph,MD,R,House
O000067,7055,olin,gideon,VT,R,House
R000051,7727,randolph,thomas,VA,R,House
S000015,8175,sailly,peter,NY,R,House
S000041,8203,sandford,thomas,KY,R,House
S000149,8277,schuneman,martin,NY,R,House
S000524,8608,smith,daniel,TN,R,Senate
S000570,8651,smith,john,CT,O,House
S000598,8673,smith,o'brien,SC,R,House
S000698,8761,spalding,thomas,GA,R,House
S000805,8845,stanton,joseph,RI,R,House
S001073,9088,sumter,thomas,SC,R,Senate
T000127,9257,tenney,samuel,NH,O,House
T000213,9335,thompson,philip,VA,R,House
T000249,9366,thruston,buckner,KY,R,Senate
W000014,9707,wadsworth,peleg,MA,O,House
W000116,9798,walton,matthew,KY,R,House
W000403,10054,whitehill,john,PA,R,House
W000440,10086,wickes,eliphalet,NY,R,House
W000531,10173,williams,nathan,NY,R,House
W000642,10280,winston,joseph,NC,R,House
W000786,10407,wynns,thomas,NC,R,House
M000712,6472,milledge,john,GA,R,Senate
A000092,80,alexander,evan,NC,R,House
B000144,436,barker,joseph,MA,R,House
B000446,697,bidwell,barnabas,MA,R,House
B000533,773,blake,john,NY,R,House
B000729,941,boyle,john,KY,R,House
B000745,956,bradley,stephen,VT,R,Senate
B000888,1085,broom,james,DE,O,House
C000148,1505,carleton,peter,NH,R,House
C000403,1736,claiborne,john,VA,R,House
C000426,,clark,daniel,OL,O,House
C000486,1814,clay,joseph,PA,R,House
C000526,1849,clinton,george,NY,R,House
C000947,2214,crowninshield,jacob,MA,R,House
D000047,2332,darby,ezra,NJ,R,House
D000173,2446,dean,josiah,MA,R,House
D000565,2786,durell,daniel,NH,R,House
E000122,2911,elliott,james,VT,O,House
F000344,3342,franklin,jesse,NC,R,Senate
G000052,3465,gardner,francis,NH,R,House
G000075,3483,garnett,james,VA,R,House
G000293,3678,goodrich,chauncey,CT,O,Senate
G000442,3805,gregg,andrew,PA,R,Senate
H000245,4106,harris,john,NY,R,House
H000573,4393,hiester,john,PA,R,House
H000699,4502,hoge,william,PA,R,House
H000957,4731,humphrey,reuben,NY,R,House
I000009,4798,ilsley,daniel,MA,R,House
J000220,5031,jones,george,GA,R,Senate
K000073,5151,kelly,james,PA,O,House
K000239,5296,kirkpatrick,william,NY,R,House
K000286,5338,knight,nehemiah,RI,R,House
M000232,6069,masters,josiah,NY,R,House
M000240,6076,mathewson,elisha,RI,R,Senate
M000387,6198,mccreery,william,MD,R,House
M000864,6601,montgomery,daniel,PA,R,House
M001005,6729,morrow,john,VA,R,House
P000052,,parke,benjamin,IN,O,House
P000067,7200,parker,nahum,NH,R,Senate
P000562,7645,pugh,john,PA,R,House
R000212,7867,richards,jacob,PA,R,House
R000257,7907,riker,samuel,NY,R,House
R000529,8131,russell,john,NY,R,House
S000493,8581,sloan,james,NJ,R,House
S000562,8643,smith,jedediah,NH,R,House
S000566,8647,smith,john,NY,R,Senate
S000978,8999,story,joseph,MA,R,House
S001096,9108,swart,peter,NY,R,House
T000163,9290,thomas,david,NY,R,House
T000268,9380,tiffin,edward,OH,R,Senate
T000368,9468,trigg,abram,VA,R,House
V000011,9590,van alen,james,NY,R,House
V000022,9602,van cortlandt,philip,NY,R,House
V000088,9662,verplanck,daniel,NY,R,House
W000454,10099,wilbour,isaac,RI,R,House
W000529,10171,williams,marmaduke,NC,R,House
W000568,10210,wilson,alexander,VA,R,House
W000606,10246,wilson,nathan,NY,R,House
W000657,10293,witherell,james,VT,R,House
M000633,6408,meigs,return,OH,R,Senate
M000043,5903,madison,james,VA,R,House
A000136,119,allen,joseph,MA,O,House
A000165,146,alston,lemuel,SC,R,House
A000197,174,anderson,joseph,TN,R,Senate
B000530,771,blaisdell,daniel,NH,O,House
B000802,1007,brent,richard,VA,R,Senate
B000928,1117,brown,john,MD,R,House
C000045,1419,calhoun,joseph,SC,R,House
C000076,1442,campbell,alexander,OH,R,Senate
C000091,1455,campbell,john,MD,O,House
C000279,1624,chamberlain,john,NH,O,House
C000280,1625,chamberlain,william,VT,O,House
C000289,1633,champlin,christopher,RI,O,Senate
C000723,2021,cook,orchard,MA,R,House
C000834,2114,cox,james,NJ,R,House
C000910,2179,crist,henry,KY,R,House
D000240,,denning,william,NY,O,House
G000049,3460,gardenier,barent,NY,O,House
G000054,3467,gardner,gideon,MA,R,House
G000066,3476,garland,david,VA,R,House
G000136,3539,german,obadiah,NY,R,Senate
G000489,3847,griswold,stanley,OH,R,Senate
H000354,4199,haven,nathaniel,NH,O,House
H000464,4293,helms,william,NJ,R,House
H000571,4391,hiester,daniel,PA,R,House
H000618,4433,hillhouse,james,CT,O,Senate
H000718,4519,holland,james,NC,R,House
H000834,4622,howard,benjamin,KY,R,House
H000886,4670,hubbard,jonathan,VT,O,House
J000087,4916,jenkins,robert,PA,O,House
J000254,5064,jones,walter,VA,R,House
K000089,5163,kenan,thomas,NC,R,House
K000282,5334,knickerbocker,herman,NY,O,House
L000036,5421,lambert,john,NJ,R,Senate
L000229,5594,leib,michael,PA,R,Senate
L000363,5712,livermore,edward,MA,O,House
L000456,5792,love,john,VA,R,House
L000545,5867,lyon,matthew,KY,R,House
M000076,5935,malbone,francis,RI,O,Senate
M000130,5981,marion,robert,SC,R,House
M000239,6075,mathews,vincent,NY,O,House
M000520,6311,mckinley,william,VA,R,House
M000750,6504,miller,pleasant,TN,R,House
M001076,6794,mumford,gurdon,NY,R,House
N000041,6871,nelson,roger,MD,R,House
N000086,6913,nicholas,wilson,VA,R,House
N000098,6923,nicholson,john,NY,R,House
P000330,7432,pickman,benjamin,MA,O,House
P000443,7537,porter,john,PA,R,House
P000493,,poydras,julien,OL,O,House
R000218,7873,richards,matthias,PA,R,House
R000346,7985,robinson,jonathan,VT,R,Senate
S000098,8243,say,benjamin,PA,R,House
S000200,8324,scudder,john,NJ,R,House
S000507,8595,smelt,dennis,GA,R,House
S000610,8679,smith,samuel,PA,R,House
S000800,8842,stanly,john,NC,O,House
S000828,8865,stedman,william,MA,O,House
S001125,9132,swoope,jacob,VA,O,House
T000206,9328,thompson,john,NY,R,House
U000023,9568,upham,jabez,MA,O,House
V000043,9619,van horne,archibald,MD,R,House
V000054,9630,van rensselaer,killian,NY,O,House
W000220,9889,weakley,robert,TN,R,House
W000411,10061,whiteside,jenkin,TN,R,Senate
W000592,10228,wilson,james,NH,O,House
W000661,10297,witherspoon,robert,SC,R,House
C001031,2292,cutts,charles,NH,R,Senate
T000085,9216,taylor,john,SC,R,Senate
W000750,10379,worthington,thomas,OH,R,Senate
B000015,323,bacon,ezekiel,MA,R,House
B000067,367,baker,john,VA,O,House
B000207,491,bartlett,josiah,NH,R,House
B000249,524,bayard,james,DE,O,Senate
B000511,754,blackledge,william,NC,R,House
B000555,793,bleecker,harmanus,NY,O,House
B000569,805,blount,thomas,NC,R,House
B000714,927,boyd,adam,NJ,R,House
B001194,1354,butler,william,SC,R,House
C000175,1527,carr,francis,MA,R,House
C000372,1708,chittenden,martin,VT,O,House
C000547,1868,cobb,howell,GA,R,House
C000564,1880,cochran,james,NC,R,House
C000734,2031,cooke,thomas,NY,R,House
C000895,2165,crawford,william,GA,R,Senate
C001033,2294,cutts,richard,MA,R,House
D000357,2607,dinsmoor,samuel,NH,R,House
E000176,2961,emott,james,NY,O,House
F000156,3175,fitch,asa,NY,O,House
G000039,3452,gannett,barzillai,MA,R,House
G000183,3582,giles,william,VA,R,Senate
G000215,3610,gilman,nicholas,NH,R,Senate
G000394,3763,gray,edwin,VA,R,House
G000413,3779,green,isaiah,MA,R,House
H000064,3950,hall,obed,NH,R,House
H000223,4088,harper,john,NH,R,House
H000865,4651,howell,jeremiah,RI,R,Senate
K000159,5225,key,philip,MD,O,House
L000212,5577,lefever,joseph,PA,R,House
L000370,5719,livingston,robert,NY,O,House
M000267,6095,maxwell,george,NJ,R,House
M000302,6128,mcbryde,archibald,NC,O,House
M000668,6440,metcalf,arunah,NY,R,House
M000785,6538,milnor,james,PA,O,House
M000831,6577,mitchill,samuel,NY,R,House
M000867,6603,montgomery,john,MD,R,House
M000951,6679,morgan,james,NJ,R,House
N000064,6892,newbold,thomas,NJ,R,House
P000146,7269,paulding,william,NY,R,House
P000425,7520,pond,benjamin,NY,R,House
Q000015,7675,quincy,josiah,MA,O,House
R000375,8011,rodman,william,PA,R,House
S000023,8187,sammons,thomas,NY,R,House
S000215,8338,seaver,ebenezer,MA,R,House
S000310,8421,shaw,samuel,VT,R,House
S000508,8596,smilie,john,PA,R,House
S000537,8620,smith,george,PA,R,House
S000984,9005,stow,silas,NY,R,House
S001052,9067,sullivan,george,NH,O,House
T000033,9173,tallman,peleg,MA,R,House
T000347,9451,tracy,uri,NY,R,House
T000416,9510,turner,charles,MA,R,House
T000423,9517,turner,james,NC,R,Senate
V000023,9603,van cortlandt,pierre,NY,R,House
V000074,9650,varnum,joseph,MA,O,Senate
W000385,10038,white,leonard,MA,O,House
W000444,10090,widgery,william,MA,R,House
W000495,10140,williams,david,SC,R,House
W000615,10253,wilson,thomas,VA,O,House
W000637,10275,winn,richard,SC,R,House
D000273,,destrehan,jean,LA,O,Senate
M000056,5916,magruder,allan,LA,R,Senate
P000450,7543,posey,thomas,LA,R,Senate
B000161,450,barnett,william,GA,R,House
B000260,535,bayly,thomas,VA,O,House
B000273,547,beall,reasin,OH,R,House
B000388,649,benson,egbert,NY,O,House
B000434,686,bibb,william,GA,R,Senate
B000453,703,bigelow,abijah,MA,O,House
B000467,714,bines,thomas,NJ,R,House
B000554,792,bledsoe,jesse,KY,R,Senate
B000612,,bond,shadrack,IL,O,House
B000684,898,bowen,john,TN,R,House
B000691,905,bowers,john,NY,O,House
B000715,928,boyd,alexander,NY,O,House
B000942,1132,brown,robert,PA,R,House
B001051,1230,bulloch,william,GA,R,Senate
B001176,1337,butler,ezra,VT,R,House
C000131,1492,caperton,hugh,VA,O,House
C000350,1688,cheves,langdon,SC,R,House
C000667,1971,conard,john,PA,R,House
C000843,2122,coxe,william,NJ,O,House
C000934,2201,crouch,edward,PA,R,House
D000002,2296,daggett,david,CT,O,Senate
D000023,2315,dana,samuel,MA,R,House
D000133,2409,davis,roger,PA,R,House
D000134,2410,davis,samuel,MA,O,House
D000151,2426,dawson,john,VA,R,House
D000252,2510,denoyelles,peter,NY,R,House
D000293,2542,dewey,daniel,MA,O,House
D000577,2795,duval,william,KY,R,House
E000168,2956,ely,william,MA,O,House
E000238,3006,evans,david,SC,R,House
F000036,3074,farrow,samuel,SC,R,House
F000279,3282,forney,peter,NC,R,House
F000346,3344,franklin,meshack,NC,R,House
F000389,3377,fromentin,eligius,LA,R,Senate
G000116,3523,geddes,james,NY,O,House
G000241,3632,gloninger,john,PA,O,House
G000345,3726,gourdin,theodore,SC,R,House
H000254,4115,harris,thomas,TN,R,House
H000313,4168,hasbrouck,abraham,NY,R,House
H000372,4216,hawkins,joseph,KY,R,House
H000472,,hempstead,edward,MO,O,House
H000487,4314,henderson,samuel,PA,O,House
H000778,4571,hopkins,samuel,KY,R,House
H000780,4573,hopkins,samuel,NY,O,House
H000867,4653,howell,nathaniel,NY,O,House
H000887,4671,hubbard,levi,MA,R,House
H000914,4693,hufty,jacob,NJ,O,House
H000962,4736,humphreys,parry,TN,R,House
H001026,4789,hyneman,john,PA,R,House
J000025,4862,jackson,richard,RI,O,House
K000116,5186,kennedy,william,NC,R,House
K000149,5216,kershaw,john,SC,R,House
L000011,5392,lacock,abner,PA,R,Senate
L000213,5581,lefferts,john,NY,R,House
M000132,5983,markell,jacob,NY,O,House
M000217,6054,mason,jeremiah,NH,O,Senate
M000515,6306,mckim,alexander,MD,R,House
M000747,6501,miller,morris,NY,O,House
P000168,7288,pearson,joseph,NC,O,House
P000455,7546,post,jotham,NY,O,House
P000463,7553,potter,elisha,RI,O,House
R000089,7760,rea,john,PA,R,House
R000130,7797,reed,william,MA,O,House
R000231,7885,richardson,william,MA,R,House
S000150,8278,schureman,james,NJ,O,House
S000356,8464,sherwood,samuel,NY,O,House
S000366,8473,shipherd,zebulon,NY,O,House
S000469,8561,skinner,richard,VT,R,House
S000483,8571,slaymaker,amos,PA,O,House
S000556,8638,smith,isaac,PA,R,House
S000564,8646,smith,john,VA,R,House
S000608,8680,smith,samuel,NH,O,House
S000941,8964,stockton,richard,NJ,O,House
S000955,8977,stone,david,NC,R,Senate
T000015,9157,tait,charles,GA,R,Senate
T000036,9175,tannehill,adamson,PA,R,House
T000205,9327,thompson,joel,NY,O,House
W000287,9947,wells,william,DE,O,Senate
W000367,10020,white,francis,VA,O,House
W000402,10053,whitehill,james,PA,R,House
W000404,10055,whitehill,robert,PA,R,House
W000644,10282,winter,elisha,NY,O,House
W000687,10317,wood,abiel,MA,R,House
B000192,478,barry,william,KY,R,Senate
K000141,5210,kerr,joseph,OH,R,Senate
L000387,,locke,francis,NC,O,Senate
R000313,7953,roberts,jonathan,PA,R,Senate
T000220,9341,thompson,thomas,NH,O,Senate
W000053,9741,walker,george,KY,R,Senate
W000324,9979,wharton,jesse,TN,R,Senate
A000056,47,adgate,asa,NY,R,House
A000096,84,alexander,john,OH,R,House
A000324,279,atherton,charles,NH,O,House
A000345,299,avery,daniel,NY,R,House
B000026,332,baer,george,MD,O,House
B000060,362,baker,ezra,NJ,R,House
B000137,429,bard,david,PA,R,House
B000427,681,betts,samuel,NY,R,House
B000482,727,birdsall,james,NY,R,House
B000733,945,bradbury,george,MA,O,House
B000785,992,breckinridge,james,VA,O,House
B000833,1036,brigham,elijah,MA,O,House
B000883,1080,brooks,micah,NY,R,House
B000904,1099,brown,benjamin,MA,O,House
B001132,1301,burnside,thomas,PA,R,House
C000014,1389,cady,daniel,NY,O,House
C000033,1407,caldwell,james,OH,R,House
C000083,1448,campbell,george,TN,R,Senate
C000176,1528,carr,james,MA,O,House
C000288,1632,champion,epaphroditus,CT,O,House
C000320,1662,chappell,john,SC,R,House
C000366,1703,chipman,daniel,VT,O,House
C000394,1727,cilley,bradbury,NH,O,House
C000438,1770,clark,james,NC,R,House
C000456,1787,clarke,archibald,NY,R,House
C000487,1815,clay,matthew,VA,R,House
C000510,1835,clendenin,david,OH,R,House
C000531,1853,clopton,john,VA,R,House
C000692,1994,conner,samuel,MA,R,House
C000762,2056,cooper,thomas,DE,O,House
C000894,2164,crawford,william,PA,R,House
C000914,2183,crocheron,henry,NY,R,House
D000024,2316,dana,samuel,CT,O,Senate
D000075,2357,davenport,john,CT,O,House
D000306,2559,dickens,samuel,NC,R,House
E000022,,easton,rufus,MO,O,House
F000124,3147,findley,william,PA,R,House
F000155,3174,fisk,jonathan,NY,R,House
F000204,3220,fletcher,thomas,KY,R,House
G000096,3504,gaston,william,NC,O,House
G000150,3552,gholson,thomas,VA,R,House
G000231,3624,glasgow,hugh,PA,R,House
G000257,3648,gold,thomas,NY,O,House
G000261,3652,goldsborough,charles,MD,O,House
G000322,3705,gore,christopher,MA,O,Senate
G000461,3820,griffin,isaac,PA,R,House
G000498,3856,grosvenor,thomas,NY,O,House
H000018,3906,hahn,john,PA,R,House
H000039,3927,hale,william,NH,O,House
H000045,3933,hall,bolling,GA,R,House
H000127,4006,hammond,jabez,NY,R,House
H000361,4206,hawes,aylett,VA,R,House
H000476,4304,henderson,bennett,TN,R,House
H000795,4586,horsey,outerbridge,DE,O,Senate
H000915,4694,huger,benjamin,SC,O,House
H000935,4712,hulbert,john,MA,O,House
H000967,4740,hungerford,john,VA,R,House
H000991,4762,hunter,william,RI,O,Senate
I000042,4827,irwin,jared,PA,R,House
J000021,4858,jackson,john,VA,R,House
J000107,4934,jewett,luther,VT,O,House
K000126,5195,kent,moss,NY,O,House
K000136,5205,kerr,john,VA,R,House
K000169,5234,kilbourne,james,OH,R,House
K000197,5256,king,cyrus,MA,O,House
L000066,5448,langdon,chauncey,VT,O,House
L000118,,lattimore,william,MS,O,House
L000126,5503,law,lyman,CT,O,House
L000290,5645,lewis,joseph,VA,O,House
L000460,5795,love,william,NC,R,House
L000466,5801,lovett,john,NY,O,House
L000524,5846,lyle,aaron,PA,R,House
L000539,5861,lyon,asa,VT,O,House
M000146,5993,marsh,charles,VT,O,House
M000288,6115,mayrant,william,SC,R,House
M000496,6290,mckee,samuel,KY,R,House
M000549,6337,mclean,john,OH,R,House
M000840,6582,moffitt,hosea,NY,O,House
M000909,6643,moore,nicholas,MD,R,House
M000919,6653,moore,thomas,SC,R,House
M001084,6802,murfree,william,NC,R,House
N000164,6981,noyes,john,VT,O,House
O000100,7083,ormsby,stephen,KY,R,House
P000324,7428,pickering,timothy,MA,O,House
P000363,7464,piper,william,PA,R,House
P000446,7539,porter,peter,NY,R,House
P000484,7575,powell,samuel,TN,R,House
S000115,8256,schenck,abraham,NY,R,House
S000257,8374,sevier,john,TN,R,House
S000295,8407,sharp,solomon,KY,R,House
S000317,8428,sheffey,daniel,VA,O,House
S000617,8686,smith,thomas,PA,O,House
S000638,8707,smith,william,NY,O,House
S000794,8837,stanford,richard,NC,R,House
S000821,8859,stearns,asahel,MA,O,House
S000862,,stephenson,benjamin,IL,O,House
S001048,9063,sturges,lewis,CT,O,House
T000012,9154,taggart,samuel,MA,O,House
T000029,9169,tallmadge,benjamin,CT,O,House
T000047,9185,tate,magnus,VA,O,House
T000054,9190,taul,micah,KY,R,House
T000084,9217,taylor,john,SC,R,House
T000115,9245,telfair,thomas,GA,R,House
T000169,9295,thomas,isaac,TN,R,House
T000247,9364,throop,enos,NY,R,House
T000264,9378,tichenor,isaac,VT,O,Senate
V000120,9689,vose,roger,NH,O,House
W000128,9809,ward,artemas,MA,O,House
W000136,9817,ward,jonathan,NY,R,House
W000141,9821,ward,thomas,NJ,R,House
W000329,9983,wheaton,laban,MA,O,House
W000456,10101,wilcox,jeduthun,NH,O,House
W000523,,williams,jonathan,PA,O,House
W000565,10207,willoughby,westel,NY,R,House
W000595,10235,wilson,james,NJ,R,Senate
W000616,10254,wilson,thomas,PA,R,House
W000725,10354,woods,john,PA,O,House
W000733,10363,woodward,william,SC,R,House
Y000001,10409,yancey,bartlett,NC,R,House
Y000009,10417,yates,john,NY,R,House
A000317,271,ashmun,eli,MA,O,Senate
H000176,4044,hanson,alexander,MD,O,Senate
H000186,4054,hardin,martin,KY,O,Senate
H000225,4090,harper,robert,MD,O,Senate
M000213,6050,mason,armistead,VA,R,Senate
S000949,8971,stokes,montfort,NC,R,Senate
M000858,6594,monroe,james,VA,O,Senate
A000122,107,allen,heman,VT,R,House
A000235,184,anderson,william,PA,R,House
A000340,294,austin,archibald,VA,R,House
B000350,616,bellinger,joseph,SC,R,House
B000368,630,bennet,benjamin,NJ,R,House
B000571,807,blount,william,TN,R,House
B000650,870,boss,john,RI,O,House
B000990,1175,bryan,joseph,NC,R,House
B001137,1305,burrill,james,RI,O,Senate
C000407,1740,claiborne,thomas,TN,R,House
C000408,1741,claiborne,william,LA,O,Senate
C000650,1956,colston,edward,VA,O,House
C000664,1969,comstock,oliver,NY,R,House
C000728,2026,cook,zadock,GA,R,House
C000954,2221,cruger,daniel,NY,R,House
C001019,2280,cushman,john,NY,O,House
D000057,2341,darlington,isaac,PA,O,House
D000271,2527,desha,joseph,KY,R,House
D000485,2716,drake,john,NY,R,House
E000118,2907,ellicott,benjamin,NY,R,House
E000197,2977,eppes,john,VA,R,Senate
F000154,3173,fisk,james,VT,R,Senate
F000278,3281,forney,daniel,NC,R,House
G000003,3421,gage,joshua,MA,R,House
G000178,3578,gilbert,sylvester,CT,R,House
G000306,3691,goodwyn,peterson,VA,R,House
H000038,3926,hale,salma,NH,R,House
H000314,4169,hasbrouck,josiah,NY,R,House
H000525,4350,herbert,john,MD,O,House
H000647,4456,hitchcock,peter,OH,R,House
H000705,4508,hogg,samuel,TN,R,House
H000743,4540,holmes,uriel,CT,O,House
H000784,4577,hopkinson,joseph,PA,O,House
H000990,4761,hunter,william,VT,R,House
H000996,4767,huntington,ebenezer,CT,O,House
I000038,4823,irving,william,NY,R,House
K000243,5300,kirtland,dorrance,NY,R,House
L000147,5524,lawyer,thomas,NY,R,House
L000177,5542,leake,walter,MS,R,Senate
L000297,5651,lewis,william,VA,R,House
M000030,5892,maclay,william,PA,R,House
M000142,5990,marr,george,TN,R,House
M000215,6052,mason,james,RI,O,House
M000699,6462,middleton,henry,SC,R,House
M000966,6693,morril,david,NH,R,Senate
M001075,6793,mumford,george,NC,R,House
N000043,6874,nelson,thomas,VA,R,House
N000049,6879,nesbitt,wilson,SC,R,House
O000043,7031,ogden,david,NY,O,House
O000045,7033,ogle,alexander,PA,R,House
O000102,7085,orr,benjamin,MA,O,House
O000127,7108,otis,harrison,MA,O,Senate
O000151,7131,owen,james,NC,R,House
P000147,7270,pawling,levi,PA,O,House
P000189,7307,pegram,john,VA,R,House
P000368,7469,pitkin,timothy,CT,O,House
P000432,,pope,nathaniel,IL,O,House
P000442,7536,porter,james,NY,R,House
R000204,7860,rice,thomas,MA,O,House
R000326,7966,robertson,thomas,LA,R,House
R000449,8071,ross,john,PA,R,House
R000503,8110,ruggles,nathaniel,MA,O,House
S000082,8231,savage,john,NY,R,House
S000153,8281,schuyler,philip,NY,O,House
S000203,8327,scudder,tredwell,NY,R,House
S000264,8381,seybert,adam,PA,R,House
S000357,8465,sherwood,samuel,CT,O,House
S000700,8763,spangler,jacob,PA,R,House
S000710,8772,speed,thomas,KY,R,House
S000727,8787,spencer,john,NY,R,House
S000909,8935,stewart,james,NC,O,House
S000972,8993,storer,clement,NH,R,Senate
S001017,9036,strong,solomon,MA,O,House
S001036,9055,stuart,philip,MD,O,House
T000031,9171,tallmadge,james,NY,R,House
T000135,9263,terry,nathaniel,CT,O,House
T000333,9437,townsend,george,NY,R,House
T000398,9497,tucker,henry,VA,R,House
W000309,9967,westerlo,rensselaer,NY,O,House
W000412,10062,whiteside,john,PA,R,House
W000472,10117,wilkin,james,NY,R,House
W000516,10160,williams,john,TN,R,Senate
W000541,10183,williams,thomas,CT,O,House
W000598,10238,wilson,john,MA,O,House
W000618,10257,wilson,william,PA,R,House
E000078,2871,edwards,ninian,IL,R,Senate
M000636,6410,mellen,prentiss,MA,O,Senate
P000045,7182,palmer,william,VT,R,Senate
A000030,24,adams,benjamin,MA,O,House
A000140,122,allen,nathaniel,NY,R,House
A000230,179,anderson,richard,KY,R,House
A000273,223,archer,stevenson,MD,R,House
B000056,358,baker,caleb,NY,R,House
B000566,803,bloomfield,joseph,NJ,R,House
B000583,816,boden,andrew,PA,R,House
B000808,1013,brevard,joseph,SC,R,House
B000921,1111,brown,james,LA,R,Senate
B000947,1136,brown,william,KY,R,House
B000983,1168,brush,henry,OH,R,House
B001042,1221,buffum,joseph,NH,R,House
B001160,1323,burwell,william,VA,R,House
B001190,1350,butler,thomas,LA,R,House
C000222,1571,case,walter,NY,R,House
C000399,1732,clagett,clifton,NH,R,House
C000449,1780,clark,robert,NY,R,House
C000671,1974,condit,john,NJ,R,House
C000891,2161,crawford,joel,GA,R,House
C000942,2208,crowell,john,AL,R,House
C000967,2233,culbreth,thomas,MD,R,House
C001024,2285,cuthbert,john,GA,R,House
D000087,2369,davidson,william,NC,O,House
D000287,2548,de witt,jacob,NY,R,House
D000477,2709,dowse,edward,MA,R,House
E000007,2813,earle,elias,SC,R,House
E000124,2913,elliott,john,GA,R,Senate
E000209,2985,ervin,james,SC,R,House
F000052,3086,fay,john,NY,R,House
F000242,3252,folger,walter,MA,R,House
F000269,3274,ford,william,NY,R,House
F000416,3403,fullerton,david,PA,R,House
G000398,3767,gray,john,VA,R,House
G000494,3852,gross,ezra,NY,R,House
G000539,3886,guyon,james,NY,R,House
H000006,3896,hackley,aaron,NY,R,House
H000051,3938,hall,george,NY,R,House
H000076,3958,hall,willard,DE,R,House
H000415,4253,hazard,nathaniel,RI,R,House
H000542,4366,herrick,samuel,OH,R,House
H000558,4381,hibshman,jacob,PA,R,House
H000574,4394,hiester,joseph,PA,R,House
H000806,4596,hostetter,jacob,PA,R,House
J000142,4964,johnson,james,VA,R,House
K000093,5167,kendall,jonas,MA,O,House
K000212,5270,king,rufus,NY,O,Senate
K000227,5284,kinsey,charles,NJ,R,House
K000230,5287,kinsley,martin,MA,R,House
L000083,5465,lanman,james,CT,R,Senate
L000337,5688,linn,john,NJ,R,House
L000405,5748,logan,william,KY,R,Senate
L000485,5817,lowrie,walter,PA,R,Senate
L000527,5849,lyman,joseph,NY,R,House
M000033,5894,maclay,william,PA,R,House
M000124,5976,marchand,david,PA,R,House
M000221,6058,mason,jonathan,MA,O,House
M000383,6195,mccreary,john,SC,R,House
M000396,6207,mccullough,thomas,PA,O,House
M000544,6332,mclean,alney,KY,R,House
M000632,6407,meigs,henry,NY,R,House
M000657,6430,merrill,orsamus,VT,R,House
M000913,6647,moore,robert,PA,R,House
M001019,6743,morton,marcus,MA,R,House
M001023,6746,moseley,jonathan,CT,R,House
M001109,6821,murray,john,PA,R,House
P000060,7194,parker,james,MA,R,House
P000072,7205,parker,severn,VA,R,House
P000084,7216,parrott,john,NH,R,Senate
P000183,7301,peek,harmanus,NY,R,House
P000316,7421,philson,robert,PA,R,House
P000354,7455,pinckney,charles,SC,R,House
P000358,7459,pindall,james,VA,O,House
P000386,7486,pleasants,james,VA,R,Senate
Q000005,7667,quarles,tunstall,KY,R,House
R000217,7872,richards,mark,VT,R,House
R000235,7888,richmond,jonathan,NY,R,House
R000263,7910,ringgold,samuel,MD,R,House
S000012,8173,sage,ebenezer,NY,R,House
S000026,8190,sampson,zabdiel,MA,R,House
S000254,8370,settle,thomas,NC,R,House
S000307,8418,shaw,henry,MA,R,House
S000414,8513,simkins,eldred,SC,R,House
S000497,8585,slocumb,jesse,NC,O,House
S000516,8602,smith,ballard,VA,R,House
S000518,8603,smith,bernard,NJ,R,House
S000559,8642,smith,james,NC,R,House
S000685,8748,southard,henry,NJ,R,House
S000882,8912,stevens,james,CT,R,House
S001002,9022,street,randall,NY,O,House
S001022,9040,strong,william,VT,R,House
S001023,9042,strother,george,VA,R,House
T000042,9180,tarr,christian,PA,R,House
T000102,9233,taylor,waller,IN,R,Senate
T000132,9261,terrell,william,GA,R,House
T000303,9414,tompkins,caleb,NY,R,House
T000377,9477,trimble,william,OH,R,Senate
W000048,9737,walker,david,KY,R,House
W000052,9740,walker,freeman,GA,R,Senate
W000061,9749,walker,john,AL,R,Senate
W000078,9764,wallace,james,PA,R,House
W000293,9951,wendover,peter,NY,R,House
H000735,4532,holmes,david,MS,R,Senate
M000774,6528,mills,elijah,MA,O,Senate
T000017,9159,talbot,isham,KY,R,Senate
B000087,382,baldwin,henry,PA,R,House
B000124,417,barber,levi,OH,R,House
B000127,420,barbour,james,VA,R,Senate
B000195,481,barstow,gideon,MA,R,House
B000235,,bates,james,AR,O,House
B000258,533,bayly,thomas,MD,O,House
B000455,705,bigelow,lewis,MA,O,House
B000512,755,blackledge,william,NC,R,House
B000577,810,boardman,elijah,CT,R,Senate
B000641,864,borland,charles,NY,R,House
B000786,993,breckinridge,james,KY,R,House
B000986,1171,bryan,henry,TN,R,House
B001054,,bullock,wingfield,KY,R,House
B001140,1308,burrows,daniel,CT,R,House
B001181,1342,butler,josiah,NH,R,House
C000099,1464,campbell,samuel,NY,R,House
C000123,1485,cannon,newton,TN,R,House
C000281,1626,chambers,david,OH,R,House
C000604,1918,colden,cadwallader,NY,O,House
C000679,1982,conkling,alfred,NY,R,House
C000792,2079,cosden,jeremiah,MD,R,House
C000953,2220,crudup,josiah,NC,R,House
D000026,2318,dane,joseph,ME,O,House
D000059,2343,darlington,william,PA,R,House
D000295,2549,de wolf,james,RI,R,Senate
D000238,2498,denison,george,PA,R,House
D000531,,duncan,james,PA,O,House
E000230,3001,eustis,william,MA,R,House
F000122,3146,findlay,william,PA,O,Senate
F000281,3284,forrest,thomas,PA,O,House
G000114,3521,gebhard,john,NY,O,House
G000496,3854,gross,samuel,PA,R,House
H000248,4109,harris,mark,ME,R,House
H000366,4211,hawkes,james,NY,R,House
H000533,,hernandez,joseph,FL,O,House
H000602,4419,hill,mark,ME,R,House
H000890,4674,hubbard,thomas,NY,R,House
J000010,4848,jackson,edward,VA,R,House
J000218,5029,jones,francis,TN,R,House
J000228,5039,jones,james,VA,R,House
K000160,5226,keyes,elias,VT,R,House
K000235,5292,kirkland,joseph,NY,O,House
L000483,5815,lowndes,william,SC,R,House
M000321,6140,mccarty,richard,NY,R,House
M000602,6384,mcsherry,james,PA,O,House
M000786,6539,milnor,william,PA,O,House
M000872,6607,montgomery,thomas,KY,R,House
M000916,6650,moore,samuel,PA,R,House
M000920,6654,moore,thomas,VA,R,House
M001115,6825,murray,thomas,PA,R,House
N000035,6865,nelson,hugh,VA,R,House
N000037,6867,nelson,john,MD,R,House
N000058,6886,new,anthony,KY,R,House
O000142,7122,overstreet,james,SC,R,House
P000131,7256,patterson,walter,NY,O,House
P000310,7414,phillips,john,PA,O,House
P000342,7444,pierson,jeremiah,NY,R,House
P000362,7463,pinkney,william,MD,R,Senate
R000125,7792,reed,philip,MD,R,House
R000151,7813,reid,robert,GA,R,House
R000181,7838,rhea,john,TN,R,House
R000322,7962,robertson,george,KY,R,House
R000501,8108,ruggles,charles,NY,O,House
R000519,8122,russ,john,CT,R,House
R000531,8133,russell,jonathan,MA,R,House
S000400,,sibley,solomon,MI,O,House
S000575,8656,smith,john,KY,R,House
S000722,8782,spencer,elijah,NY,R,House
S000871,8901,sterling,micah,NY,O,House
T000438,,tuthill,selah,NY,O,House
U000024,9569,upham,nathaniel,NH,R,House
V000055,9631,van rensselaer,solomon,NY,O,House
V000059,9635,van swearingen,thomas,VA,O,House
W000050,9738,walker,felix,NC,R,House
W000118,9800,walworth,reuben,NY,R,House
W000389,10042,white,phineas,VT,R,House
W000421,10069,whitman,ezekiel,ME,O,House
W000554,10196,williamson,william,ME,R,House
W000729,10358,woodson,samuel,KY,R,House
W000745,10374,worman,ludwig,PA,O,House
W000768,10396,wright,robert,MD,R,House
B000914,1107,brown,ethan,OH,R,Senate
K000079,5155,kelly,william,AL,R,Senate
L000378,5726,lloyd,james,MA,O,Senate
R000377,8013,rodney,caesar,DE,R,Senate
T000086,9215,taylor,john,VA,R,Senate
A000003,5,abbott,joel,GA,R,House
B000103,398,ball,william,VA,R,House
B000783,990,breck,samuel,PA,O,House
B000926,1119,brown,john,PA,O,House
B001152,1319,burton,hutchins,NC,O,House
C000015,1390,cady,john,NY,O,House
C000049,1423,call,jacob,IN,O,House
C000050,,call,richard,FL,O,House
C000291,1635,chandler,john,ME,O,Senate
C000447,1779,clark,lot,NY,O,House
C000635,1945,collins,ela,NY,O,House
C001020,2281,cushman,joshua,ME,O,House
D000568,2788,durfee,job,RI,O,House
D000584,2802,dwinell,justin,NY,O,House
E000025,2829,eaton,lewis,NY,O,House
E000040,2841,eddy,samuel,RI,O,House
E000070,2865,edwards,henry,CT,O,Senate
E000137,2926,ellis,william,PA,O,House
F000249,3257,foote,charles,NY,O,House
F000291,3293,forward,walter,PA,O,House
F000391,3379,frost,joel,NY,O,House
F000413,3400,fuller,timothy,MA,R,House
G000099,3507,gatlin,alfred,NC,O,House
G000109,3516,gazlay,james,OH,O,House
H000309,4164,harvey,matthew,NH,O,House
H000410,4249,hayward,william,MD,O,House
H000529,4353,herkimer,john,NY,R,House
H000700,4503,hogeboom,james,NY,O,House
H000761,4556,hooks,charles,NC,R,House
J000085,4914,jenkins,lemuel,NY,O,House
J000154,4973,johnson,john,KY,O,House
L000138,5515,lawrence,samuel,NY,O,House
L000196,5560,lee,john,MD,O,House
L000216,5584,leftwich,jabez,VA,O,House
L000346,5696,litchfield,elisha,NY,O,House
L000362,5711,livermore,arthur,NH,R,House
L000430,5768,longfellow,stephen,ME,O,House
M000245,6078,matlack,james,NJ,O,House
M000247,6080,matson,aaron,NH,O,House
M000299,6125,mcarthur,duncan,OH,O,House
M000475,6274,mcilvaine,joseph,NJ,O,Senate
N000018,6852,neale,raphael,MD,O,House
O000068,7056,olin,henry,VT,O,House
O000139,7119,outlaw,george,NC,O,House
P000122,7247,patterson,john,OH,O,House
P000128,7253,patterson,thomas,PA,R,House
P000394,7494,plumer,william,NH,O,House
P000540,7626,prince,william,IN,R,House
R000173,7831,reynolds,james,TN,R,House
R000207,7862,rich,charles,VT,R,House
R000210,,richard,gabriel,MI,O,House
R000216,7871,richards,john,NY,O,House
R000360,7998,rochester,william,NY,O,House
R000403,8034,rogers,thomas,PA,R,House
R000456,8078,ross,thomas,OH,O,House
S000040,8202,sandford,james,TN,O,House
S000297,8409,sharpe,peter,NY,O,House
S000397,8499,sibley,jonas,MA,O,House
S000515,8601,smith,arthur,VA,O,House
S000694,8757,spaight,richard,NC,O,House
S000864,8894,stephenson,james,VA,O,House
S000868,8898,sterling,ansel,CT,O,House
S000943,8966,stoddard,ebenezer,CT,O,House
T000171,9297,thomas,jesse,IL,O,Senate
T000211,9333,thompson,philip,KY,O,House
T000290,9402,tod,john,PA,R,House
T000343,9447,tracy,albert,NY,O,House
T000397,9496,tucker,george,VA,O,House
T000453,9545,tyson,jacob,NY,O,House
U000003,9550,udree,daniel,PA,R,House
V000037,9613,van dyke,nicholas,DE,O,Senate
V000068,9644,van wyck,william,NY,O,House
V000018,9598,vance,robert,NC,O,House
W000148,9827,ware,nicholas,GA,O,Senate
W000150,9829,warfield,henry,MD,O,House
W000217,9886,wayne,isaac,PA,O,House
W000363,10016,white,david,KY,O,House
W000422,10070,whitman,lemuel,CT,O,House
W000505,10150,williams,isaac,NY,R,House
W000510,10155,williams,jared,VA,O,House
W000540,10182,williams,thomas,MS,O,Senate
W000586,10226,wilson,isaac,NY,R,House
W000727,10357,woods,william,NY,O,House
B000664,881,bouligny,charles,LA,O,Senate
C000553,1873,cobb,thomas,GA,O,Senate
A000042,35,adams,parmenio,NY,O,House
A000089,77,alexander,adam,TN,O,House
A000142,124,allen,robert,TN,O,House
A000157,138,allison,james,PA,O,House
A000313,265,ashley,henry,NY,O,House
B000023,331,badger,luther,NY,O,House
B000212,495,barton,david,MO,O,Senate
B000255,530,baylies,francis,MA,O,House
B000748,959,bradley,william,VT,O,House
C000095,1460,campbell,john,OH,O,House
C000212,1561,cary,george,GA,O,House
C000234,1583,cassedy,george,NJ,O,House
C000284,1629,chambers,henry,AL,O,Senate
C000571,1887,cocke,john,TN,O,House
C000716,2015,cook,daniel,IL,O,House
C000956,2223,crump,george,VA,O,House
D000342,2592,dietz,william,NY,O,House
E000021,2825,eastman,nehemiah,NH,O,House
E000080,2873,edwards,samuel,PA,O,House
E000083,2876,edwards,weldon,NC,O,House
E000223,2995,estil,benjamin,VA,O,House
F000032,3070,farrelly,patrick,PA,O,House
F000120,3144,findlay,john,PA,O,House
F000292,3294,fosdick,nicoll,NY,O,House
G000005,3423,gaillard,john,SC,O,Senate
G000077,3485,garnett,robert,VA,O,House
G000083,3491,garrison,daniel,NJ,O,House
G000227,3620,gist,joseph,SC,O,House
G000346,3727,govan,andrew,SC,O,House
H000250,4111,harris,robert,PA,O,House
H000312,4167,hasbrouck,abraham,NY,O,House
H000387,4229,hayden,moses,NY,O,House
H000509,4335,henry,john,KY,O,House
H000517,4342,henry,robert,KY,O,House
H000538,4362,herrick,ebenezer,ME,O,House
H000634,4446,hines,richard,NC,O,House
H000659,4467,hobart,aaron,MA,O,House
H000932,4709,hugunin,daniel,NY,O,House
H000950,4726,humphrey,charles,NY,O,House
J000095,4924,jennings,david,OH,O,House
J000129,4951,johnson,francis,KY,O,House
J000143,4965,johnson,james,KY,O,House
K000063,5141,kellogg,charles,NY,O,House
K000163,5228,kidder,david,ME,O,House
K000254,5311,kittera,thomas,PA,O,House
K000324,5365,krebs,jacob,PA,O,House
L000112,5491,lathrop,samuel,MA,O,House
L000314,5667,lincoln,enoch,ME,O,House
L000376,5724,lloyd,edward,MD,O,Senate
M000034,5895,macon,nathaniel,NC,O,Senate
M000135,5985,markley,philip,PA,O,House
M000137,5986,marks,william,PA,O,Senate
M000198,6038,martin,robert,MD,O,House
M000562,6348,mcmanus,william,NY,O,House
M000586,6370,mcneill,archibald,NC,O,House
M000625,6403,meech,ezra,VT,O,House
M000651,6424,meriwether,james,GA,O,House
M000737,6490,miller,john,NY,O,House
M000816,6563,mitchell,james,PA,O,House
P000250,7363,peter,george,MD,O,House
P000392,7492,plumer,george,PA,O,House
P000404,7503,poinsett,joel,SC,O,House
P000448,7541,porter,timothy,NY,O,House
P000478,7569,powell,alfred,VA,O,House
R000054,7729,rankin,christopher,MS,O,House
R000447,8069,ross,henry,NY,O,House
R000471,8087,rowan,john,KY,O,Senate
S000046,8206,sands,joshua,NY,O,House
S000176,8302,scott,john,MO,O,House
S000289,8402,shannon,thomas,OH,O,House
S000626,8696,smith,william,VA,O,House
T000097,9228,taylor,robert,VA,O,House
T000125,9254,ten eyck,egbert,NY,O,House
T000227,9348,thomson,alexander,PA,O,House
T000372,9472,trimble,david,KY,O,House
W000356,10010,white,bartow,NY,O,House
W000423,10071,whitmore,elias,NY,O,House
W000482,10127,willey,calvin,CT,O,Senate
W000584,10224,wilson,henry,PA,O,House
W000597,10237,wilson,john,SC,O,House
W000751,10380,worthington,thomas,MD,O,House
W000774,10402,wurts,john,PA,O,House
B000228,509,bateman,ephraim,NJ,O,Senate
H000226,4091,harper,william,SC,O,Senate
P000322,7427,pickens,israel,AL,O,Senate
R000378,8014,rodney,daniel,DE,O,Senate
S000052,8211,sanford,nathan,NY,O,Senate
S000628,8694,smith,william,SC,O,Senate
A000053,45,addams,william,PA,O,House
A000146,128,allen,samuel,MA,O,House
A000231,180,anderson,samuel,PA,O,House
B000090,385,baldwin,john,CT,O,House
B000143,435,barker,david,NH,O,House
B000150,442,barlow,stephen,PA,O,House
B000154,444,barnard,isaac,PA,O,Senate
B000162,451,barney,john,MD,O,House
B000205,489,bartlett,ichabod,NH,O,House
B000224,505,bassett,burwell,VA,O,House
B000231,511,bates,edward,MO,O,House
B000306,576,beecher,philemon,OH,O,House
B000324,591,belden,george,NY,O,House
B000534,775,blake,thomas,IN,O,House
B000803,1008,brent,william,LA,O,House
B000945,1134,brown,titus,NH,O,House
B000988,1173,bryan,john,NC,O,House
B001015,1196,buck,daniel,VT,O,House
B001033,1213,buckner,richard,KY,O,House
B001065,1242,bunner,rudolph,NY,O,House
B001109,1280,burleigh,william,ME,O,House
C000197,1547,carter,john,SC,O,House
C000333,1674,chase,samuel,NY,O,House
C000712,,conway,henry,AR,O,House
C000976,2242,culpepper,john,NC,O,House
D000076,2358,davenport,john,OH,O,House
E000024,2828,eaton,john,TN,O,Senate
E000136,2925,ellis,powhatan,MS,O,Senate
E000237,,evans,david,NY,O,House
F000220,3233,floyd,john,GA,O,House
F000221,3234,floyd,john,VA,O,House
F000289,3291,fort,tomlinson,GA,O,House
G000013,3431,gale,levin,MD,O,House
G000078,3486,garnsey,daniel,NY,O,House
G000085,3493,garrow,nathaniel,NY,O,House
H000022,3910,haile,william,MS,O,House
H000082,3964,hallock,john,NY,O,House
H000110,3991,hamilton,james,SC,O,House
H000425,4263,healy,joseph,NH,O,House
H000662,4470,hobbie,selah,NY,O,House
H000711,4513,holcombe,george,NJ,O,House
J000152,4971,johnson,jeromus,NY,O,House
K000043,5121,keese,richard,NY,O,House
K000329,5367,kremer,george,PA,O,House
L000214,5582,leffler,isaac,VA,O,House
L000354,5704,little,peter,MD,O,House
L000388,5733,locke,john,MA,O,House
L000421,5760,long,john,NC,O,House
M000120,5973,marable,john,TN,O,House
M000131,5982,markell,henry,NY,O,House
M000467,6268,mchatton,robert,KY,O,House
M000495,6289,mckee,john,AL,O,House
M000535,6323,mclane,louis,DE,O,Senate
M000552,6340,mclean,william,OH,O,House
M000665,6438,merwin,orange,CT,O,House
M000791,6544,miner,charles,PA,O,House
M000815,6562,mitchell,james,TN,O,House
M000817,6564,mitchell,john,PA,O,House
M000921,6655,moore,thomas,KY,O,House
M001061,6779,muhlenberg,francis,OH,O,House
N000118,6941,noble,james,IN,O,Senate
O000013,7001,o'brien,jeremiah,ME,O,House
O000003,6994,oakley,thomas,NY,O,House
O000105,7088,orr,robert,PA,O,House
O000150,7130,owen,george,AL,O,House
P000079,7212,parris,albion,ME,O,Senate
P000294,7399,phelps,elisha,CT,O,House
P000375,7475,plant,david,CT,O,House
R000245,7897,ridgely,henry,DE,O,Senate
R000500,8107,ruggles,benjamin,OH,O,Senate
S000089,8237,sawyer,lemuel,NC,O,House
S000268,8385,seymour,horatio,VT,O,Senate
S000449,8545,sinnickson,thomas,NJ,O,House
S000494,8582,sloane,john,OH,O,House
S000609,8678,smith,samuel,MD,O,Senate
S000892,8920,stevenson,james,PA,O,House
S000986,9007,stower,john,NY,O,House
T000003,9146,taber,thomas,NY,O,House
T000051,9188,tattnall,edward,GA,O,House
T000202,9324,thompson,hedge,NJ,O,House
T000396,9495,tucker,ebenezer,NJ,O,House
T000418,9513,turner,daniel,NC,O,House
V000044,9620,van horne,espy,PA,O,House
V000056,9632,van rensselaer,stephen,NY,O,House
W000042,9732,wales,george,VT,O,House
W000250,9915,weems,john,MD,O,House
W000345,9999,whipple,thomas,NH,O,House
W000588,10230,wilson,james,PA,O,House
W000619,10258,wilson,william,OH,O,House
W000697,10327,wood,john,NY,O,House
W000703,10333,wood,silas,NY,O,House
W000712,10342,woodcock,david,NY,O,House
W000724,10355,woods,john,OH,O,House
W000764,10392,wright,john,OH,O,House
Y000057,10458,young,william,KY,O,House
B001117,1287,burnet,jacob,OH,O,Senate
I000028,4814,iredell,james,NC,O,Senate
P000539,7625,prince,oliver,GA,O,Senate
J000005,4843,jackson,andrew,TN,O,Senate
A000167,148,alston,willis,NC,O,House
A000287,239,arnold,benedict,NY,O,House
B000041,344,bailey,john,MA,O,House
B000131,424,barbour,philip,VA,O,House
B000210,493,bartley,mordecai,OH,O,House
B000257,532,baylor,robert,AL,O,House
B000308,578,beekman,thomas,NY,O,House
B000345,611,bell,samuel,NH,O,Senate
B000433,685,bibb,george,KY,O,Senate
B000441,,biddle,john,MI,O,House
B000645,867,borst,peter,NY,O,House
B000912,1105,brown,elias,MD,O,House
B001198,1358,butman,samuel,ME,O,House
C000436,1768,clark,james,KY,R,House
C000620,1933,coleman,nicholas,KY,O,House
C000828,2109,cowles,henry,NY,O,House
C000856,2133,craig,hector,NY,O,House
C000915,2184,crocheron,jacob,NY,O,House
C000946,2213,crowninshield,benjamin,MA,O,House
D000284,2545,de witt,charles,NY,O,House
D000272,2528,desha,robert,TN,O,House
D000308,2561,dickerson,mahlon,NJ,O,Senate
D000322,2574,dickinson,john,NY,O,House
D000437,2674,dorsey,clement,MD,O,House
D000511,2740,dudley,charles,NY,O,Senate
D000512,2741,dudley,edward,NC,O,House
D000579,2797,dwight,henry,MA,O,House
E000002,2809,eager,samuel,NY,O,House
E000011,2817,earll,jonas,NY,O,House
F000117,3141,finch,isaac,NY,O,House
F000146,3166,fisher,george,NY,O,House
F000290,3292,forward,chauncey,PA,O,House
F000373,3365,frelinghuysen,theodore,NJ,O,Senate
F000397,3384,fry,joseph,PA,O,House
G000283,3671,goodenow,john,OH,O,House
G000412,3778,green,innis,PA,O,House
G000529,3880,gurley,henry,LA,O,House
H000088,3970,halsey,jehiel,NY,O,House
H000308,4163,harvey,jonathan,NH,O,House
H000371,4215,hawkins,joseph,NY,O,House
H000398,4237,hayne,robert,SC,O,Senate
H000470,4298,hemphill,joseph,PA,O,House
H000632,4444,hinds,thomas,MS,O,House
H000737,4534,holmes,gabriel,NC,O,House
H000739,4536,holmes,john,ME,O,Senate
I000022,4811,ingham,samuel,PA,O,House
I000043,4828,irwin,thomas,PA,O,House
J000097,4926,jennings,jonathan,IN,O,House
J000112,4937,johns,kensey,DE,O,House
K000186,5248,kincaid,john,KY,O,House
K000209,5268,king,perkins,NY,O,House
L000166,5534,lea,pryor,TN,O,House
L000234,5599,leiper,george,PA,O,House
L000366,5715,livingston,edward,LA,O,Senate
M000047,5907,magee,john,NY,O,House
M000141,5989,marr,alem,PA,O,House
M000202,6042,martin,william,SC,O,House
M000271,6099,maxwell,thomas,NY,O,House
M000386,6199,mccreery,william,PA,O,House
M000550,6338,mclean,john,IL,O,Senate
M000722,6479,miller,daniel,PA,O,House
M000853,6591,monell,robert,NY,O,House
N000146,6966,norton,ebenezer,NY,O,House
O000147,7127,overton,walter,LA,O,House
P000275,7381,pettis,spencer,MO,O,House
P000341,7443,pierson,isaac,NJ,O,House
P000489,7579,powers,gershom,NY,O,House
R000129,7796,reed,thomas,MS,O,Senate
R000226,7881,richardson,joseph,MA,O,House
R000266,7913,ripley,james,ME,O,House
R000439,8062,rose,robert,NY,O,House
S000050,8210,sanford,jonah,NY,O,House
S000175,8303,scott,john,PA,O,House
S000361,8469,shields,james,OH,O,House
S000410,8509,sill,thomas,PA,O,House
S000411,8510,silsbee,nathaniel,MA,O,Senate
S000646,8715,smyth,alexander,VA,O,House
S000721,8781,spencer,ambrose,NY,O,House
S000729,8789,spencer,richard,MD,O,House
S000744,8803,sprague,peleg,ME,O,Senate
S000751,8809,sprigg,michael,MD,O,House
S000867,8897,sterigere,john,PA,O,House
S000976,8997,storrs,henry,NY,O,House
S001010,9029,strong,james,NY,O,House
S001088,9101,swan,samuel,NJ,O,House
T000108,9239,tazewell,littleton,VA,O,Senate
T000138,9266,test,john,IN,O,House
T000365,9466,trezvant,james,VA,O,House
T000382,9482,troup,george,GA,O,Senate
T000402,9500,tucker,starling,SC,O,House
V000073,9649,varnum,john,MA,O,House
W000576,10216,wilson,ephraim,MD,O,House
W000632,10271,wingate,joseph,ME,O,House
W000673,10306,wolf,george,PA,O,House
Y000002,10410,yancey,joel,KY,O,House
A000043,37,adams,robert,MS,O,Senate
B000058,360,baker,david,IL,O,Senate
P000402,7501,poindexter,george,MS,O,Senate
A000026,20,adair,john,KY,O,House
A000099,87,alexander,mark,VA,O,House
A000143,125,allen,robert,VA,O,House
A000159,140,allison,robert,PA,O,House
A000193,171,anderson,john,ME,O,House
A000256,206,angel,william,NY,O,House
A000284,236,armstrong,william,VA,O,House
B000006,316,babcock,william,NY,O,House
B000128,421,barbour,john,VA,O,House
B000194,480,barstow,gamaliel,NY,O,House
B000234,514,bates,james,ME,O,House
B000405,663,bergen,john,NY,O,House
B000423,677,bethune,lauchlin,NC,O,House
B000659,876,bouck,joseph,NY,O,House
B000763,972,branch,john,NC,O,House
B000858,1058,brodhead,john,NH,O,House
B001010,1191,bucher,john,PA,O,House
B001030,1210,buckner,alexander,MO,O,Senate
C000020,1394,cahoon,william,VT,O,House
C000193,1543,carson,samuel,NC,O,House
C000282,1627,chambers,ezekiel,MD,O,Senate
C000294,1637,chandler,thomas,NH,O,House
C000602,1916,coke,richard,VA,O,House
C000631,1943,collier,john,NY,O,House
C000668,1972,condict,lewis,NJ,R,House
C000672,1975,condit,silas,NJ,O,House
C000729,2027,cooke,bates,NY,O,House
C000732,2030,cooke,eleutheros,OH,O,House
C000760,2054,cooper,richard,NJ,O,House
C000893,2163,crawford,thomas,PA,O,House
C000902,2172,creighton,william,OH,R,House
D000011,2305,dallas,george,PA,O,Senate
D000033,2323,daniel,henry,KY,O,House
D000162,2437,dayan,charles,NY,O,House
D000179,2452,dearborn,henry,MA,O,House
D000289,2537,dewart,lewis,PA,O,House
D000391,2637,doddridge,philip,VA,O,House
D000487,2718,draper,joseph,VA,O,House
D000490,2721,drayton,william,SC,O,House
E000248,3014,evans,joshua,PA,O,House
F000119,3143,findlay,james,OH,O,House
F000168,3186,fitzgerald,william,TN,O,House
F000263,3269,ford,james,PA,O,House
F000284,3287,forsyth,john,GA,O,Senate
G000010,3428,gaither,nathan,KY,O,House
G000222,3617,gilmore,john,PA,O,House
H000078,3960,hall,william,TN,O,House
H000137,4016,hammons,joseph,NH,O,House
H000165,4040,hanna,robert,IN,O,Senate
H000494,4320,hendricks,william,IN,O,Senate
H000593,4411,hill,isaac,NH,O,Senate
H000674,4480,hodges,james,MA,O,House
H000688,4492,hoffman,michael,NY,O,House
H000694,4497,hogan,william,NY,O,House
H000715,4516,holland,cornelius,ME,O,House
H000787,4580,horn,henry,PA,O,House
H000928,4706,hughes,thomas,NJ,O,House
H000974,4746,hunt,jonathan,VT,O,House
I000006,4795,ihrie,peter,PA,O,House
I000020,4809,ingersoll,ralph,CT,O,House
I000034,4819,irvin,william,OH,O,House
I000045,4830,isacks,jacob,TN,O,House
J000104,4931,jewett,freeborn,NY,O,House
J000185,5001,johnston,charles,VA,O,House
J000194,5008,johnston,josiah,LA,O,Senate
K000006,5093,kane,elias,IL,O,Senate
K000094,5168,kendall,joseph,MA,O,House
K000192,5252,king,adam,PA,O,House
K000204,5263,king,john,NY,O,House
L000027,5413,lamar,henry,GA,O,House
L000186,5551,lecompte,joseph,KY,O,House
L000242,5608,lent,james,NY,O,House
M000079,5937,mallary,rollin,VT,O,House
M000127,5979,marcy,william,NY,O,Senate
M000269,6097,maxwell,lewis,VA,O,House
M000375,6187,mccoy,robert,PA,O,House
M000377,6189,mccoy,william,VA,O,House
M000755,6509,miller,stephen,SC,O,Senate
M000810,6558,mitchell,george,MD,O,House
M000829,6575,mitchell,thomas,SC,O,House
M000898,6632,moore,gabriel,AL,O,Senate
N000036,6866,nelson,jeremiah,MA,O,House
N000071,6899,newnan,daniel,GA,O,House
N000078,6905,newton,thomas,VA,R,House
N000167,6984,nuckolls,william,SC,O,House
P000201,7317,pendleton,edmund,NY,O,House
P000367,7468,pitcher,nathaniel,NY,O,House
P000467,7558,potter,robert,NC,O,House
R000029,7706,ramsey,william,PA,O,House
R000044,7720,randolph,james,NJ,O,House
R000115,7783,reed,edward,NY,O,House
R000292,7936,roane,john,VA,O,House
R000431,8056,root,erastus,NY,O,House
S000238,8359,semmes,benedict,MD,O,House
S000611,8681,smith,samuel,PA,O,House
S000681,8744,soule,nathan,NY,O,House
S000686,8749,southard,isaac,NJ,O,House
S000788,8831,stanbery,william,OH,O,House
S000859,8890,stephens,philander,PA,O,House
T000091,9222,taylor,john,NY,R,House
T000222,9343,thompson,wiley,GA,O,House
T000300,9411,tomlinson,gideon,CT,O,Senate
T000346,9450,tracy,phineas,NY,O,House
V000089,9663,verplanck,gulian,NY,O,House
W000017,9710,waggaman,george,LA,O,Senate
W000245,9910,weeks,john,NH,O,House
W000334,9988,wheeler,grattan,NY,O,House
W000473,10118,wilkin,samuel,NY,O,House
W000631,,wing,austin,MI,O,House
T000284,9396,tipton,john,IN,D,Senate
B000503,747,black,john,MS,O,Senate
A000038,32,adams,john,NY,O,House
A000132,115,allen,john,VA,O,House
B000125,418,barber,noyes,CT,O,House
B000165,454,barnitz,charles,PA,O,House
B000181,467,barringer,daniel,NC,O,House
B000256,531,baylies,william,MA,O,House
B000285,557,beaty,martin,KY,O,House
B000338,604,bell,james,OH,O,House
B000475,720,binney,horace,PA,O,House
B000526,767,blair,james,SC,O,House
B000528,769,blair,john,TN,O,House
B000585,818,bodle,charles,NY,O,House
B000663,880,bouldin,thomas,VA,O,House
B001046,1226,bull,john,MO,O,House
B001073,1249,burd,george,PA,O,House
B001082,1256,burges,tristam,RI,O,House
C000018,1392,cage,harry,MS,O,House
C000160,1515,carmichael,richard,MD,O,House
C000359,1696,chilton,thomas,KY,O,House
C000362,1699,chinn,joseph,VA,O,House
C000491,1818,clayton,augustin,GA,O,House
C000808,2092,coulter,richard,PA,O,House
C000918,2187,crockett,david,TN,O,House
D000079,2361,davenport,thomas,VA,O,House
D000092,2374,davis,amos,KY,O,House
D000159,2434,day,rowland,NY,O,House
D000226,2486,deming,benjamin,VT,O,House
D000245,2503,dennis,littleton,MD,O,House
D000330,2580,dickson,john,NY,O,House
D000535,2760,duncan,joseph,IL,O,House
E000150,2938,ellsworth,william,CT,O,House
F000064,3094,felder,john,SC,O,House
F000247,3260,foot,samuel,CT,O,House
F000423,3410,fulton,john,VA,O,House
G000148,3550,gholson,james,VA,O,House
G000216,3611,gilmer,george,GA,O,House
G000319,3703,gordon,william,VA,O,House
G000324,3707,gorham,benjamin,MA,O,House
H000072,3956,hall,thomas,NC,O,House
H000089,3971,halsey,nicoll,NY,O,House
H000224,4089,harper,joseph,NH,O,House
H000345,4191,hathaway,samuel,NY,O,House
H000430,4268,heath,james,MD,O,House
H000860,4646,howell,edward,NY,O,House
I000014,4803,inge,william,TN,O,House
J000009,4847,jackson,ebenezer,CT,O,House
J000164,4982,johnson,noadiah,NY,O,House
K000022,5103,kavanagh,edward,ME,O,House
K000125,5194,kent,joseph,MD,O,Senate
K000202,5261,king,henry,PA,O,House
L000131,5508,lawrence,cornelius,NY,O,House
L000183,5547,leavitt,humphrey,OH,O,House
L000257,5622,letcher,robert,KY,O,House
L000455,5791,love,james,KY,O,House
L000541,5863,lyon,chittenden,KY,O,House
L000546,5868,lytle,robert,OH,O,House
M000107,5961,mann,joel,PA,O,House
M000128,5980,mardis,samuel,AL,O,House
M000161,6007,marshall,thomas,KY,O,House
M000204,6044,martindale,henry,NY,O,House
M000479,6277,mcintire,rufus,ME,O,House
M000492,6286,mckean,samuel,PA,D,Senate
M000607,6388,mcvean,charles,NY,O,House
M000793,6546,miner,phineas,CT,O,House
M000813,6560,mitchell,henry,NY,O,House
M000827,6573,mitchell,robert,OH,O,House
M000917,6651,moore,samuel,VA,O,House
M000953,6681,morgan,john,NY,O,House
M000989,6716,morris,thomas,OH,D,Senate
M001097,6812,murphy,john,AL,O,House
N000010,6846,naudain,arnold,DE,O,Senate
O000115,7096,osgood,gayton,MA,O,House
P000343,7445,pierson,job,NY,O,House
P000397,7497,plummer,franklin,MS,O,House
P000433,7527,pope,patrick,KY,O,House
P000436,7530,porter,alexander,LA,O,Senate
R000047,7723,randolph,john,VA,O,House
R000297,7940,robbins,asher,RI,O,Senate
S000233,8354,selden,dudley,NY,O,House
S000334,8443,shepley,ether,ME,O,Senate
S000446,,singleton,thomas,SC,O,House
S000474,8565,slade,charles,IL,O,House
S000594,8670,smith,nathan,CT,O,Senate
S000891,8919,stevenson,andrew,VA,O,House
S000944,8967,stoddert,john,MD,O,House
S001116,9124,swift,benjamin,VT,O,Senate
T000105,9236,taylor,william,VA,O,House
T000181,9306,thomas,philemon,LA,O,House
T000304,9415,tompkins,christopher,KY,O,House
T000442,9535,tweedy,samuel,CT,O,House
V000046,9622,van houten,isaac,NY,O,House
W000195,9868,watmough,john,PA,O,House
W000321,9976,whallon,reuben,NY,O,House
W000432,10079,whittlesey,frederick,NY,O,House
W000460,10105,wilde,richard,GA,O,House
W000574,10214,wilson,edgar,VA,O,House
Y000034,10438,young,ebenezer,CT,O,House
L000232,5597,leigh,benjamin,VA,O,Senate
A000108,95,allan,chilton,KY,O,House
A000263,213,anthony,joseph,PA,O,House
A000305,257,ash,michael,PA,O,House
A000315,268,ashley,william,MO,O,House
B000040,343,bailey,jeremiah,ME,O,House
B000114,407,banks,john,PA,O,House
B000215,497,barton,samuel,NY,O,House
B000277,551,bean,benning,NH,O,House
B000286,558,beaumont,andrew,PA,O,House
B000581,814,bockee,abraham,NY,O,House
B000675,890,bovee,matthias,NY,O,House
B000903,1098,brown,bedford,NC,D,Senate
B000932,1122,brown,john,NY,O,House
B001058,1236,bunch,samuel,TN,O,House
B001129,1298,burns,robert,NH,O,House
C000098,1463,campbell,robert,SC,O,House
C000283,1628,chambers,george,PA,O,House
C000306,1649,chapin,graham,NY,O,House
C000349,1687,chetwood,william,NJ,O,House
C000405,1738,claiborne,nathaniel,VA,O,House
C000453,1784,clark,william,PA,O,House
C000583,1898,coffee,john,GA,O,House
C000867,2142,cramer,john,NY,O,House
C000872,2145,crane,joseph,OH,O,House
D000142,2417,davis,warren,SC,O,House
D000248,2506,denny,harmar,PA,O,House
D000328,2578,dickson,david,MS,O,House
D000444,2681,doubleday,ulysses,NY,O,House
D000544,2769,dunlap,william,TN,O,House
E000086,2878,efner,valentine,NY,O,House
E000283,3043,ewing,william,IL,O,Senate
F000022,3063,farlin,dudley,NY,O,House
F000273,3276,forester,john,TN,O,House
F000327,3328,fowler,samuel,NJ,O,House
F000411,3398,fuller,philo,NY,O,House
F000415,3402,fuller,william,NY,O,House
G000200,3598,gillet,ransom,NY,O,House
G000264,3655,goldsborough,robert,MD,O,Senate
G000404,3772,grayson,william,SC,O,House
H000056,3943,hall,joseph,ME,O,House
H000180,4048,hard,gideon,NY,O,House
H000184,4052,hardin,benjamin,KY,O,House
H000221,4086,harper,james,PA,O,House
H000276,4135,harrison,samuel,PA,O,House
H000360,4205,hawes,albert,KY,O,House
H000416,4254,hazeltine,abner,NY,O,House
H000486,4313,henderson,joseph,PA,O,House
H000575,4395,hiester,william,PA,O,House
H000656,4464,hoar,samuel,MA,O,House
H000861,4647,howell,elias,OH,O,House
H000883,4667,hubbard,henry,NH,D,Senate
H000994,4765,huntington,abel,NY,O,House
H001000,4771,huntsman,adam,TN,O,House
J000028,4865,jackson,william,MA,O,House
J000056,4890,janes,henry,VT,O,House
J000062,4896,jarvis,leonard,ME,O,House
J000170,4988,johnson,richard,KY,O,House
J000212,5024,jones,benjamin,OH,O,House
J000279,5084,judson,andrew,CT,O,House
K000123,5191,kennon,william,OH,O,House
K000207,5266,king,john,GA,D,Senate
K000224,5281,kinnard,george,IN,O,House
K000287,5339,knight,nehemiah,RI,O,Senate
L000057,5439,lane,amos,IN,O,House
L000086,5468,lansing,gerrit,NY,O,House
L000094,5475,laporte,john,PA,O,House
L000150,5526,lay,george,NY,O,House
L000164,5532,lea,luke,TN,O,House
L000193,5557,lee,gideon,NY,O,House
L000197,5561,lee,joshua,NY,O,House
L000205,5569,lee,thomas,NJ,O,House
L000459,5794,love,thomas,NY,O,House
L000488,5819,loyall,george,VA,O,House
L000490,5821,lucas,edward,VA,O,House
M000099,5955,mann,abijah,NY,O,House
M000110,5964,manning,richard,SC,O,House
M000220,6057,mason,john,VA,O,House
M000223,6060,mason,moses,ME,O,House
M000227,6064,mason,william,NY,O,House
M000320,6139,mccarty,johnathan,IN,O,House
M000352,6166,mccomas,william,VA,O,House
M000556,6343,mclene,jeremiah,OH,O,House
M000734,6489,miller,jesse,PA,O,House
M000751,6505,miller,rutger,NY,O,House
P000023,7161,page,sherman,NY,O,House
P000061,7195,parker,james,NJ,O,House
P000074,7207,parks,gorham,ME,O,House
P000132,7258,patterson,william,OH,O,House
P000160,7281,pearce,dutee,RI,O,House
P000167,7287,pearson,john,PA,O,House
P000270,7378,pettigrew,ebenezer,NC,O,House
P000282,7387,peyton,balie,TN,O,House
P000355,7456,pinckney,henry,SC,O,House
R000177,7835,reynolds,joseph,NY,O,House
R000291,7935,roane,john,VA,O,House
R000344,7983,robinson,john,IL,D,Senate
R000502,8109,ruggles,john,ME,D,Senate
S000049,,sanford,john,GA,O,House
S000116,8257,schenck,ferdinand,NJ,O,House
S000130,8266,schley,william,GA,O,House
S000272,8388,seymour,william,NY,O,House
S000331,8441,shepard,william,NC,O,House
S000365,8472,shinn,william,NJ,O,House
S000403,8504,sickles,nicholas,NY,O,House
S000495,8583,sloane,jonathan,OH,O,House
S000699,8762,spangler,david,OH,O,House
S000834,8871,steele,john,MD,O,House
S000971,8991,storer,bellamy,OH,O,House
S001083,9095,sutherland,joel,PA,O,House
T000130,,terrell,james,GA,O,House
T000230,9351,thomson,john,OH,O,House
T000422,9518,turner,james,MD,O,House
T000435,9529,turrill,joel,NY,O,House
W000071,9757,wall,garret,NJ,D,Senate
W000146,9826,wardwell,daniel,NY,O,House
W000179,9856,washington,george,MD,O,House
W000218,9887,wayne,james,GA,O,House
W000358,10012,white,campbell,NY,O,House
W000376,10029,white,hugh,TN,O,Senate
W000383,,white,joseph,FL,O,House
W000463,10108,wildman,zalmon,CT,O,House
D000022,2314,dana,judah,ME,O,Senate
N000085,6912,nicholas,robert,LA,D,Senate
P000019,7157,page,john,NH,O,Senate
P000069,7202,parker,richard,VA,D,Senate
S000719,8779,spence,john,MD,O,Senate
S000992,9012,strange,robert,NC,D,Senate
V000009,9595,van buren,martin,NY,O,Senate
A000095,83,alexander,james,OH,O,House
A000123,106,allen,heman,VT,O,House
A000246,196,andrews,john,NY,D,House
B000311,580,beers,cyrus,NY,D,House
B000437,689,bicknell,bennet,NY,D,House
B000483,728,birdsall,samuel,NY,D,House
B000628,852,boon,ratliff,IN,D,House
B000662,879,bouldin,james,VA,D,House
B000859,1059,brodhead,john,NY,D,House
B000869,1067,bronson,isaac,NY,D,House
B000984,1169,bruyn,andrew,NY,D,House
B001000,1182,buchanan,andrew,PA,D,House
C000043,1417,calhoon,john,KY,O,House
C000061,1431,cambreleng,churchill,NY,D,House
C000202,1551,carter,timothy,ME,D,House
C000285,1630,chambers,john,KY,O,House
C000300,1643,chaney,john,OH,D,House
C000341,1681,cheatham,richard,TN,O,House
C000395,1728,cilley,jonathan,ME,D,House
C000404,1737,claiborne,john,MS,D,House
C000481,1809,clay,clement,AL,D,Senate
C000513,1837,cleveland,jesse,GA,D,House
C000534,1856,clowney,william,SC,O,House
C000587,1902,coffin,charles,OH,O,House
C001021,2282,cushman,samuel,NH,D,House
C001023,2284,cuthbert,alfred,GA,D,Senate
D000056,2340,darlington,edward,PA,O,House
D000193,2466,de graff,john,NY,D,House
D000547,2772,dunn,george,IN,O,House
E000073,2867,edwards,john,NY,D,House
E000277,3038,ewing,john,IN,O,House
F000033,3071,farrington,james,NH,D,House
F000203,3219,fletcher,richard,MA,D,House
F000396,3383,fry,jacob,PA,D,House
G000028,3443,gallup,albert,NY,D,House
G000149,3551,gholson,samuel,MS,D,House
G000230,3623,glascock,thomas,GA,D,House
G000361,3738,graham,william,IN,O,House
G000380,3753,grant,abraham,NY,D,House
G000385,3757,grantland,seaton,GA,D,House
G000397,3766,gray,hiram,NY,D,House
G000451,3812,grennell,george,MA,O,House
H000040,3928,haley,elisha,CT,D,House
H000097,3978,hamer,thomas,OH,D,House
H000210,4076,harlan,james,KY,O,House
H000220,4085,harper,francis,PA,D,House
H000399,4238,haynes,charles,GA,D,House
H000536,4360,herod,william,IN,O,House
H000744,4541,holsey,hopkins,GA,D,House
H000748,4544,holt,orrin,CT,D,House
H000835,4623,howard,benjamin,MD,D,House
H000899,4682,hubley,edward,PA,D,House
H000993,4764,hunter,william,OH,D,House
I000021,4810,ingham,samuel,CT,D,House
J000015,4853,jackson,jabez,GA,D,House
K000174,5238,kilgore,daniel,OH,D,House
K000269,5323,klingensmith,john,PA,D,House
L000129,5506,lawler,joab,AL,O,House
L000220,5588,legare,hugh,SC,D,House
L000338,5689,linn,lewis,MO,D,Senate
L000402,5745,logan,henry,PA,D,House
L000436,5773,loomis,andrew,OH,O,House
L000437,5774,loomis,arphaxed,NY,D,House
L000512,5837,lumpkin,wilson,GA,D,Senate
L000542,5864,lyon,francis,AL,O,House
M000192,6034,martin,joshua,AL,D,House
M000262,6091,maury,abram,TN,O,House
M000277,6105,may,william,IL,D,House
M000516,6307,mckim,isaac,MD,D,House
M000519,6310,mckinley,john,AL,D,Senate
M000638,6412,menefee,richard,KY,O,House
M000767,6521,milligan,john,DE,O,House
M000897,6631,moore,ely,NY,D,House
M000960,6687,morgan,william,VA,D,House
M000984,6711,morris,mathias,PA,O,House
M001050,6770,mouton,alexander,LA,D,Senate
M001065,6783,muhlenberg,henry,PA,D,House
M001110,6822,murray,john,KY,D,House
N000120,6943,noble,william,NY,D,House
N000158,6977,norvell,john,MI,D,Senate
N000165,6982,noyes,joseph,ME,O,House
O000157,7136,owens,george,GA,D,House
P000041,7178,palmer,john,NY,D,House
P000054,7188,parker,amasa,NY,D,House
P000133,7257,patterson,william,NY,O,House
P000140,7265,patton,john,VA,D,House
P000297,7402,phelps,lancelot,CT,D,House
P000312,7417,phillips,stephen,MA,O,House
P000472,7562,potts,"david,",PA,O,House
P000510,7600,prentiss,samuel,VT,O,Senate
P000511,7601,prentiss,seargent,MS,O,House
P000519,7608,preston,william,SC,O,Senate
R000158,7819,reily,luther,PA,D,House
R000224,7879,richardson,john,SC,D,House
R000293,7937,roane,william,VA,D,Senate
R000323,7963,robertson,john,VA,O,House
R000334,7974,robinson,edward,ME,O,House
R000507,8114,rumsey,edward,KY,O,House
S000093,8241,sawyer,samuel,NC,O,House
S000316,8427,sheffer,daniel,PA,D,House
S000333,8442,shepler,matthias,OH,D,House
S000360,8468,shields,ebenezer,TN,O,House
S000399,8501,sibley,mark,NY,O,House
S000531,8614,smith,francis,ME,D,House
S000599,8674,smith,oliver,IN,O,Senate
S000600,8675,smith,perry,CT,D,Senate
S000664,8731,snyder,adam,IL,D,House
S000690,8753,southgate,william,KY,O,House
S000725,8785,spencer,james,NY,D,House
S000789,8832,standifer,james,TN,O,House
S000965,8986,stone,william,TN,O,House
S001032,9051,stuart,archibald,VA,D,House
T000103,9234,taylor,william,NY,D,House
T000288,9400,titus,obadiah,NY,D,House
V000002,9583,vail,henry,NY,D,House
V000030,9606,vanderveer,abraham,NY,D,House
W000241,9906,webster,taylor,OH,D,House
W000247,9912,weeks,joseph,NH,D,House
W000431,10078,whittlesey,elisha,OH,O,House
W000433,10080,whittlesey,thomas,CT,D,House
W000742,10371,word,thomas,MS,O,House
Y000050,10453,young,richard,IL,D,Senate
M000654,6427,merrick,william,MD,O,Senate
T000380,9480,trotter,james,MS,D,Senate
W000539,10181,williams,thomas,MS,D,Senate
A000135,118,allen,john,OH,O,House
A000137,120,allen,judson,NY,D,House
A000168,149,alvord,james,MA,O,House
A000190,168,anderson,hugh,ME,D,House
A000232,181,anderson,simeon,KY,O,House
B000284,556,beatty,william,PA,D,House
B000319,586,beirne,andrew,VA,D,House
B000428,682,betts,thaddeus,CT,O,Senate
B000443,695,biddle,richard,PA,O,House
B000613,842,bond,william,OH,O,House
B000732,944,brackenridge,henry,PA,O,House
B000901,1096,brown,anson,NY,O,House
B001204,1362,bynum,jesse,NC,D,House
C000177,1529,carr,john,IN,D,House
C000188,1539,carroll,james,MD,D,House
C000204,1553,carter,william,TN,O,House
C000318,,chapman,william,IA,D,House
C000363,1700,chinn,thomas,LA,O,House
C000700,2002,connor,henry,NC,D,House
C000766,2060,cooper,william,NJ,D,House
C000847,2124,crabb,george,AL,O,House
C000859,2135,craig,robert,VA,D,House
C000882,2152,crary,isaac,MI,D,House
C000920,2188,crockett,john,TN,O,House
C001009,2270,curtis,edward,NY,O,House
D000068,2350,davee,thomas,ME,D,House
D000088,2370,davies,edward,PA,O,House
D000116,2395,davis,john,PA,D,House
D000205,2475,de la montanya,james,NY,D,House
D000244,2502,dennis,john,MD,O,House
D000309,2562,dickerson,philemon,NJ,D,House
D000376,2622,dixon,nathan,RI,O,Senate
D000398,2644,doe,nicholas,NY,O,House
D000472,,downing,charles,FL,O,House
E000012,2818,earll,nehemiah,NY,D,House
E000166,2954,ely,john,NY,D,House
F000125,3148,fine,john,NY,D,House
F000144,3164,fisher,charles,NC,D,House
F000201,3217,fletcher,isaac,VT,D,House
G000011,3429,galbraith,john,PA,D,House
G000067,3477,garland,james,VA,O,House
G000070,3479,garland,rice,LA,O,House
G000392,3761,graves,william,KY,O,House
G000462,3821,griffin,john,SC,D,House
G000479,3838,grinnell,moses,NY,O,House
G000509,3865,grundy,felix,TN,D,Senate
H000132,4011,hammond,robert,PA,D,House
H000152,4029,hand,augustus,NY,D,House
H000261,4122,harrison,albert,MO,D,House
H000363,4208,hawes,richard,KY,O,House
H000373,4217,hawkins,micajah,NC,D,House
H000482,4309,henderson,john,MS,O,Senate
H000594,4412,hill,john,NC,D,House
H000595,4413,hill,john,VA,O,House
H000617,4432,hillen solomon,solomon,MD,D,House
H000687,4491,hoffman,josiah,NY,O,House
H000721,4521,holleman,joel,VA,D,House
H000745,4542,holt,hines,GA,O,House
H000844,4631,howard,tilghman,IN,D,House
J000027,4864,jackson,thomas,NY,D,House
J000078,4910,jenifer,daniel,MD,O,House
J000184,5000,johnston,charles,NY,O,House
J000243,5053,jones,nathaniel,NY,D,House
K000084,5160,kemble,gouverneur,NY,D,House
K000087,5162,kempshall,thomas,NY,O,House
K000178,5242,kille,joseph,NJ,D,House
L000130,5507,lawrence,abbott,MA,O,House
L000172,5538,leadbetter,daniel,OH,D,House
L000211,5575,leet,isaac,PA,D,House
L000249,5614,leonard,stephen,NY,D,House
M000081,5939,mallory,meredith,NY,D,House
M000211,6049,marvin,richard,NY,O,House
M000322,6141,mccarty,william,VA,O,House
M000345,6162,mcclure,charles,PA,D,House
M000389,6200,mcculloch,george,PA,D,House
M000642,6415,mercer,charles,VA,O,House
M000806,6555,mitchell,charles,NY,O,House
M000856,6595,monroe,james,NY,O,House
M000874,6609,montgomery,william,NC,D,House
M000987,6714,morris,samuel,PA,D,House
N000011,6847,naylor,charles,PA,O,House
P000032,7170,palen,rufus,NY,O,House
P000081,7213,parris,virgil,ME,D,House
P000155,7275,paynter,lemuel,PA,D,House
P000179,7297,peck,luther,NY,O,House
P000267,7375,petrikin,david,PA,D,House
P000469,7560,potter,william,PA,D,House
P000509,7599,prentiss,john,NY,D,House
R000030,7707,ramsey,william,PA,D,House
R000066,7740,rariden,james,IN,O,House
R000121,7789,reed,john,MA,O,House
R000265,7912,ripley,eleazar,LA,D,House
R000284,7928,rives,francis,VA,D,House
R000353,7991,robinson,thomas,DE,D,House
R000393,8025,rogers,edward,NY,D,House
R000524,8127,russell,david,NY,O,House
R000554,8154,ryall,daniel,NJ,D,House
S000028,8192,samuels,green,VA,D,House
S000329,8439,shepard,charles,NC,D,House
S000513,8599,smith,albert,ME,D,House
S000565,8648,smith,john,VT,D,House
S000689,8752,southard,samuel,NJ,O,Senate
S000977,8998,storrs,william,CT,O,House
S001020,9039,strong,theron,NY,D,House
S001099,9111,swearingen,henry,OH,D,House
T000032,9172,tallmadge,nathaniel,NY,O,Senate
T000039,9177,tappan,benjamin,OH,D,Senate
T000092,9223,taylor,jonathan,OH,D,House
T000221,9342,thompson,waddy,SC,O,House
V000028,9605,vanderpoel,aaron,NY,D,House
V000123,9692,vroom,peter,NJ,D,House
W000016,9709,wagener,david,PA,D,House
W000020,9712,wagner,peter,NY,O,House
W000532,10174,williams,reuel,ME,D,Senate
W000536,10178,williams,sherrod,KY,O,House
W000748,10377,worthington,john,MD,D,House
A000181,160,anderson,alexander,TN,D,Senate
G000362,3739,graham,william,NC,O,Senate
P000437,7531,porter,augustus,MI,O,Senate
H000279,4138,harrison,william,OH,O,Senate
T000450,9542,tyler,john,VA,O,Senate
A000104,91,alford,julius,GA,O,House
A000120,105,allen,elisha,ME,O,House
A000247,197,andrews,landaff,KY,O,House
A000249,199,andrews,sherlock,OH,O,House
A000269,219,appleton,nathan,MA,O,House
A000275,225,archer,william,VA,O,Senate
A000297,249,arnold,thomas,TN,O,House
A000350,305,aycrigg,john,NJ,O,House
B000003,313,babcock,alfred,NY,O,House
B000115,408,banks,linn,VA,D,House
B000183,469,barrow,alexander,LA,O,Senate
B000214,496,barton,richard,VA,O,House
B000233,513,bates,isaac,MA,O,Senate
B000251,527,bayard,richard,DE,O,Senate
B000313,582,beeson,henry,PA,D,House
B000484,729,birdseye,victory,NY,O,House
B000498,742,black,henry,PA,O,House
B000522,763,blair,bernard,NY,O,House
B000578,811,boardman,william,CT,O,House
B000636,860,borden,nathaniel,MA,O,House
B000708,922,bowne,samuel,NY,D,House
B000814,1019,brewster,david,NY,D,House
B000830,1033,briggs,george,MA,O,House
B000854,1054,brockway,john,CT,O,House
B000868,1066,bronson,david,ME,O,House
B001189,1349,butler,sampson,SC,D,House
B001195,1355,butler,william,SC,O,House
B001197,1357,butler,william,KY,D,House
C000032,1406,caldwell,greene,NC,D,House
C000039,1413,caldwell,patrick,SC,D,House
C000046,1420,calhoun,william,MA,O,House
C000101,1465,campbell,thomas,TN,O,House
C000209,1558,caruthers,robert,TN,O,House
C000213,1562,cary,george,VA,D,House
C000230,1579,casey,zadok,IL,O,House
C000355,1693,childs,timothy,NY,O,House
C000374,1710,chittenden,thomas,NY,O,House
C000375,1711,choate,rufus,MA,O,Senate
C000443,1775,clark,john,NY,O,House
C000471,1801,clarke,staley,NY,O,House
C000499,1825,clayton,thomas,DE,O,Senate
C000518,1841,clifford,nathan,ME,D,House
C000821,2103,cowen,benjamin,OH,O,House
C000884,2154,cravens,james,IN,O,House
C000890,2160,crawford,george,GA,O,House
C001016,2277,cushing,caleb,MA,O,House
D000352,2602,dimock,davis,PA,D,House
D000380,2627,doan,william,OH,D,House
D000400,2645,doig,andrew,NY,D,House
E000020,2824,eastman,ira,NH,D,House
E000074,2868,edwards,john,PA,O,House
E000076,2870,edwards,john,MO,D,House
E000088,2880,egbert,joseph,NY,D,House
E000241,3007,evans,george,ME,O,Senate
E000265,3027,everett,horace,VT,O,House
F000090,3118,ferris,charles,NY,D,House
F000219,3232,floyd,charles,NY,D,House
F000276,3279,fornance,joseph,PA,D,House
F000296,3298,foster,a.,NY,O,House
F000314,3316,foster,thomas,GA,O,House
F000425,3411,fulton,william,AR,D,Senate
G000033,3448,gamble,roger,GA,O,House
G000097,3505,gates,seth,NY,O,House
G000140,3543,gerry,james,PA,D,House
G000278,3667,goode,patrick,OH,O,House
G000376,3750,granger,francis,NY,O,House
G000449,3811,greig,john,NY,O,House
G000533,3883,gustine,amos,PA,D,House
H000003,3893,habersham,richard,GA,O,House
H000052,3939,hall,hiland,VT,O,House
H000092,3974,halstead,william,NJ,O,House
H000257,4118,harris,william,VA,D,House
H000328,4179,hastings,john,OH,D,House
H000332,4182,hastings,william,MA,O,House
H000407,4246,hays,samuel,VA,D,House
H000518,4343,henry,thomas,PA,O,House
H000756,4551,hook,enos,PA,D,House
H000810,4599,houck,jacob,NY,D,House
H000970,4743,hunt,hiram,NY,O,House
I000044,4829,irwin,william,PA,O,House
J000002,4840,jack,william,PA,D,House
J000049,4883,james,francis,PA,O,House
J000180,4996,johnson,william,MD,O,House
J000226,5037,jones,isaac,MD,O,House
K000050,5128,keim,george,PA,D,House
K000139,5209,kerr,john,MD,O,Senate
L000137,5514,lawrence,joseph,PA,O,House
L000315,5669,lincoln,levi,MA,O,House
L000335,5686,linn,archibald,NY,O,House
L000476,5811,lowell,joshua,ME,D,House
M000080,5938,mallory,francis,VA,O,House
M000123,5975,marchand,albert,PA,D,House
M000150,5996,marshall,alfred,ME,D,House
M000162,6008,marshall,thomas,KY,O,House
M000219,6056,mason,john,MD,D,House
M000225,6062,mason,samson,OH,O,House
M000243,6077,mathiot,joshua,OH,O,House
M000258,6088,mattocks,john,VT,O,House
M000268,6096,maxwell,john,NJ,O,House
M000285,6113,maynard,john,NY,O,House
M000328,6147,mcclellan,abraham,TN,D,House
M000333,6152,mcclellan,robert,NY,D,House
M000501,6295,mckennan,thomas,PA,O,House
M000509,6302,mckeon,john,NY,D,House
M000599,6381,mcroberts,samuel,IL,D,Senate
M000624,6402,medill,william,OH,D,House
M000652,6425,meriwether,james,GA,O,House
M000735,6491,miller,john,MO,D,House
M000804,6553,mitchell,anderson,NC,O,House
M000938,6666,morehead,james,KY,O,Senate
M000945,6673,morgan,christopher,NY,O,House
M000973,6700,morris,calvary,OH,O,House
M001003,6728,morrow,jeremiah,OH,O,House
N000068,6896,newhard,peter,PA,D,House
N000111,6934,nisbet,eugenius,GA,O,House
O000047,7035,ogle,charles,PA,O,House
O000078,7065,oliver,william,NY,D,House
O000114,7095,osborne,thomas,CT,O,House
O000162,7140,owsley,bryan,KY,O,House
P000093,7225,partridge,samuel,NY,D,House
P000208,7323,pendleton,nathanael,OH,O,House
P000321,7426,pickens,francis,SC,D,House
P000391,7491,plumer,arnold,PA,D,House
P000431,7525,pope,john,KY,O,House
P000479,7570,powell,cuthbert,VA,O,House
P000548,7633,proffit,george,IN,O,House
R000028,7705,ramsey,robert,PA,O,House
R000034,7710,randall,alexander,MD,O,House
R000035,7711,randall,benjamin,ME,O,House
R000048,7724,randolph,joseph,NJ,O,House
R000162,7822,rencher,abraham,NC,O,House
R000174,7832,reynolds,john,IL,D,House
R000247,7899,ridgway,joseph,OH,O,House
R000255,7905,riggs,lewis,NY,D,House
R000285,7929,rives,william,VA,O,Senate
R000396,8027,rogers,james,SC,D,House
R000427,8052,roosevelt,james,NY,D,House
R000527,8129,russell,james,PA,O,House
R000540,8142,russell,william,OH,O,House
S000020,8184,saltonstall,leverett,MA,O,House
S000048,8207,sanford,john,NY,D,House
S000246,8365,sergeant,john,PA,O,House
S000258,8375,sewall,charles,MD,D,House
S000311,8422,shaw,tristram,NH,D,House
S000359,8467,shields,benjamin,AL,D,House
S000427,8525,simonton,william,PA,O,House
S000475,8566,slade,william,VT,O,House
S000667,8734,snyder,john,PA,D,House
S000750,8808,sprigg,james,KY,O,House
S000945,8968,stokely,samuel,OH,O,House
S000993,9013,stratton,charles,NJ,O,House
S001030,9049,stuart,alexander,VA,O,House
S001074,9089,sumter,thomas,SC,D,House
S001105,9115,sweeny,george,OH,D,House
T000027,9167,taliaferro,john,VA,O,House
T000272,9384,tillinghast,joseph,RI,O,House
T000296,9407,toland,george,PA,O,House
T000301,9412,tomlinson,thomas,NY,O,House
T000378,9478,triplett,philip,KY,O,House
T000381,9481,trotti,samuel,SC,D,House
T000391,9491,trumbull,joseph,CT,O,House
V000015,9594,van buren,john,NY,D,House
V000052,9628,van rensselaer,henry,NY,O,House
W000067,9753,walker,robert,MS,D,Senate
W000076,9762,wallace,david,IN,O,House
W000125,9806,ward,aaron,NY,D,House
W000167,9845,warren,lott,GA,O,House
W000182,9858,washington,william,NC,O,House
W000208,9879,watterson,harvey,TN,D,House
W000306,9964,westbrook,john,PA,D,House
W000365,10018,white,edward,LA,O,House
W000382,10035,white,joseph,IN,O,House
W000509,10154,williams,james,MD,D,House
W000524,10168,williams,joseph,TN,O,House
W000527,10170,williams,lewis,NC,O,House
W000543,10185,williams,thomas,CT,O,House
W000709,10339,woodbridge,william,MI,O,Senate
W000711,10341,woodbury,levi,NH,D,Senate
Y000023,10430,yorke,thomas,NJ,O,House
Y000029,10435,young,augustus,VT,O,House
Y000042,10445,young,john,NY,O,House
C000851,2128,crafts,samuel,VT,O,Senate
M000426,6232,mcduffie,george,SC,D,Senate
S000746,8805,sprague,william,RI,O,Senate
W000458,10103,wilcox,leonard,NH,D,Senate
A000150,130,allen,william,OH,D,Senate
A000302,254,arrington,archibald,NC,D,House
A000308,260,ashe,john,TN,O,House
B000030,334,bagby,arthur,AL,D,Senate
B000071,370,baker,osmyn,MA,O,House
B000152,443,barnard,daniel,NY,O,House
B000281,553,beardsley,samuel,NY,D,House
B000354,619,belser,james,AL,D,House
B000445,696,bidlack,benjamin,PA,D,House
B000494,738,black,edward,GA,D,House
B000516,759,blackwell,julius,TN,D,House
B000651,871,bossier,pierre,LA,D,House
B000687,901,bower,gustavus,MO,D,House
B000793,999,breese,sidney,IL,D,Senate
B000797,1003,brengle,francis,MD,O,House
B000837,1040,brinkerhoff,henry,OH,D,House
B000899,1094,brown,aaron,TN,D,House
B000925,1115,brown,jeremiah,PA,O,House
B001088,1262,burke,edmund,NH,D,House
B001114,1284,burnell,barker,MA,O,House
C000090,1456,campbell,john,SC,D,House
C000169,1522,carpenter,levi,NY,D,House
C000215,1564,cary,jeremiah,NY,D,House
C000217,1566,cary,shepard,ME,D,House
C000251,1599,catlin,george,CT,D,House
C000258,1606,causin,john,MD,O,House
C000319,1661,chappell,absalom,GA,O,House
C000358,1695,chilton,samuel,VA,O,House
C000520,1843,clinch,duncan,GA,O,House
C000528,1850,clinton,james,NY,D,House
C000625,1937,coles,walter,VA,D,House
C000648,1954,colquitt,walter,GA,D,Senate
C000759,2053,cooper,mark,GA,D,House
C000930,2197,cross,edward,AR,D,House
D000020,2312,dana,amasa,NY,D,House
D000128,2405,davis,richard,NY,D,House
D000171,2444,dean,ezra,OH,D,House
D000221,2485,dellet,james,AL,O,House
D000318,2570,dickinson,david,TN,O,House
D000528,2756,duncan,alexander,OH,D,House
E000131,2920,ellis,chesselden,NY,D,House
E000156,2944,elmer,lucius,NJ,D,House
F000017,3058,farlee,isaac,NJ,D,House
F000213,3228,florence,elias,OH,O,House
F000302,3304,foster,ephraim,TN,O,Senate
F000383,3373,frick,henry,PA,O,House
F000409,3395,fuller,george,PA,D,House
G000218,3613,gilmer,thomas,VA,D,House
G000406,3774,green,byram,NY,D,House
G000423,3787,green,willis,KY,O,House
H000120,4000,hamlin,edward,OH,O,House
H000125,4004,hammett,william,MS,D,House
H000167,4041,hannegan,edward,IN,D,Senate
H000185,4053,hardin,john,IL,O,House
H000406,4245,hays,samuel,PA,D,House
H000411,4250,haywood,william,NC,D,Senate
H000539,4363,herrick,joshua,ME,D,House
H000895,4679,hubbell,william,NY,D,House
H000917,4696,huger,daniel,SC,D,Senate
H000927,4705,hughes,james,MO,D,House
I000033,4818,irvin,james,PA,O,House
J000059,4893,jarnagin,spencer,TN,O,Senate
J000092,4921,jenks,michael,PA,O,House
J000122,4945,johnson,cave,TN,D,House
J000167,4985,johnson,perley,OH,O,House
J000240,5049,jones,john,VA,D,House
K000109,5182,kennedy,john,MD,O,House
K000236,5293,kirkpatrick,littleton,NJ,D,House
L000001,5389,la branche,alcee,LA,D,House
L000029,,lamar,john,GA,D,House
L000248,5613,leonard,moses,NY,D,House
L000494,5824,lucas,william,VA,D,House
L000544,5866,lyon,lucius,MI,D,House
M000237,6073,mathews,james,OH,D,House
M000323,6142,mccauslen,william,OH,D,House
M000713,6473,millen,john,GA,D,House
M000899,6633,moore,heman,OH,D,House
N000080,6908,newton,willoughby,VA,O,House
N000108,6931,niles,john,CT,D,Senate
P000076,7209,parmenter,william,MA,D,House
P000129,7254,patterson,thomas,NY,O,House
P000462,7554,potter,elisha,RI,O,House
P000507,7597,pratt,zadock,NY,D,House
P000515,7604,preston,jacob,MD,O,House
P000571,7653,purdy,smith,NY,D,House
R000087,7758,rayner,kenneth,NC,O,House
R000090,7761,read,almon,PA,D,House
R000106,7776,reding,john,NH,D,House
R000110,7778,reed,charles,PA,O,House
R000351,7990,robinson,orville,NY,D,House
R000379,8015,rodney,george,DE,O,House
R000390,8022,rogers,charles,NY,O,House
R000528,8130,russell,jeremiah,NY,D,House
S000024,8188,sample,samuel,IN,O,House
S000078,8228,saunders,romulus,NC,D,House
S000239,8360,semple,james,IL,D,Senate
S000245,8364,senter,william,TN,O,House
S000256,8373,sevier,ambrose,AR,D,Senate
S000271,8387,seymour,thomas,CT,D,House
S000425,8523,simons,samuel,CT,D,House
S000576,8657,smith,john,PA,D,House
S000720,8780,spence,thomas,MD,O,House
S000843,8878,steenrod,lewis,VA,D,House
S000874,8904,stetson,lemuel,NY,D,House
S000913,8939,stewart,john,CT,D,House
S000925,8951,stiles,william,GA,D,House
S000952,8974,stone,alfred,OH,D,House
S001016,9035,strong,selah,NY,D,House
S001066,9081,summers,george,VA,O,House
T000404,9502,tucker,tilghman,MS,D,House
T000447,9539,tyler,asher,NY,O,House
V000048,9624,vanmeter,john,OH,O,House
W000311,9969,wethered,john,MD,O,House
W000357,10011,white,benjamin,ME,D,House
W000380,10033,white,john,KY,O,House
W000475,10120,wilkins,william,PA,D,House
W000503,10148,williams,henry,MA,D,House
W000649,10286,wise,henry,VA,D,House
W000770,10398,wright,silas,NY,D,Senate
D000317,2569,dickinson,daniel,NY,D,Senate
F000304,3306,foster,henry,NY,D,Senate
F000336,3335,francis,john,RI,O,Senate
J000137,4959,johnson,henry,LA,O,Senate
P000409,7507,polk,james,TN,D,House
A000198,175,anderson,joseph,NY,D,House
A000291,243,arnold,lemuel,RI,O,House
B000343,609,bell,joshua,KY,O,House
B000394,654,benton,charles,NY,D,House
B000500,744,black,james,PA,D,House
B000838,1041,brinkerhoff,jacob,OH,D,House
B000852,1052,brockenbrough,william,FL,D,House
B000938,1128,brown,milton,TN,O,House
B001041,1219,buffington,joseph,PA,O,House
C000093,1458,campbell,john,PA,O,House
C000105,1469,campbell,william,NY,O,House
C000186,1537,carroll,charles,NY,O,House
C000273,1618,chalmers,joseph,MS,D,Senate
C000308,1651,chapman,augustus,VA,D,House
C000316,1658,chapman,reuben,AL,D,House
C000368,1705,chipman,john,MI,D,House
C000434,1766,clark,henry,NC,D,House
C000632,1944,collin,john,NY,D,House
C000708,2008,constable,albert,MD,D,House
C000803,2088,cottrell,james,AL,D,House
C000878,2149,cranston,henry,RI,O,House
C000972,2238,cullom,alvan,TN,D,House
C000978,2244,culver,erastus,NY,O,House
C000990,2254,cunningham,francis,OH,D,House
D000052,2336,dargan,edmund,AL,D,House
D000061,2345,darragh,cornelius,PA,O,House
D000120,2399,davis,john,IN,D,House
D000152,2427,dawson,john,LA,D,House
D000166,2441,dayton,william,NJ,O,Senate
D000223,2488,de mott,john,NY,D,House
D000346,2596,dillingham,paul,VT,D,House
D000365,2614,dix,john,NY,D,Senate
D000381,2628,dobbin,james,NC,D,House
D000543,2768,dunlap,robert,ME,D,House
E000116,2905,ellett,henry,MS,D,House
E000149,2937,ellsworth,samuel,NY,D,House
E000200,2979,erdman,jacob,PA,D,House
E000276,3037,ewing,edwin,TN,O,House
E000278,3039,ewing,john,PA,O,House
F000006,3049,fairfield,john,ME,D,Senate
G000089,3497,garvin,william,PA,D,House
G000184,3583,giles,william,MD,D,House
G000315,3699,gordon,samuel,NY,D,House
G000355,3733,graham,james,NC,O,House
G000424,3788,greene,albert,RI,O,Senate
G000506,3862,grover,martin,NY,D,House
H000330,4180,hastings,serranus,IA,D,House
H000507,4334,henry,john,IL,O,House
H000541,4365,herrick,richard,NY,O,House
H000697,4500,hoge,joseph,IL,D,House
H000812,4601,hough,william,NY,D,House
H000876,4661,hubard,edmund,VA,D,House
H000968,4741,hungerford,orville,NY,D,House
H000971,4744,hunt,james,MI,D,House
H000997,4768,huntington,jabez,CT,O,Senate
J000094,4923,jenness,benning,NH,D,Senate
J000155,4974,johnson,joseph,VA,D,House
J000252,5062,jones,seaborn,GA,D,House
K000102,5176,kennedy,andrew,IN,D,House
L000136,5513,lawrence,john,NY,D,House
L000230,5595,leib,owen,PA,D,House
L000270,5629,lewis,abner,NY,O,House
L000414,5755,long,edward,MD,O,House
M000168,6014,martin,barclay,TN,D,House
M000189,6031,martin,john,KY,D,House
M000196,,martin,morgan,WI,D,House
M000325,6144,mcclean,moses,PA,D,House
M000356,6168,mcconnell,felix,AL,D,House
M000380,6192,mccrate,john,ME,D,House
M000400,6209,mcdaniel,william,MO,D,House
M000425,6231,mcdowell,joseph,OH,D,House
M000471,6272,mchenry,john,KY,O,House
M000765,6519,miller,william,NY,O,House
M000980,6707,morris,joseph,OH,D,House
M001024,6747,moseley,william,NY,O,House
M001046,6766,moulton,mace,NH,D,House
N000077,6906,newton,thomas,AR,O,House
N000112,6935,niven,archibald,NY,D,House
O000152,7132,owen,robert,IN,D,House
P000082,7214,parrish,isaac,OH,D,House
P000154,7274,payne,william,AL,D,House
P000216,7331,pennybacker,isaac,VA,D,Senate
P000240,7353,perrill,augustus,OH,D,House
P000245,7358,perry,thomas,MD,D,House
P000283,7388,peyton,joseph,TN,O,House
P000531,7617,price,sterling,MO,D,House
R000069,7742,rathbun,george,NY,D,House
R000160,7820,relfe,james,MO,D,House
R000267,7914,ripley,thomas,NY,O,House
R000278,7923,ritter,john,PA,D,House
R000315,7955,roberts,robert,MS,D,House
R000509,8115,runk,john,NJ,O,House
S000104,8249,scamman,john,ME,D,House
S000208,8332,seaman,henry,NY,O,House
S000255,8372,severance,luther,ME,O,House
S000440,8536,sims,leonard,MO,D,House
S000512,8600,smith,albert,NY,O,House
S000615,8687,smith,thomas,IN,D,House
S000715,8777,speight,jesse,MS,D,Senate
S000767,8180,st. john,henry,OH,D,House
S000813,8852,starkweather,david,OH,D,House
S001018,9037,strong,stephen,NY,D,House
S001046,9061,sturgeon,daniel,PA,D,Senate
S001131,9138,sykes,george,NJ,D,House
T000104,9235,taylor,william,VA,D,House
T000190,9313,thomasson,william,KY,O,House
T000261,9375,tibbatts,john,KY,D,House
T000270,9382,tilden,daniel,OH,O,House
T000327,9431,towns,george,GA,D,House
T000360,9462,tredway,william,VA,D,House
T000388,9488,trumbo,andrew,KY,O,House
T000430,9524,turney,hopkins,TN,D,Senate
V000017,9597,vance,joseph,OH,O,House
W000238,9903,webster,daniel,MA,O,Senate
W000308,9966,westcott,james,FL,D,Senate
W000328,9982,wheaton,horace,NY,D,House
W000692,10322,wood,bradford,NY,D,House
W000719,10349,woodruff,thomas,NY,O,House
W000736,10366,woodworth,william,NY,D,House
W000769,10397,wright,samuel,NJ,O,House
Y000003,10411,yancey,william,AL,D,House
Y000017,10424,yell,archibald,AR,D,House
Y000026,10433,yost,jacob,PA,D,House
Y000030,10436,young,bryan,KY,O,House
C000396,1729,cilley,joseph,NH,O,Senate
A000004,3,abbott,amos,MA,O,House
A000041,34,adams,john,MA,O,House
A000311,263,ashley,chester,AR,D,Senate
A000328,283,atkinson,archibald,VA,D,House
B000096,391,baldwin,roger,CT,O,Senate
B000182,468,barringer,daniel,NC,O,House
B000185,471,barrow,washington,TN,O,House
B000302,572,bedinger,henry,VA,D,House
B000321,588,belcher,hiram,ME,O,House
B000413,669,berrien,john,GA,O,Senate
B000480,725,birdsall,ausburn,NY,D,House
B000501,745,black,james,SC,D,House
B000513,756,blackmar,esbon,NY,O,House
B000539,779,blanchard,john,PA,O,House
B000655,874,botts,john,VA,O,House
B000734,946,bradbury,james,ME,D,Senate
B000741,952,bradley,edward,MI,D,House
B000754,965,brady,jasper,PA,O,House
B000906,1101,brown,charles,PA,D,House
B001032,1211,buckner,aylette,KY,O,House
C000044,1418,calhoun,john,SC,D,Senate
C000108,1471,canby,richard,OH,O,House
C000314,1656,chapman,john,MD,O,House
C000330,1670,chase,lucien,TN,D,House
C000413,1745,clapp,asa,ME,D,House
C000432,1764,clark,franklin,ME,D,House
C000458,1789,clarke,beverly,KY,D,House
C000466,1796,clarke,john,RI,O,Senate
C000573,1889,cocke,william,TN,O,House
C000644,1951,collins,william,NY,D,House
C000879,2150,cranston,robert,RI,O,House
C000951,2218,crozier,john,TN,O,House
C000989,2253,cummins,john,OH,D,House
D000054,2338,darling,mason,WI,D,House
D000117,2394,davis,john,MA,O,Senate
D000314,2566,dickey,john,PA,O,House
D000415,2657,donnell,richard,NC,O,House
D000476,2708,downs,solomon,LA,D,Senate
D000504,2733,dromgoole,george,VA,D,House
D000529,2757,duncan,daniel,OH,O,House
D000527,2763,duncan,william,KY,O,House
E000034,2836,eckert,george,PA,O,House
E000059,2858,edsall,joseph,NJ,D,House
E000082,2875,edwards,thomas,OH,O,House
E000169,2957,embree,elisha,IN,O,House
F000014,3055,faran,james,OH,D,House
F000031,3069,farrelly,john,PA,O,House
F000063,3093,felch,alpheus,MI,D,Senate
F000145,3165,fisher,david,OH,O,House
F000216,3230,flournoy,thomas,VA,O,House
F000251,3259,foote,henry,MS,D,Senate
F000379,3371,french,richard,KY,D,House
F000386,3376,fries,george,OH,D,House
F000419,3406,fulton,andrew,VA,O,House
G000006,3424,gaines,john,KY,O,House
G000106,3513,gayle,john,AL,O,House
G000256,3647,goggin,william,VA,O,House
G000405,3773,greeley,horace,NY,O,House
G000446,3808,gregory,dudley,NJ,O,House
H000028,3916,hale,artemas,MA,O,House
H000062,3948,hall,nathan,NY,O,House
H000136,4015,hammons,david,ME,D,House
H000138,4017,hampton,james,NJ,O,House
H000320,4174,haskell,william,TN,O,House
H000499,4325,henley,thomas,IN,D,House
H000592,4410,hill,hugh,TN,D,House
H000723,4522,holley,john,NY,O,House
H000736,4533,holmes,elias,NY,O,House
H000790,4581,hornbeck,john,PA,O,House
H000889,4673,hubbard,samuel,CT,O,House
H000907,4687,hudson,charles,MA,O,House
H000978,4750,hunt,washington,NY,O,House
I000015,4804,ingersoll,charles,PA,D,House
I000019,4808,ingersoll,joseph,PA,O,House
I000032,4817,irvin,alexander,PA,O,House
J000007,4845,jackson,david,NY,D,House
J000054,4888,jameson,john,MO,D,House
J000146,4968,johnson,james,NH,D,House
J000239,5048,jones,john,GA,O,House
K000122,5192,kennon,william,OH,D,House
L000021,5407,lahm,samuel,OH,D,House
L000139,5516,lawrence,sidney,NY,D,House
L000142,5519,lawrence,william,NY,O,House
L000278,5635,lewis,dixon,AL,D,Senate
L000307,5660,ligon,thomas,MD,D,House
L000440,5777,lord,frederick,NY,D,House
M000096,5952,mangum,willie,NC,O,Senate
M000208,6046,marvin,dudley,NY,O,House
M000334,6153,mcclelland,robert,MI,D,House
M000474,6273,mcilvaine,abraham,PA,O,House
M000489,6284,mckay,james,NC,D,House
M000731,6486,miller,jacob,NJ,O,Senate
M001072,6790,mullin,joseph,NY,O,House
M001093,6808,murphy,henry,NY,D,House
N000103,6927,nicoll,henry,NY,D,House
P000033,7171,palfrey,john,MA,O,House
P000206,7322,pendleton,john,VA,O,House
P000266,7374,petrie,george,NY,O,House
P000353,7454,pilsbury,timothy,TX,D,House
P000416,7513,pollock,james,PA,O,House
P000518,7607,preston,william,VA,O,House
R000364,8000,rockhill,william,IN,D,House
R000367,8003,rockwell,john,CT,O,House
R000414,8044,roman,james,MD,O,House
S000095,8242,sawyer,william,OH,D,House
S000351,8459,sherrill,eliakim,NY,O,House
S000435,8531,simpson,richard,SC,D,House
S000438,8534,sims,alexander,SC,D,House
S000488,8576,slingerland,john,NY,O,House
S000519,8604,smith,caleb,IN,O,House
S000760,8818,spruance,presley,DE,O,Senate
S000766,8179,st. john,daniel,NY,O,House
S000814,8853,starkweather,george,NY,D,House
S000899,8927,stewart,andrew,PA,O,House
S001008,9027,strohm,john,PA,O,House
T000030,9170,tallmadge,frederick,NY,O,House
T000152,9280,thibodeaux,bannon,LA,O,House
T000214,9336,thompson,richard,IN,O,House
T000215,9337,thompson,robert,VA,D,House
T000308,9419,tompkins,patrick,MS,O,House
T000429,9523,turner,thomas,IL,D,House
T000441,,tweedy,john,WI,O,House
U000011,9558,underwood,joseph,KY,O,Senate
W000162,9840,warren,cornelius,NY,O,House
W000436,10083,wick,william,IN,D,House
W000467,10112,wiley,james,ME,D,House
W000504,10149,williams,hezekiah,ME,D,House
B000642,865,borland,solon,AR,D,Senate
D000394,2640,dodge,augustus,IA,D,Senate
F000167,3185,fitzgerald,thomas,MI,D,Senate
J000139,4961,johnson,herschel,GA,D,Senate
K000217,5275,king,william,AL,D,Senate
M000676,6446,metcalfe,thomas,KY,O,Senate
M000889,6623,moor,wyman,ME,D,Senate
W000055,9743,walker,isaac,WI,D,Senate
A000075,64,albertson,nathaniel,IN,D,House
A000093,81,alexander,henry,NY,O,House
A000166,147,alston,william,AL,O,House
A000199,176,anderson,josiah,TN,O,House
A000245,194,andrews,george,NY,O,House
A000318,272,ashmun,george,MA,O,House
A000322,277,atchison,david,MO,D,Senate
B000022,330,badger,george,NC,O,Senate
B000247,523,bay,william,MO,D,House
B000339,605,bell,john,OH,O,House
B000599,829,bokee,david,NY,O,House
B000631,855,booth,walter,CT,O,House
B000680,895,bowdon,franklin,AL,D,House
B000701,915,bowlin,james,MO,D,House
B000782,989,breck,daniel,KY,O,House
B000841,1043,brisbin,john,PA,D,House
B000950,1139,brown,william,IN,D,House
B001037,1216,buel,alexander,MI,D,House
B001049,1228,bullard,henry,LA,O,House
B001175,1336,butler,chester,PA,O,House
B001191,1351,butler,thomas,CT,O,House
C000031,1405,caldwell,george,KY,D,House
C000060,1430,calvin,samuel,PA,O,House
C000224,1573,casey,joseph,PA,O,House
C000459,1790,clarke,charles,NY,O,House
C000482,1810,clay,henry,KY,O,Senate
C000501,1827,clemens,jeremiah,AL,D,Senate
C000611,1925,cole,orsamus,WI,O,House
C000676,1979,conger,harmon,NY,O,House
C000703,2004,conrad,charles,LA,O,House
C000753,2048,cooper,james,PA,O,Senate
C000941,2209,crowell,john,OH,O,House
D000045,2331,danner,joel,PA,D,House
D000156,2431,dawson,william,GA,O,Senate
D000181,2454,deberry,edmund,NC,O,House
D000313,2565,dickey,jesse,PA,O,House
D000325,2577,dickinson,rodolphus,OH,D,House
D000515,2744,duer,william,NY,O,House
E000105,2894,eliot,samuel,MA,O,House
E000255,3019,evans,nathan,OH,O,House
E000275,3036,ewing,andrew,TN,D,House
F000055,3088,featherston,winfield,MS,D,House
F000360,3353,freedley,john,PA,O,House
G000138,3542,gerry,elbridge,ME,D,House
G000172,3572,gilbert,edward,CA,D,House
G000285,3673,goodenow,rufus,ME,O,House
G000339,3720,gott,daniel,NY,O,House
G000341,3722,gould,herman,NY,O,House
G000477,3836,grinnell,joseph,MA,O,House
H000005,3895,hackett,thomas,GA,D,House
H000083,3965,halloway,ransom,NY,O,House
H000139,4018,hampton,moses,PA,O,House
H000178,4046,haralson,hugh,GA,D,House
H000214,4079,harmanson,john,LA,D,House
H000381,4224,hay,andrew,NJ,O,House
H000395,4234,haymond,thomas,VA,O,House
H000520,4345,henry,william,VT,O,House
H000622,4436,hilliard,henry,AL,O,House
H000651,4460,hoagland,moses,OH,D,House
H000738,4535,holmes,isaac,SC,D,House
H000825,4613,houston,john,DE,O,House
H000880,4664,hubbard,david,AL,D,House
I000013,4802,inge,samuel,AL,D,House
J000031,4868,jackson,william,NY,O,House
J000147,4969,johnson,james,KY,O,House
K000021,5102,kaufman,david,TX,D,House
K000137,5207,kerr,john,MD,O,House
K000198,5257,king,daniel,MA,O,House
K000203,5262,king,james,NJ,O,House
K000205,5264,king,john,NY,O,House
K000215,5273,king,thomas,GA,O,House
L000008,5484,la sere,emile,LA,D,House
L000215,5583,leffler,shepherd,IA,D,House
L000262,5626,levin,lewis,PA,O,House
L000356,5706,littlefield,nathaniel,ME,D,House
M000106,5960,mann,job,PA,D,House
M000147,5994,marsh,george,VT,O,House
M000419,6225,mcdowell,james,VA,D,House
M000443,6247,mcgaughey,edward,IN,O,House
M000529,6318,mckissock,thomas,NY,O,House
M000546,6334,mclean,finis,KY,O,House
M000612,6391,mcwillie,william,MS,D,House
M000721,6478,miller,daniel,IA,O,House
M000742,6496,miller,john,OH,D,House
M000936,6665,morehead,charles,KY,O,House
M000979,6706,morris,jonathan,OH,D,House
M001011,6735,morse,isaac,LA,D,House
M001015,6739,morton,jackson,FL,O,Senate
M001016,6740,morton,jeremiah,VA,O,House
N000045,6875,nelson,william,NY,O,House
N000047,6877,nes,henry,PA,O,House
N000070,6898,newman,alexander,VA,D,House
N000140,6961,norris,moses,NH,D,Senate
O000046,7034,ogle,andrew,PA,O,House
O000128,7109,otis,john,ME,O,House
O000148,7128,owen,allen,GA,O,House
P000068,7201,parker,richard,VA,D,House
P000178,7296,peck,lucius,VT,D,House
P000319,7424,phoenix,jonas,NY,O,House
P000369,7470,pitman,charles,PA,O,House
P000464,7555,potter,emery,OH,D,House
P000580,7661,putnam,harvey,NY,O,House
R000126,7793,reed,robert,PA,O,House
R000172,7830,reynolds,gideon,NY,O,House
R000270,7916,risley,elijah,NY,O,House
R000433,8058,root,joseph,OH,O,House
R000438,8061,rose,robert,NY,O,House
R000506,8113,rumsey,david,NY,O,House
S000085,8234,sawtelle,cullen,ME,D,House
S000220,8342,seddon,james,VA,D,House
S000338,8447,shepperd,augustine,NC,O,House
S000413,8512,silvester,peter,NY,O,House
S000621,8691,smith,truman,CT,O,Senate
S000682,8745,soule,pierre,LA,D,Senate
S000745,8804,sprague,william,MI,O,House
S000873,8903,stetson,charles,ME,D,House
S000905,8932,stewart,david,MD,O,Senate
S001021,9041,strong,william,PA,D,House
T000203,9325,thompson,jacob,MS,D,House
T000204,9326,thompson,james,PA,D,House
T000223,9344,thompson,william,IA,D,House
T000252,9368,thurman,john,NY,O,House
T000258,,thurston,samuel,OR,D,House
U000009,9556,underhill,walter,NY,O,House
U000025,9570,upham,william,VT,O,Senate
V000035,9611,van dyke,john,NJ,O,House
V000107,9679,vinton,samuel,OH,O,House
W000033,9725,walden,hiram,NY,D,House
W000037,9728,waldo,loren,CT,D,House
W000043,9733,wales,john,DE,O,Senate
W000271,9932,wellborn,marshall,GA,D,House
W000349,10003,whitcomb,james,IN,D,Senate
W000375,10028,white,hugh,NY,O,House
W000434,10081,whittlesey,william,OH,D,House
W000587,10229,wilson,james,NH,O,House
W000689,10319,wood,amos,OH,D,House
W000760,10388,wright,george,CA,O,House
Y000055,10456,young,timothy,IL,D,House
B000168,457,barnwell,robert,SC,D,Senate
E000158,2946,elmore,franklin,SC,D,Senate
E000281,3041,ewing,thomas,OH,O,Senate
F000374,3366,fremont,john,CA,D,Senate
P000506,7596,pratt,thomas,MD,O,Senate
R000184,7841,rhett,robert,SC,D,Senate
W000646,10284,winthrop,robert,MA,O,Senate
F000115,3140,fillmore,millard,NY,O,House
A000115,101,allen,charles,MA,O,House
A000243,192,andrews,charles,ME,D,House
A000268,218,appleton,john,ME,D,House
A000343,297,averett,thomas,VA,D,House
B000005,315,babcock,leander,NY,D,House
B000174,462,barrere,nelson,OH,O,House
B000209,492,bartlett,thomas,VT,D,House
B000266,541,beale,james,VA,D,House
B000335,601,bell,hiram,OH,O,House
B000435,687,bibighaus,thomas,PA,O,House
B000694,908,bowie,richard,MD,O,House
B000707,921,bowne,obadiah,NY,O,House
B000718,930,boyd,john,NY,O,House
B000758,967,bragg,john,AL,D,House
B000861,1061,brodhead,richard,PA,D,Senate
B000920,1110,brown,george,NJ,O,House
B001038,1217,buell,alexander,NY,D,House
B001143,1311,burrows,lorenzo,NY,O,House
B001145,1313,burt,armistead,SC,D,House
B001162,1325,busby,george,OH,D,House
C000003,1378,cabell,edward,FL,O,House
C000008,1383,cable,joseph,OH,D,House
C000037,1411,caldwell,joseph,NC,O,House
C000102,1466,campbell,thompson,IL,D,House
C000206,1555,cartter,david,OH,D,House
C000233,1582,cass,lewis,MI,D,Senate
C000310,1653,chapman,charles,CT,O,House
C000445,1777,clark,lincoln,IA,D,House
C000511,1836,cleveland,chauncey,CT,D,House
C000603,1917,colcock,william,SC,D,House
C000677,1980,conger,james,MI,O,House
C000800,2085,cottman,joseph,MD,O,House
D000034,2324,daniel,john,NC,D,House
D000049,2334,darby,john,MO,O,House
D000101,2382,davis,george,MA,O,House
D000350,2600,dimmick,milo,PA,D,House
D000385,2632,dockery,alfred,NC,O,House
D000396,2642,dodge,henry,WI,D,Senate
D000443,2680,doty,james,WI,O,House
D000532,2759,duncan,james,MA,O,House
E000231,3002,evans,alexander,MD,O,House
F000050,3084,fay,francis,MA,O,House
F000101,3129,ficklin,orlando,IL,D,House
F000140,3160,fish,hamilton,NY,O,Senate
F000223,3236,floyd,john,NY,D,House
F000325,3327,fowler,orin,MA,O,House
F000363,3356,freeman,john,MS,O,House
G000108,3515,gaylord,james,OH,D,House
G000125,3530,gentry,meredith,TN,O,House
G000146,3548,geyer,henry,MO,O,Senate
G000220,3615,gilmore,alfred,PA,D,House
G000284,3672,goodenow,robert,ME,O,House
G000330,3713,gorman,willis,IN,D,House
H000077,3959,hall,willard,MO,D,House
H000126,4005,hammond,edward,MD,D,House
H000219,4084,harper,alexander,OH,O,House
H000286,4144,hart,emanuel,NY,D,House
H000315,4170,hascall,augustus,NY,O,House
H000380,4223,haws,john,NY,O,House
H000435,4273,hebard,william,VT,O,House
H000714,4515,holladay,alexander,VA,D,House
H000796,4587,horsford,jerediah,NY,O,House
H000845,4632,howard,volney,TX,D,House
H000853,4639,howe,john,PA,O,House
H000855,4641,howe,thomas,NY,D,House
H000992,4763,hunter,william,OH,O,House
I000051,4835,ives,willard,NY,D,House
J000023,4860,jackson,joseph,GA,O,House
J000046,4881,james,charles,RI,D,Senate
J000089,4918,jenkins,timothy,NY,D,House
J000144,4966,johnson,james,GA,O,House
J000153,4972,johnson,john,OH,O,House
J000229,5040,jones,james,TN,O,Senate
K000201,5260,king,george,RI,O,House
K000337,5373,kuhns,joseph,PA,O,House
L000055,5437,landry,joseph,LA,O,House
L000350,5700,little,edward,MA,D,House
M000102,5957,mann,horace,MA,O,House
M000151,5997,marshall,edward,CA,D,House
M000180,6024,martin,frederick,NY,O,House
M000362,6175,mccorkle,joseph,CA,D,House
M000534,6322,mclanahan,james,PA,D,House
M000618,6397,meade,richard,VA,D,House
M000790,6543,miner,ahiman,VT,O,House
M000846,6585,molony,richard,IL,D,House
M000900,6634,moore,henry,PA,O,House
M000903,6637,moore,john,LA,O,House
M000937,6667,morehead,james,NC,O,House
M000997,6723,morrison,john,PA,D,House
M001086,6803,murphey,charles,GA,O,House
N000001,6840,nabers,benjamin,MS,O,House
N000076,6904,newton,eben,OH,O,House
O000138,7118,outlaw,david,NC,O,House
P000055,7189,parker,andrew,PA,D,House
P000173,7291,peaslee,charles,NH,D,House
P000210,7326,penn,alexander,LA,D,House
P000212,7328,penniman,ebenezer,MI,O,House
P000235,7348,perkins,jared,NH,O,House
P000412,7510,polk,william,TN,O,House
P000529,7615,price,rodman,NJ,D,House
R000063,7738,rantoul,robert,MA,D,House
R000117,7785,reed,isaac,ME,O,House
R000331,7971,robie,reuben,NY,D,House
R000343,7982,robinson,john,IN,D,House
R000455,8077,ross,thomas,PA,D,House
R000518,8121,rusk,thomas,TX,D,Senate
R000532,8134,russell,joseph,NY,D,House
S000004,8166,sabine,lorenzo,MA,O,House
S000007,8168,sackett,william,NY,O,House
S000122,8261,schermerhorn,abraham,NY,O,House
S000139,8271,schoolcraft,john,NY,O,House
S000141,8273,schoonmaker,marius,NY,O,House
S000207,8331,scurry,richardson,TX,D,House
S000265,8382,seymour,david,NY,D,House
S000396,,sibley,henry,MN,O,House
S000503,8591,smart,ephraim,ME,D,House
S000661,8730,snow,william,NY,D,House
S000799,8841,stanly,edward,NC,O,House
S000853,8884,stephens,abraham,NY,D,House
S000942,8965,stockton,robert,NJ,D,Senate
S000958,8980,stone,james,KY,D,House
S001025,9043,strother,james,VA,O,House
S001084,9096,sutherland,josiah,NY,D,House
S001111,9121,sweetser,charles,OH,D,House
T000192,9315,thompson,benjamin,MA,O,House
T000201,9323,thompson,george,VA,D,House
T000338,9442,townshend,norton,OH,D,House
T000394,9493,tuck,amos,NH,O,House
V000084,9659,venable,abraham,NC,D,House
W000030,9722,walbridge,henry,NY,O,House
W000075,9761,wallace,daniel,SC,D,House
W000105,9789,walsh,thomas,MD,O,House
W000145,9825,ward,william,KY,O,House
W000255,,weightman,richard,NM,D,House
W000263,9926,welch,john,OH,O,House
W000284,9944,wells,john,NY,O,House
W000350,10004,white,addison,KY,O,House
W000457,10102,wilcox,john,MS,O,House
W000464,10109,wildrick,isaac,NJ,D,House
W000493,10138,williams,christopher,TN,O,House
W000732,10362,woodward,joseph,SC,D,House
A000048,41,adams,stephen,MS,D,Senate
B000872,1069,brooke,walker,MS,O,Senate
C000250,1598,cathcart,charles,IN,D,Senate
C000324,1664,charlton,robert,GA,D,Senate
D000270,2526,de saussure,william,SC,D,Senate
D000367,2615,dixon,archibald,KY,O,Senate
M000650,6423,meriwether,david,KY,D,Senate
T000319,9425,toucey,isaac,CT,D,Senate
W000274,9934,weller,john,CA,D,Senate
P000333,7435,pierce,franklin,NH,D,Senate
A000012,10,abercrombie,james,AL,O,House
A000141,123,allen,philip,RI,D,Senate
A000154,135,allen,willis,IL,D,House
A000310,262,ashe,william,NC,D,House
A000323,278,atherton,charles,NH,D,Senate
B000036,340,bailey,david,GA,D,House
B000193,479,barry,william,MS,D,House
B000322,589,belcher,nathan,CT,D,House
B000340,606,bell,john,TN,O,Senate
B000398,658,benton,thomas,MO,D,House
B000492,736,bissell,william,IL,O,House
B000624,848,boody,azariah,NY,O,House
B000719,931,boyd,linn,KY,D,House
B001043,1222,bugg,robert,TN,O,House
C000078,1444,campbell,brookins,TN,D,House
C000167,1520,carpenter,davis,NY,O,House
C000276,1621,chamberlain,ebenezer,IN,D,House
C000292,1636,chandler,joseph,PA,O,House
C000325,1665,chase,dudley,NY,O,House
C000326,1666,chase,george,NY,O,House
C000335,1675,chastain,elijah,GA,D,House
C000376,1712,chrisman,james,KY,D,House
C000393,1726,churchwell,william,TN,D,House
C000451,1782,clark,samuel,MI,D,House
C000496,1822,clayton,john,DE,O,Senate
C000720,2019,cook,john,IA,O,House
C000790,2077,corwin,moses,OH,O,House
C000917,2186,crocker,samuel,MA,O,House
C000974,2240,cullom,william,TN,O,House
C000981,2246,cumming,thomas,NY,D,House
C001029,2290,cutting,francis,NY,D,House
D000135,2411,davis,thomas,RI,D,House
D000172,2445,dean,gilbert,NY,D,House
D000257,2515,dent,william,GA,D,House
D000319,2571,dickinson,edward,MA,O,House
D000361,2610,disney,david,OH,D,House
D000506,2735,drum,augustus,PA,D,House
D000526,2755,dunbar,william,LA,D,House
D000540,2765,dunham,cyrus,IN,D,House
E000019,2823,eastman,ben,WI,D,House
E000039,2840,eddy,norman,IN,D,House
E000045,2845,edgerton,alfred,OH,D,House
E000050,2850,edmands,john,MA,O,House
E000140,2929,ellison,andrew,OH,D,House
E000249,3015,evans,josiah,SC,D,Senate
E000264,3026,everett,edward,MA,O,Senate
E000271,3032,everhart,william,PA,O,House
E000279,3040,ewing,presley,KY,O,House
F000018,3059,farley,ephraim,ME,O,House
F000345,3343,franklin,john,MD,O,House
G000029,3444,gamble,james,PA,D,House
G000168,,giddings,napoleon,NE,D,House
G000295,3680,goodrich,john,MA,O,House
G000409,3776,green,frederick,OH,D,House
G000453,3814,grey,benjamin,KY,O,House
H000208,4074,harlan,andrew,IN,D,House
H000256,4117,harris,wiley,MS,D,House
H000326,4178,hastings,george,NY,D,House
H000500,4326,henn,bernhart,IA,D,House
H000557,4380,hibbard,harry,NH,D,House
H000572,4392,hiester,isaac,PA,O,House
H000589,4407,hill,clement,KY,O,House
H000625,4438,hillyer,junius,GA,D,House
H000827,4615,houston,samuel,TX,O,Senate
H000854,4640,howe,thomas,PA,O,House
H000918,4697,hughes,charles,NY,D,House
H000977,4749,hunt,theodore,LA,O,House
I000016,4805,ingersoll,colin,CT,D,House
J000136,4958,johnson,harvey,OH,D,House
J000215,5027,jones,daniel,NY,D,House
J000221,5032,jones,george,IA,D,Senate
J000250,5060,jones,roland,LA,D,House
K000140,5206,kerr,john,NC,O,House
K000256,5313,kittredge,george,NH,D,House
K000345,5380,kurtz,william,PA,D,House
L000032,5418,lamb,alfred,MO,D,House
L000044,,lancaster,columbia,WA,D,House
L000275,5632,lewis,charles,VA,D,House
L000310,5663,lilly,samuel,NJ,D,House
L000330,5682,lindsley,william,OH,D,House
L000540,5862,lyon,caleb,NY,O,House
M000004,5872,macdonald,moses,ME,D,House
M000036,5897,macy,john,WI,D,House
M000261,6090,maurice,james,NY,D,House
M000278,6106,mayall,samuel,ME,D,House
M000390,6201,mcculloch,john,PA,O,House
M000581,6365,mcnair,john,PA,D,House
M000695,6458,middleswarth,ner,PA,O,House
M000994,6720,morrison,george,NH,D,House
M001064,6782,muhlenberg,henry,PA,D,House
M001116,6827,murray,william,NY,D,House
N000117,6940,noble,david,MI,D,House
O000063,7051,olds,edson,OH,D,House
P000071,7204,parker,samuel,IN,O,House
P000177,7295,peck,jared,NY,D,House
P000180,7298,peckham,rufus,NY,D,House
P000227,7341,perkins,bishop,NY,D,House
P000236,7349,perkins,john,LA,D,House
P000277,7383,pettit,john,IN,D,Senate
P000299,7404,phelps,samuel,VT,O,Senate
P000311,7416,phillips,philip,AL,D,House
P000502,7592,pratt,james,CT,D,House
P000517,7606,preston,william,KY,O,House
R000135,7801,reese,david,GA,O,House
R000271,7917,ritchey,thomas,OH,D,House
R000477,8093,rowe,peter,NY,D,House
R000539,8141,russell,samuel,PA,O,House
S000204,8328,scudder,zeno,MA,O,House
S000270,8386,seymour,origen,CT,D,House
S000291,8404,shannon,wilson,OH,D,House
S000386,8492,shower,jacob,MD,D,House
S000464,8557,skelton,charles,NJ,D,House
S000542,8625,smith,gerrit,NY,O,House
S000647,8716,smyth,george,TX,D,House
S000656,8725,snodgrass,john,VA,D,House
S000674,8738,sollers,augustus,MD,O,House
S000802,8844,stanton,frederick,TN,D,House
S000806,8846,stanton,richard,KY,D,House
S000879,8909,stevens,hestor,MI,D,House
S000996,9016,stratton,nathan,NJ,D,House
S000999,9019,straub,christian,PA,D,House
S001031,9050,stuart,andrew,OH,D,House
S001033,9052,stuart,charles,MI,D,Senate
S001034,9053,stuart,david,MI,D,House
T000088,9219,taylor,john,NY,D,House
T000089,9220,taylor,john,OH,O,House
T000117,9247,teller,isaac,NY,O,House
T000208,9330,thompson,john,KY,O,Senate
T000344,9448,tracy,andrew,VT,O,House
T000383,9483,trout,michael,PA,D,House
T000440,9533,tweed,william,NY,D,House
U000021,9566,upham,charles,MA,O,House
V000057,9633,van sant,joshua,MD,D,House
W000031,9723,walbridge,hiram,NY,D,House
W000070,9756,walker,william,NY,D,House
W000087,9773,walley,samuel,MA,O,House
W000102,9786,walsh,michael,NY,D,House
W000297,9955,wentworth,tappan,MA,O,House
W000307,9965,westbrook,theodoric,NY,D,House
W000511,10156,williams,jared,NH,D,Senate
W000664,10300,witte,william,PA,D,House
B000760,969,brainerd,lawrence,VT,O,Senate
G000204,3602,gillette,francis,CT,O,Senate
R000144,7808,reid,david,NC,D,Senate
R000368,8004,rockwell,julius,MA,O,Senate
A000063,53,aiken,william,SC,D,House
A000070,59,akers,thomas,MO,O,House
A000078,66,albright,charles,OH,O,House
A000158,139,allison,john,PA,O,House
A000192,,anderson,james,WA,D,House
B000098,393,ball,edward,OH,O,House
B000130,423,barbour,lucien,IN,O,House
B000136,428,barclay,david,PA,D,House
B000259,534,bayly,thomas,VA,D,House
B000337,603,bell,james,NH,R,Senate
B000344,610,bell,peter,TX,D,House
B000375,637,bennett,hendley,MS,D,House
B000390,651,benson,samuel,ME,O,House
B000456,706,biggs,asa,NC,D,Senate
B000487,732,bishop,james,NJ,O,House
B000751,962,bradshaw,samuel,PA,O,House
B000887,1084,broom,jacob,PA,O,House
B001173,1334,butler,andrew,SC,D,Senate
C000011,1386,cadwalader,john,PA,D,House
C000094,1459,campbell,john,KY,O,House
C000309,,chapman,bird,NE,D,House
C000353,1691,child,thomas,NY,O,House
C000457,1788,clarke,bayard,NY,O,House
C000548,1867,cobb,howell,GA,D,House
C000837,2116,cox,leander,KY,O,House
C000969,2235,cullen,elisha,DE,O,House
C000980,2245,cumback,william,IN,O,House
D000107,2387,davis,jacob,IL,D,House
D000161,2436,day,timothy,OH,O,House
D000282,2543,de witt,alexander,MA,O,House
D000261,2518,denver,james,CA,D,House
D000332,2582,dickson,samuel,NY,O,House
D000546,2771,dunn,george,IN,O,House
D000573,2793,durkee,charles,WI,R,Senate
E000069,2864,edwards,francis,NY,O,House
E000177,2962,emrie,jonas,OH,O,House
E000251,3016,evans,lemuel,TX,O,House
F000174,3192,fitzpatrick,benjamin,AL,D,Senate
F000181,3199,flagler,thomas,NY,O,House
F000311,3313,foster,nathaniel,GA,O,House
F000410,3397,fuller,henry,PA,O,House
F000412,3399,fuller,thomas,ME,D,House
G000027,3442,galloway,samuel,OH,O,House
G000179,3579,gilbert,william,NY,O,House
H000043,3931,hall,augustus,IA,D,House
H000252,4113,harris,sampson,AL,D,House
H000272,4132,harrison,john,OH,O,House
H000355,4200,haven,solomon,NY,O,House
H000526,4351,herbert,philemon,CA,D,House
H000673,4479,hodges,george,VT,R,House
H000686,4490,hoffman,henry,MD,O,House
H000730,4527,holloway,david,IN,O,House
H000799,4589,horton,thomas,NY,O,House
H000931,4708,hughston,jonas,NY,O,House
I000049,4833,iverson,alfred,GA,D,Senate
J000172,4990,johnson,robert,AR,D,Senate
K000119,5188,kennett,luther,MO,O,House
K000165,5230,kidwell,zedekiah,VA,D,House
K000213,5271,king,rufus,NY,O,House
K000285,5337,knight,jonathan,PA,O,House
K000294,5345,knowlton,ebenezer,ME,O,House
K000295,5346,knox,james,IL,O,House
L000026,5412,lake,william,MS,O,House
L000322,5674,lindley,james,MO,O,House
L000511,5836,lumpkin,john,GA,D,House
M000008,5876,mace,daniel,IN,O,House
M000149,5995,marshall,alexander,KY,O,House
M000266,6094,maxwell,augustus,FL,D,House
M000319,6138,mccarty,andrew,NY,O,House
M000578,6362,mcmullen,fayette,VA,D,House
M000613,6392,meacham,james,VT,O,House
M000741,6495,miller,john,MO,O,House
M000744,6498,miller,killian,NY,O,House
M000754,6508,miller,smith,IN,D,House
M000911,6645,moore,oscar,OH,O,House
O000070,7057,oliver,andrew,NY,D,House
O000075,7062,oliver,mordecai,MO,O,House
P000006,7145,packer,asa,PA,D,House
P000030,7168,paine,robert,NC,O,House
P000162,7283,pearce,john,PA,O,House
P000176,7294,peck,george,MI,D,House
P000198,7314,pelton,guy,NY,O,House
P000213,7329,pennington,alexander,NJ,O,House
P000440,7534,porter,gilchrist,MO,O,House
P000543,7629,pringle,benjamin,NY,O,House
P000560,7643,pugh,george,OH,D,Senate
P000578,7659,puryear,richard,NC,O,House
R000095,7766,reade,edwin,NC,O,House
R000283,7927,rivers,thomas,TN,O,House
R000356,7994,robison,david,PA,O,House
S000002,8164,sabin,alvah,VT,O,House
S000013,8174,sage,russell,NY,O,House
S000061,8216,sapp,william,OH,O,House
S000173,8300,scott,harvey,IN,O,House
S000261,8378,seward,william,NY,R,Senate
S000416,8515,simmons,george,NY,O,House
S000487,8575,slidell,john,LA,D,Senate
S000637,8706,smith,william,AL,O,House
S000651,8720,sneed,william,TN,O,House
S000990,9011,stranahan,james,NY,O,House
S001130,9137,swope,samuel,KY,O,House
T000235,9354,thorington,james,IA,O,House
T000255,9370,thurston,benjamin,RI,O,House
T000351,9454,trafton,mark,MA,O,House
T000454,9546,tyson,job,PA,O,House
V000001,9582,vail,george,NJ,D,House
V000007,9587,valk,william,NY,O,House
W000027,9719,wakeman,abram,NY,O,House
W000064,9752,walker,percy,AL,O,House
W000152,9831,warner,hiram,GA,D,House
W000199,9871,watson,cooper,OH,O,House
W000266,9929,welch,william,CT,O,House
W000281,9941,wells,daniel,WI,D,House
W000285,9945,wells,john,NH,D,Senate
W000337,9991,wheeler,john,NY,D,House
W000414,,whitfield,john,KS,D,House
W000425,10073,whitney,thomas,NY,O,House
W000514,10161,williams,john,NY,D,House
W000734,10364,woodworth,james,IL,O,House
W000757,10385,wright,daniel,MS,D,House
Y000061,10462,yulee,david,FL,D,Senate
B000459,709,bigler,william,PA,D,Senate
C000656,1961,comegys,joseph,DE,O,Senate
B001005,1186,buchanan,james,PA,D,Senate
A000008,8,abbott,nehemiah,ME,R,House
A000060,50,ahl,john,PA,D,House
A000248,198,andrews,samuel,NY,R,House
A000294,246,arnold,samuel,CT,D,House
B000238,517,bates,martin,DE,D,Senate
B000376,638,bennett,henry,NY,R,House
B000464,711,billinghurst,charles,WI,R,House
B000491,735,bishop,william,CT,D,House
B000560,797,bliss,philemon,OH,R,House
B000696,910,bowie,thomas,MD,D,House
B000805,1010,brenton,samuel,IN,R,House
B000835,1038,bright,jesse,IN,D,Senate
B000857,1057,broderick,david,CA,D,Senate
B000885,1082,brooks,preston,SC,D,House
B000985,1170,bryan,guy,TX,D,House
B001128,1297,burns,joseph,OH,D,House
C000210,1559,caruthers,samuel,MO,D,House
C000231,1580,caskie,john,VA,D,House
C000270,1615,chaffee,calvin,MA,R,House
C000311,1654,chapman,henry,PA,D,House
C000429,1761,clark,ezra,CT,R,House
C000477,1805,clawson,isaiah,NJ,R,House
C000483,1811,clay,james,KY,D,House
C000574,1890,cockerill,joseph,OH,D,House
C000659,1964,comins,linus,MA,R,House
D000019,2311,damrell,william,MA,R,House
D000113,2393,davis,jefferson,MS,D,Senate
D000140,2415,davis,timothy,IA,R,House
D000141,2416,davis,timothy,MA,R,House
D000174,2447,dean,sidney,CT,R,House
D000290,2539,dewart,william,PA,D,House
D000389,2635,dodd,edward,NY,R,House
D000464,2698,dowdell,james,AL,D,House
D000569,2789,durfee,nathaniel,RI,R,House
E000049,2849,edie,john,PA,R,House
E000125,2914,elliott,john,KY,D,House
E000228,2999,eustis,george,LA,O,House
F000080,,ferguson,fenner,NE,D,House
F000158,3177,fitch,graham,IN,D,Senate
F000236,3248,foley,james,IN,D,House
G000167,3567,giddings,joshua,OH,R,House
G000209,3606,gillis,james,PA,D,House
G000213,3608,gilman,charles,ME,R,House
G000300,3685,goodwin,henry,NY,R,House
G000373,3747,granger,amos,NY,R,House
G000414,3780,green,james,MO,D,Senate
G000436,3800,greenwood,alfred,AR,D,House
G000444,3807,gregg,james,IN,D,House
G000490,3848,groesbeck,william,OH,D,House
G000540,3887,gwin,william,CA,D,Senate
H000059,3945,hall,lawrence,OH,D,House
H000068,3953,hall,robert,MA,R,House
H000128,4007,hammond,james,SC,D,Senate
H000207,4073,harlan,aaron,OH,R,House
H000255,4116,harris,thomas,IL,D,House
H000336,4186,hatch,israel,NY,D,House
H000481,4308,henderson,james,TX,D,Senate
H000672,4478,hodges,charles,IL,D,House
H000774,4568,hopkins,george,VA,D,House
H000923,4701,hughes,james,IN,D,House
H001020,4784,huyler,john,NJ,D,House
J000106,4933,jewett,joshua,KY,D,House
J000222,5033,jones,george,TN,D,House
J000234,5044,jones,jehu,PA,D,House
J000245,5055,jones,owen,PA,D,House
K000051,5129,keim,william,PA,R,House
K000075,5153,kelly,john,NY,D,House
K000103,5177,kennedy,anthony,MD,O,Senate
K000211,5269,king,preston,NY,R,Senate
K000219,,kingsbury,william,MN,D,House
K000280,5332,knapp,chauncey,MA,R,House
K000340,5376,kunkel,john,PA,R,House
L000056,5438,landy,james,PA,D,House
L000141,5517,lawrence,william,OH,D,House
L000231,5596,leidy,paul,PA,D,House
L000236,5601,leiter,benjamin,OH,R,House
L000256,5621,letcher,john,VA,D,House
L000390,5735,lockhart,james,IN,D,House
M000084,5942,mallory,stephen,FL,D,Senate
M000154,6001,marshall,humphrey,KY,O,House
M000216,6053,mason,james,VA,D,Senate
M000218,6055,mason,john,KY,D,House
M000251,6082,matteson,orsamus,NY,R,House
M000514,6305,mckibbin,joseph,CA,D,House
M000743,6497,miller,joseph,OH,D,House
M000868,6604,montgomery,john,PA,D,House
M000948,6676,morgan,edwin,NY,R,House
M000996,6722,morrison,james,IL,D,House
M001013,6737,morse,oliver,NY,R,House
M001042,6763,mott,richard,OH,R,House
M001105,6817,murray,ambrose,NY,R,House
N000093,6920,nichols,matthias,OH,R,House
N000162,6980,nourse,amos,ME,R,Senate
O000104,7087,orr,james,SC,D,House
P000064,7198,parker,john,NY,R,House
P000301,7406,phelps,william,MN,D,House
P000308,7413,phillips,henry,PA,D,House
P000347,7449,pike,james,NH,R,House
P000411,7509,polk,trusten,MO,D,Senate
P000483,7574,powell,paulus,VA,D,House
P000576,7657,purviance,samuel,PA,R,House
Q000022,7681,quitman,john,MS,D,House
R000097,7768,ready,charles,TN,O,House
R000157,7818,reilly,wilson,PA,D,House
R000192,7848,ricaud,james,MD,O,House
R000273,7919,ritchie,david,PA,R,House
R000300,7943,robbins,george,NJ,R,House
R000304,7947,roberts,anthony,PA,R,House
R000542,8144,russell,william,NY,D,House
S000042,8204,sandidge,john,LA,D,House
S000083,8232,savage,john,TN,D,House
S000209,8333,searing,john,NY,D,House
S000260,8377,seward,james,GA,D,House
S000308,8419,shaw,henry,NC,D,House
S000347,8455,sherman,judson,NY,R,House
S000379,8486,shorter,eli,AL,D,House
S000417,8516,simmons,james,RI,R,Senate
S000604,8677,smith,robert,IL,D,House
S000612,8682,smith,samuel,TN,D,House
T000020,9162,talbott,albert,KY,D,House
T000077,9208,taylor,george,NY,D,House
T000207,9329,thompson,john,NY,R,House
T000231,9352,thomson,john,NJ,D,Senate
T000379,9479,trippe,robert,GA,O,House
U000016,9562,underwood,warner,KY,O,House
W000029,9721,walbridge,david,MI,R,House
W000163,9841,warren,edward,AR,D,House
W000189,9864,watkins,albert,TN,D,House
W000355,10009,white,allison,PA,D,House
W000698,10328,wood,john,ME,R,House
W000746,10375,wortendyke,jacob,NJ,D,House
W000755,10383,wright,augustus,GA,D,House
Z000012,10470,zollicoffer,felix,TN,O,House
C000348,1686,chesnut,james,SC,D,Senate
C000524,1846,clingman,thomas,NC,D,Senate
H000397,4236,hayne,arthur,SC,D,Senate
R000198,7854,rice,henry,MN,D,Senate
W000138,9819,ward,matthias,TX,D,Senate
A000036,29,adams,green,KY,O,House
A000058,49,adrain,garnett,NJ,O,House
A000234,183,anderson,thomas,MO,O,House
A000237,186,anderson,william,KY,O,House
A000316,269,ashmore,john,SC,D,House
A000347,302,avery,william,TN,D,House
B000147,439,barksdale,william,MS,D,House
B000172,460,barr,thomas,NY,O,House
B000175,463,barret,john,MO,D,House
B000265,540,beale,charles,NY,R,House
B000365,627,benjamin,judah,LA,D,Senate
B000473,718,bingham,kinsley,MI,R,Senate
B000582,815,bocock,thomas,VA,D,House
B000616,844,bonham,milledge,SC,D,House
B000653,872,boteler,alexander,VA,O,House
B000665,882,bouligny,john,LA,O,House
B000713,926,boyce,william,SC,D,House
B000730,942,brabson,reese,TN,O,House
B000759,968,bragg,thomas,NC,D,Senate
B000764,973,branch,lawrence,NC,D,House
B000779,987,brayton,william,RI,R,House
B000829,1032,briggs,george,NY,R,House
B000842,1044,bristow,francis,KY,O,House
B000900,1095,brown,albert,MS,D,Senate
B001068,1244,burch,john,CA,D,House
B001112,1283,burlingame,anson,MA,R,House
B001139,1307,burroughs,silas,NY,R,House
B001199,1359,butterfield,martin,NY,R,House
C000144,1501,carey,john,OH,R,House
C000198,1548,carter,luther,NY,R,House
C000219,1568,case,charles,IN,R,House
C000435,1767,clark,horace,NY,O,House
C000480,1808,clay,clement,AL,D,Senate
C000502,1828,clemens,sherrard,VA,D,House
C000530,1852,clopton,david,AL,D,House
C000554,1874,cobb,williamson,AL,D,House
C000559,1877,coburn,stephen,ME,R,House
C000569,1885,cochrane,clark,NY,R,House
C000570,1886,cochrane,john,NY,D,House
C000749,2044,cooper,george,MI,D,House
C000857,2134,craig,james,MO,D,House
C000862,2138,craige,francis,NC,D,House
C000892,2162,crawford,martin,GA,D,House
C001003,2264,curry,jabez,AL,D,House
D000086,2368,davidson,thomas,LA,D,House
D000118,2397,davis,john,IN,O,House
D000127,2404,davis,reuben,MS,D,House
D000303,2556,dick,john,PA,O,House
D000351,2601,dimmick,william,PA,D,House
D000457,2692,douglas,stephen,IL,D,Senate
E000058,2857,edmundson,henry,VA,D,House
E000191,2972,english,william,IN,D,House
E000220,,estabrook,experience,NE,O,House
E000227,2998,etheridge,emerson,TN,O,House
F000214,3229,florence,thomas,PA,D,House
F000312,3314,foster,stephen,ME,R,House
F000377,3369,french,ezra,ME,R,House
G000076,3484,garnett,muscoe,VA,D,House
G000088,3496,gartrell,lucius,GA,D,House
G000217,3612,gilmer,john,NC,O,House
G000281,3669,goode,william,VA,D,House
G000356,3734,graham,james,NY,R,House
H000034,3922,hale,john,NH,R,Senate
H000046,3934,hall,chapin,PA,R,House
H000103,3984,hamilton,andrew,TX,O,House
H000244,4105,harris,james,MD,O,House
H000321,4175,haskin,john,NY,O,House
H000349,4194,hatton,robert,TN,O,House
H000353,4198,haun,henry,CA,D,Senate
H000369,4213,hawkins,george,FL,D,House
H000462,4292,helmick,william,OH,R,House
H000468,4296,hemphill,john,TX,D,Senate
H000628,4440,hindman,thomas,AR,D,House
H000658,4466,hoard,charles,NY,R,House
H000846,4633,howard,william,OH,D,House
H000847,4634,howard,william,MI,R,House
H000921,4700,hughes,george,MD,D,House
H000988,4759,hunter,robert,VA,D,Senate
I000036,4821,irvine,william,NY,R,House
J000016,4855,jackson,james,GA,D,House
J000081,4912,jenkins,albert,VA,D,House
J000235,5045,jones,john,GA,D,House
J000281,5086,junkin,benjamin,PA,R,House
K000054,5132,keitt,laurence,SC,D,House
K000128,5197,kenyon,william,NY,R,House
K000175,5239,kilgore,david,IN,R,House
K000339,5375,kunkel,jacob,MD,D,House
L000053,5435,landrum,john,LA,D,House
L000062,5444,lane,joseph,OR,D,Senate
L000099,5478,larrabee,charles,WI,D,House
L000168,5535,leach,de,MI,R,House
L000176,5541,leake,shelton,VA,O,House
L000199,5563,lee,moses,NY,R,House
L000432,5769,longnecker,henry,PA,R,House
L000457,5793,love,peter,GA,D,House
M000032,5893,maclay,william,NY,D,House
M000171,6017,martin,charles,OH,D,House
M000179,6023,martin,elbert,VA,O,House
M000503,6297,mckenty,jacob,PA,D,House
M000595,6377,mcqueen,john,SC,D,House
M000596,6378,mcrae,john,MS,D,House
M000707,6468,miles,william,SC,D,House
M000780,6533,millson,john,VA,D,House
M000782,6535,millward,william,PA,R,House
M000875,6610,montgomery,william,PA,D,House
M000907,6641,moore,laban,KY,O,House
M000918,6652,moore,sydenham,AL,D,House
M000977,6704,morris,isaac,IL,D,House
M001010,6734,morse,freeman,ME,R,House
N000096,6921,nicholson,alfred,TN,D,Senate
O000125,,otero,miguel,NM,O,House
P000039,7176,palmer,george,NY,R,House
P000085,,parrott,marcus,KS,R,House
P000214,7330,pennington,william,NJ,R,House
P000243,7356,perry,john,ME,R,House
P000278,7384,pettit,john,IN,R,House
P000284,7389,peyton,samuel,KY,D,House
P000470,7561,pottle,emory,NY,R,House
P000481,7572,powell,lazarus,KY,D,Senate
P000558,7641,pryor,roger,VA,D,House
Q000002,7664,quarles,james,TN,O,House
R000171,7829,reynolds,edwin,NY,R,House
R000175,7833,reynolds,john,NY,O,House
R000254,7904,riggs,jetur,NJ,O,House
R000333,7973,robinson,christopher,RI,R,House
R000488,8098,royce,homer,VT,R,House
R000499,8106,ruffin,thomas,NC,D,House
R000544,8145,rust,albert,AR,D,House
S000158,8286,schwartz,john,PA,O,House
S000167,8294,scott,charles,CA,D,House
S000216,8339,sebastian,william,AR,D,Senate
S000421,8520,simms,william,KY,D,House
S000526,8610,smith,delazon,OR,D,Senate
S000627,8697,smith,william,VA,D,House
S000634,8703,smith,william,NC,O,House
S000678,8741,somes,daniel,ME,R,House
S000735,8795,spink,cyrus,OH,R,House
S000737,8797,spinner,francis,NY,R,House
S000786,8829,stallworth,james,AL,D,House
S000801,8843,stanton,benjamin,OH,R,House
S000881,,stevens,isaac,WA,D,House
S000910,8936,stewart,james,MD,D,House
S000921,8947,stewart,william,PA,R,House
S000981,9002,stout,lansing,OR,D,House
T000040,9178,tappan,mason,NH,R,House
T000094,9225,taylor,miles,LA,D,House
T000122,9255,ten eyck,john,NJ,R,Senate
T000145,9273,thayer,eli,MA,R,House
T000151,9279,theaker,thomas,OH,R,House
T000170,9296,thomas,james,TN,D,House
T000305,9416,tompkins,cydnor,OH,R,House
T000313,9423,toombs,robert,GA,D,Senate
U000010,9557,underwood,john,GA,D,House
W000006,9699,wade,edward,OH,R,House
W000173,9851,washburn,israel,ME,R,House
W000280,9940,wells,alfred,NY,R,House
W000409,10059,whiteley,william,DE,D,House
W000447,10093,wigfall,louis,TX,D,Senate
W000589,10231,wilson,james,IN,R,House
W000640,10278,winslow,warren,NC,D,House
W000696,10326,wood,john,PA,R,House
W000717,10347,woodruff,john,CT,R,House
W000728,10359,woodson,samuel,MO,O,House
W000765,10393,wright,john,TN,D,House
B000059,361,baker,edward,OR,R,Senate
L000110,5490,latham,milton,CA,D,Senate
L000313,5666,lincoln,abraham,IL,O,House
A000032,25,adams,charles,MA,R,House
A000081,69,aldrich,cyrus,MN,R,House
A000149,131,allen,william,OH,D,House
A000270,220,appleton,william,MA,O,House
B000002,312,babbitt,elijah,PA,R,House
B000038,341,bailey,goldsmith,MA,R,House
B000074,372,baker,stephen,NY,R,House
B000412,,bernhisel,john,UT,O,House
B000439,691,biddle,charles,PA,D,House
B000529,770,blair,samuel,PA,R,House
B000531,772,blake,harrison,OH,R,House
B000789,995,breckinridge,john,KY,D,Senate
B000822,1026,bridges,george,TN,O,House
B000956,1144,browne,george,RI,O,House
B000960,1148,browning,orville,IL,R,Senate
B001120,1290,burnett,henry,KY,D,House
B001123,1293,burnham,alfred,CT,R,House
C000058,1429,calvert,charles,MD,O,House
C000088,1453,campbell,james,PA,R,House
C000150,1507,carlile,john,VA,O,Senate
C000229,1578,casey,samuel,KY,O,House
C000278,1623,chamberlain,jacob,NY,R,House
C000332,1672,chase,salmon,OH,R,Senate
C000427,1759,clark,daniel,NH,R,Senate
C000441,1773,clark,john,MO,D,House
C000505,1830,clements,andrew,TN,O,House
C000546,1866,cobb,george,NJ,D,House
C000628,1940,collamer,jacob,VT,R,Senate
C000680,1983,conkling,frederick,NY,R,House
C000713,2013,conway,martin,KS,R,House
C000763,2057,cooper,thomas,PA,D,House
C000791,2078,corwin,thomas,OH,R,House
C000819,2101,cowan,edgar,PA,R,Senate
C000850,,cradlebaugh,john,NV,O,House
C000907,2176,crisfield,john,MD,O,House
C000912,2181,crittenden,john,KY,O,House
C001013,2274,curtis,samuel,IA,R,House
C001027,2288,cutler,william,OH,R,House
D000143,2418,davis,william,PA,R,House
D000202,2472,de jarnette,daniel,VA,O,House
D000213,2478,delano,charles,MA,R,House
D000215,2481,delaplaine,isaac,NY,D,House
D000364,2613,diven,alexander,NY,R,House
D000542,2767,dunlap,george,KY,O,House
D000554,2777,dunn,william,IN,R,House
E000048,2848,edgerton,sidney,OH,R,House
E000081,2874,edwards,thomas,NH,R,House
E000164,2952,ely,alfred,NY,R,House
F000097,3125,fessenden,samuel,ME,R,House
F000098,3126,fessenden,thomas,ME,R,House
F000147,3167,fisher,george,DE,O,House
F000189,3205,flanders,benjamin,LA,O,House
F000308,3310,foster,lafayette,CT,R,Senate
F000316,3318,fouke,philip,IL,D,House
F000334,3333,franchot,richard,NY,R,House
G000374,3748,granger,bradley,MI,R,House
G000530,3881,gurley,john,OH,R,House
H000021,3909,haight,edward,NY,D,House
H000145,4023,hanchett,luther,WI,R,House
H000242,4103,harris,ira,NY,R,Senate
H000274,4133,harrison,richard,OH,O,House
H000562,4384,hickman,john,PA,R,House
H000800,4590,horton,valentine,OH,R,House
H001008,4778,hutchins,john,OH,R,House
J000019,4857,jackson,james,KY,O,House
J000179,4995,johnson,waldo,MO,D,Senate
K000068,5146,kellogg,william,IL,R,House
K000147,5215,kerrigan,james,NY,O,House
L000060,5442,lane,henry,IN,R,Senate
L000179,5544,leary,cornelius,MD,O,House
L000227,5592,lehman,william,PA,D,House
L000438,5775,loomis,dwight,CT,R,House
L000469,5804,low,frederick,CA,R,House
M000275,6103,may,henry,MD,O,House
M000337,6157,mcclernand,john,IL,D,House
M000416,6222,mcdougall,james,CA,D,Senate
M000491,6285,mckean,james,NY,R,House
M000531,6319,mcknight,robert,PA,R,House
M000591,6373,mcpherson,edward,PA,R,House
M000641,6414,menzies,john,KY,O,House
M000801,6550,mitchel,charles,AR,D,Senate
M000830,6576,mitchell,william,IN,R,House
M000967,6694,morrill,anson,ME,R,House
M000975,6702,morris,edward,PA,R,House
N000042,6873,nelson,thomas,TN,O,House
N000115,6938,nixon,john,NJ,R,House
N000148,6967,norton,elijah,MO,D,House
N000168,6985,nugen,robert,OH,D,House
O000066,7054,olin,abram,NY,R,House
P000161,7282,pearce,james,MD,D,Senate
P000296,7401,phelps,john,MO,D,House
P000300,7405,phelps,timothy,CA,R,House
P000435,7529,porter,albert,IN,R,House
P000465,7556,potter,john,WI,R,House
P000532,7618,price,thomas,MO,D,House
R000149,7812,reid,john,MO,D,House
R000238,7891,riddle,albert,OH,R,House
S000191,8316,scranton,george,PA,R,House
S000221,8343,sedgwick,charles,NY,R,House
S000350,8458,sherman,socrates,NY,R,House
S000358,8466,shiel,george,OR,D,House
S000490,8578,sloan,andrew,WI,R,House
S000529,8612,smith,edward,NY,D,House
S000705,8768,spaulding,elbridge,NY,R,House
S000809,8849,stark,benjamin,OR,D,Senate
S000995,9015,stratton,john,NJ,R,House
T000144,9272,thayer,andrew,OR,D,House
T000157,9285,thomas,benjamin,MA,O,House
T000352,9455,train,charles,MA,R,House
T000371,9471,trimble,carey,OH,R,House
U000030,9575,upton,charles,VA,O,House
V000008,9588,vallandigham,clement,OH,D,House
V000090,9664,verree,john,PA,R,House
V000094,9667,vibbard,chauncey,NY,D,House
W000045,9734,walker,amasa,MA,R,House
W000073,9759,wall,william,NY,R,House
W000112,9794,walton,charles,ME,R,House
W000113,9795,walton,eliakim,VT,R,House
W000213,,watts,john,NM,R,House
W000351,10005,white,albert,IN,R,House
W000442,10088,wickliffe,charles,KY,O,House
W000566,10208,wilmot,david,PA,R,Senate
W000716,10346,woodruff,george,CT,D,House
W000741,10370,worcester,samuel,OH,R,House
A000295,247,arnold,samuel,RI,R,Senate
F000106,3133,field,richard,NJ,R,Senate
H000189,4057,harding,benjamin,OR,D,Senate
H000483,4310,henderson,john,MO,R,Senate
H000567,4387,hicks,thomas,MD,O,Senate
W000609,10248,wilson,robert,MO,O,Senate
W000766,10394,wright,joseph,IN,O,Senate
A000128,111,allen,james,IL,D,House
A000152,133,allen,william,IL,D,House
A000201,178,anderson,lucien,KY,O,House
A000288,240,arnold,isaac,IL,R,House
B000043,346,bailey,joseph,PA,D,House
B000085,380,baldwin,augustus,MI,D,House
B000369,,bennet,hiram,CO,O,House
B000525,766,blair,jacob,WV,O,House
B000559,796,bliss,george,OH,D,House
B000678,893,bowden,lemuel,VA,O,Senate
B000905,1100,brown,benjamin,MO,R,Senate
B000922,1112,brown,james,WI,D,House
B000948,1137,brown,william,VA,O,House
C000420,1752,clark,ambrose,NY,R,House
C000479,1807,clay,brutus,KY,O,House
C000609,,cole,george,WA,D,House
C000695,1997,conness,john,CA,R,Senate
C000784,2073,corning,erastus,NY,D,House
C000883,2153,cravens,james,IN,D,House
D000006,,daily,samuel,NE,R,House
D000104,2385,davis,henry,MD,O,House
D000369,2617,dixon,james,CT,R,Senate
D000428,2668,doolittle,james,WI,R,Senate
E000047,2847,edgerton,joseph,IN,D,House
F000248,3256,foot,solomon,VT,R,Senate
F000338,3337,frank,augustus,NY,R,House
G000042,3454,ganson,john,NY,D,House
H000032,3920,hale,james,PA,O,House
H000079,3961,hall,william,MO,O,House
H000229,4094,harrington,henry,IN,D,House
H000234,4098,harris,charles,IL,D,House
H000493,4319,hendricks,thomas,IN,D,Senate
H000537,4361,herrick,anson,NY,D,House
H001010,4780,hutchins,wells,OH,D,House
J000066,,jayne,william,DK,O,House
J000169,4987,johnson,reverdy,MD,D,Senate
J000201,5014,johnston,william,OH,D,House
K000005,5092,kalbfleisch,martin,NY,D,House
K000194,5254,king,austin,MO,O,House
K000225,,kinney,john,UT,D,House
K000276,5328,knapp,anthony,IL,D,House
K000297,5348,knox,samuel,MO,O,House
L000125,5502,law,john,IN,D,House
L000154,5530,lazear,jesse,PA,D,House
L000357,5707,littlejohn,de,NY,R,House
L000410,5753,long,alexander,OH,D,House
L000462,5797,lovejoy,owen,IL,R,House
M000082,5940,mallory,robert,KY,O,House
M000126,5978,marcy,daniel,NH,D,House
M000295,6121,mcallister,archibald,PA,D,House
M000301,6127,mcbride,john,OR,R,House
M000420,6226,mcdowell,james,IN,D,House
M000697,6460,middleton,george,NJ,D,House
M000763,6517,miller,william,PA,D,House
M000949,6677,morgan,edwin,NY,R,Senate
M000978,6705,morris,james,OH,D,House
M001038,,mott,gordon,NV,R,House
M001126,6835,myers,amos,PA,R,House
N000034,6864,nelson,homer,NY,D,House
N000119,6942,noble,warren,OH,D,House
N000122,6945,noell,john,MO,O,House
N000151,6970,norton,jesse,IL,R,House
O000096,7079,o'neill,john,OH,D,House
O000037,7025,odell,moses,NY,D,House
P000224,,perea,francisco,NM,R,House
P000244,7357,perry,nehemiah,NJ,D,House
P000458,,poston,charles,AZ,R,House
R000228,7883,richardson,william,IL,D,Senate
R000412,8042,rollins,james,MO,O,House
S000178,8305,scott,john,MO,D,House
S000227,8349,segar,joseph,VA,O,House
S000290,8403,shannon,thomas,CA,R,House
S000642,8711,smithers,nathaniel,DE,O,House
S000825,8862,stebbins,henry,NY,D,House
S000833,8870,steele,john,NY,D,House
S000839,8875,steele,william,NJ,D,House
S001035,9054,stuart,john,IL,D,House
S001100,9112,sweat,lorenzo,ME,D,House
T000120,9250,temple,william,DE,D,House
T000292,,todd,john,DK,D,House
T000345,9449,tracy,henry,PA,O,House
V000061,9637,van valkenburgh,robert,NY,R,House
V000066,9642,van winkle,peter,WV,R,Senate
W000005,9698,wade,benjamin,OH,R,Senate
W000072,9758,wall,james,NJ,D,Senate
W000086,,wallace,william,ID,R,House
W000332,9986,wheeler,ezra,WI,D,House
W000360,10014,white,chilton,OH,D,House
W000384,10037,white,joseph,OH,D,House
W000461,10106,wilder,abel,KS,R,House
W000747,10376,worthington,henry,NV,R,House
W000772,10400,wright,william,NJ,D,Senate
Y000015,10422,yeaman,george,KY,O,House
F000038,3076,farwell,nathan,ME,R,Senate
R000239,7892,riddle,george,DE,D,Senate
A000155,136,alley,john,MA,R,House
A000178,157,ancona,sydenham,PA,D,House
B000142,434,barker,abraham,PA,R,House
B000246,522,baxter,portus,VT,R,House
B000406,664,bergen,teunis,NY,D,House
B000447,698,bidwell,john,CA,R,House
B000572,808,blow,henry,MO,R,House
B000768,977,brandegee,augustus,CT,R,House
C000104,1468,campbell,william,TN,O,House
C000747,2042,cooper,edmund,TN,O,House
C000904,2173,creswell,john,MD,O,Senate
C000977,2243,culver,charles,PA,R,House
D000055,2339,darling,william,NY,R,House
D000139,2414,davis,thomas,NY,R,House
D000153,2428,dawson,john,PA,D,House
D000192,2463,defrees,joseph,IN,R,House
D000227,2487,deming,henry,CT,R,House
D000247,,denny,arthur,WA,R,House
D000397,2643,dodge,william,NY,R,House
D000524,2753,dumont,ebenezer,IN,R,House
F000026,3065,farquhar,john,IN,R,House
F000099,3127,fessenden,william,ME,R,Senate
G000301,3686,goodwin,john,AZ,R,House
G000307,3692,goodyear,charles,NY,D,House
G000455,3815,grider,henry,KY,D,House
G000475,3834,grimes,james,IA,R,Senate
G000478,3837,grinnell,josiah,IA,R,House
G000534,3884,guthrie,james,KY,D,Senate
H000187,4055,harding,aaron,KY,D,House
H000232,4096,harris,benjamin,MD,D,House
H000292,4149,hart,roswell,NY,R,House
H000480,4307,henderson,james,OR,R,House
H000604,4421,hill,ralph,IN,R,House
H000691,4495,hogan,john,MO,D,House
H000742,4539,holmes,sidney,NY,R,House
H000839,4627,howard,jacob,MI,R,Senate
H000881,4665,hubbard,demas,NY,R,House
H000885,4669,hubbard,john,CT,R,House
H000892,4676,hubbell,edwin,NY,D,House
H000893,4677,hubbell,james,OH,R,House
H000954,4729,humphrey,james,NY,R,House
H000984,4755,hunter,john,NY,D,House
J000168,4986,johnson,philip,PA,D,House
J000242,5052,jones,morgan,NY,D,House
K000066,5144,kellogg,orlando,NY,R,House
K000081,5157,kelso,john,MO,O,House
K000347,5382,kuykendall,andrew,IL,R,House
L000061,5443,lane,james,KS,R,Senate
L000107,5487,latham,george,WV,O,House
L000156,5550,le blond,francis,OH,D,House
L000217,5585,leftwich,john,TN,O,House
L000434,5771,longyear,john,MI,R,House
M000476,6275,mcindoe,walter,WI,R,House
M000551,,mclean,samuel,MT,D,House
M000600,6382,mcruer,donald,CA,R,House
M000974,6701,morris,daniel,NY,R,House
N000066,6894,newell,william,NJ,R,House
N000145,6965,norton,daniel,MN,D,Senate
R000007,7686,radford,william,NY,D,House
R000040,7716,randall,william,KY,O,House
R000084,7755,raymond,henry,NY,R,House
R000193,7849,rice,alexander,MA,R,House
R000201,7857,rice,john,ME,R,House
R000276,7922,ritter,burwell,KY,D,House
R000387,8019,rogers,andrew,NJ,D,House
R000468,8085,rousseau,lovell,KY,O,House
S000074,8223,saulsbury,willard,DE,D,Senate
S000283,8397,shanklin,george,KY,D,House
S000492,8580,sloan,ithamar,WI,R,House
S000544,8627,smith,green,KY,O,House
S000817,8856,starr,john,NJ,R,House
S000926,8952,stilwell,thomas,IN,R,House
S001026,9045,strouse,myer,PA,D,House
T000095,9226,taylor,nathaniel,TN,O,House
T000096,9227,taylor,nelson,NY,D,House
T000150,9278,thayer,martin,PA,R,House
T000174,9300,thomas,john,MD,O,House
T000240,9358,thornton,anthony,IL,D,House
W000126,9807,ward,andrew,KY,D,House
W000157,9835,warner,samuel,CT,R,House
W000239,9904,webster,edwin,MD,O,House
W000295,9953,wentworth,john,IL,R,House
W000318,9973,whaley,kellian,WV,O,House
W000484,10129,willey,waitman,WV,R,Senate
W000498,10143,williams,george,OR,R,Senate
W000630,10269,winfield,charles,NY,D,House
W000758,10386,wright,edwin,NJ,D,House
Y000012,10419,yates,richard,IL,R,Senate
C000254,1602,cattell,alexander,NJ,R,Senate
F000234,3247,fogg,george,NH,R,Senate
F000324,3326,fowler,joseph,TN,R,Senate
P000110,7237,patterson,david,TN,D,Senate
R000445,8067,ross,edmund,KS,R,Senate
A000188,167,anderson,george,MO,R,House
A000312,264,ashley,delos,NV,R,House
A000314,266,ashley,james,OH,R,House
B000091,386,baldwin,john,MA,R,House
B000156,446,barnes,demas,NY,D,House
B000219,,bashford,coles,AZ,O,House
B000248,525,bayard,james,DE,D,Senate
B000510,753,blackburn,william,LA,R,House
B000722,934,boyden,nathaniel,NC,O,House
B000723,935,boyer,benjamin,PA,D,House
B000865,1064,bromwell,henry,IL,R,House
B000889,1086,broomall,john,PA,R,House
B001022,1203,buckland,ralph,OH,R,House
B001108,,burleigh,walter,DK,R,House
C000057,1428,callis,john,AL,R,House
C000216,1565,cary,samuel,OH,O,House
C000302,1645,chanler,john,NY,D,House
C000468,1798,clarke,reader,OH,R,House
C000517,,clever,charles,NM,O,House
C000607,1921,cole,cornelius,CA,R,Senate
C000626,1938,colfax,schuyler,IN,R,House
C000771,2064,corbett,henry,OR,R,Senate
C000778,2069,corley,manuel,SC,R,House
D000099,2380,davis,garrett,KY,D,Senate
D000214,2479,delano,columbus,OH,R,House
D000235,2495,denison,charles,PA,D,House
D000395,2641,dodge,grenville,IA,R,House
D000417,2658,donnelly,ignatius,MN,R,House
D000484,2715,drake,charles,MO,R,Senate
D000498,2728,driggs,john,MI,R,House
E000036,2837,eckley,ephraim,OH,R,House
E000090,2882,eggleston,benjamin,OH,R,House
E000106,2895,eliot,thomas,MA,R,House
E000123,2912,elliott,james,AR,R,House
F000112,3137,fields,william,NY,R,House
F000136,3157,finney,darwin,PA,R,House
F000188,,flanders,alvan,WA,R,House
F000378,3370,french,john,NC,R,House
G000242,3633,glossbrenner,adam,PA,D,House
G000335,3717,goss,james,SC,R,House
G000389,3758,gravely,joseph,MO,R,House
G000486,3844,griswold,john,NY,R,House
G000503,3860,grover,asa,KY,D,House
H000106,3987,hamilton,cornelius,OH,R,House
H000188,4056,harding,abner,IL,R,House
H000211,4077,harlan,james,IA,R,Senate
H000352,4197,haughey,thomas,AL,R,House
H000576,4396,higby,william,CA,R,House
H000631,4443,hinds,james,AR,R,House
H000644,4453,hise,elijah,KY,D,House
H000710,,holbrook,edward,ID,D,House
H000809,4598,hotchkiss,julius,CT,D,House
H000877,4662,hubbard,asahel,IA,R,House
H000879,4663,hubbard,chester,WV,R,House
H000888,4672,hubbard,richard,CT,D,House
H000936,4713,hulburd,calvin,NY,R,House
H000955,4730,humphrey,james,NY,D,House
K000064,5142,kellogg,francis,AL,R,House
K000247,5304,kitchen,bethuel,WV,R,House
K000311,5356,koontz,william,PA,R,House
L000317,5670,lincoln,william,NY,R,House
L000384,5729,loan,benjamin,MO,R,House
M000083,5941,mallory,rufus,OR,R,House
M000103,5958,mann,james,LA,D,House
M000140,5988,marquette,turner,NE,R,House
M000210,6048,marvin,james,NY,R,House
M000347,6163,mcclurg,joseph,MO,R,House
M000395,6206,mccullough,hiram,MD,D,House
M000497,6291,mckee,samuel,KY,R,House
M000726,6482,miller,george,PA,R,House
M000929,6660,moorhead,james,PA,R,House
M001073,6791,mullins,james,TN,R,House
N000065,6893,newcomb,carman,MO,R,House
N000099,6924,nicholson,john,DE,D,House
N000123,6946,noell,thomas,MO,D,House
N000138,6959,norris,benjamin,AL,R,House
N000177,6992,nye,james,NV,R,Senate
P000120,7246,patterson,james,NH,R,Senate
P000226,7340,perham,sidney,ME,R,House
P000274,7380,pettis,solomon,PA,R,House
P000292,7397,phelps,charles,MD,O,House
P000332,7434,pierce,charles,AL,R,House
P000346,7448,pike,frederick,ME,R,House
P000350,7451,pile,william,MO,R,House
P000376,7476,plants,tobias,OH,R,House
P000418,7515,polsley,daniel,WV,R,House
P000423,7518,pomeroy,samuel,KS,R,Senate
P000424,7519,pomeroy,theodore,NY,R,House
P000554,7639,pruyn,john,NY,D,House
R000071,7744,raum,green,IL,R,House
R000328,7968,robertson,william,NY,R,House
R000451,8073,ross,lewis,IL,D,House
S000237,8358,selye,lewis,NY,O,House
S000458,8553,sitgreaves,charles,NJ,D,House
S000697,8760,spalding,rufus,OH,R,House
S000887,8917,stevens,thaddeus,PA,R,House
S000920,8946,stewart,thomas,NY,O,House
S000983,9004,stover,john,MO,R,House
T000002,9145,taber,stephen,NY,D,House
T000148,9276,thayer,john,NE,R,Senate
T000166,9292,thomas,francis,MD,R,House
T000374,9474,trimble,john,TN,R,House
T000385,9485,trowbridge,rowland,MI,R,House
T000392,9492,trumbull,lyman,IL,R,Senate
U000027,9572,upson,charles,MI,R,House
V000040,9616,van horn,burt,NY,R,House
V000096,9669,vidal,michel,LA,R,House
W000172,9850,washburn,henry,IN,R,House
W000538,10179,williams,thomas,PA,R,House
W000613,10252,wilson,stephen,PA,R,House
W000708,10338,woodbridge,frederick,VT,R,House
A000006,6,abbott,joseph,NC,R,Senate
H000246,4107,harris,john,LA,R,Senate
M000408,6216,mcdonald,alexander,AR,R,Senate
O000109,7090,osborn,thomas,FL,R,Senate
P000427,7521,pool,john,NC,R,Senate
R000195,7851,rice,benjamin,AR,R,Senate
S000086,8235,sawyer,frederick,SC,R,Senate
V000095,9668,vickers,george,MD,D,Senate
W000159,9837,warner,willard,AL,R,Senate
W000261,9924,welch,adonijah,FL,R,Senate
A000285,237,armstrong,william,PA,R,House
A000286,238,arnell,samuel,TN,R,House
A000320,274,asper,joel,MO,R,House
A000335,289,atwood,david,WI,R,House
A000349,304,axtell,samuel,CA,D,House
A000351,306,ayer,richard,VA,R,House
B000034,338,bailey,alexander,NY,R,House
B000275,549,beaman,fernando,MI,R,House
B000364,626,benjamin,john,MO,R,House
B000373,635,bennett,david,NY,R,House
B000395,655,benton,jacob,NH,R,House
B000424,678,bethune,marion,GA,R,House
B000627,851,booker,george,VA,O,House
B000638,862,boreman,arthur,WV,R,Senate
B000681,896,bowen,christopher,SC,R,House
B000720,932,boyd,sempronius,MO,R,House
B000737,,bradford,allen,CO,R,House
B000963,1151,brownlow,william,TN,R,Senate
B001011,1192,buck,alfred,AL,R,House
B001021,1202,buckingham,william,CT,R,Senate
B001134,1303,burr,albert,IL,D,House
C000024,1398,cake,henry,PA,R,House
C000047,1421,calkin,hervey,NY,D,House
C000236,1585,casserly,eugene,CA,D,Senate
C000260,1608,cavanaugh,james,MT,D,House
C000337,,chaves,jose,NM,R,House
C000392,1725,churchill,john,NY,R,House
C000470,1800,clarke,sidney,KS,R,House
C000514,1838,cleveland,orestes,NJ,D,House
C000519,1842,clift,joseph,GA,R,House
C000543,1863,cobb,amasa,WI,R,House
C000776,2067,corker,stephen,GA,D,House
C000818,2100,covode,john,PA,R,House
C000827,2108,cowles,george,NY,R,House
D000126,2403,davis,noah,NY,R,House
D000195,2464,degener,edward,TX,R,House
D000291,2540,deweese,john,NC,R,House
D000320,2572,dickinson,edward,OH,D,House
D000370,2618,dixon,joseph,NC,R,House
D000375,2623,dixon,nathan,RI,R,House
D000386,2633,dockery,oliver,NC,R,House
D000412,2654,donley,joseph,PA,R,House
D000576,2794,duval,isaac,WV,R,House
D000589,2805,dyer,david,MO,R,House
E000085,2877,edwards,william,GA,R,House
E000099,2888,ela,jacob,NH,R,House
F000077,3107,fenton,reuben,NY,O,Senate
F000093,3121,ferriss,orange,NY,R,House
F000150,3170,fisher,john,NY,R,House
F000159,3178,fitch,thomas,NV,R,House
F000331,3331,fox,john,NY,D,House
G000162,3562,gibson,james,VA,O,House
G000171,3571,gilbert,abijah,FL,R,Senate
G000185,3584,gilfillan,calvin,PA,R,House
G000271,3661,golladay,jacob,KY,D,House
G000347,3728,gove,samuel,GA,R,House
G000426,3790,greene,george,NY,D,House
G000485,3843,griswold,john,NY,D,House
H000020,3908,haight,charles,NJ,D,House
H000100,3981,hamill,patrick,MD,D,House
H000105,3986,hamilton,charles,FL,R,House
H000118,3998,hamilton,william,MD,D,Senate
H000370,4214,hawkins,isaac,TN,R,House
H000432,4270,heaton,david,NC,R,House
H000447,4281,heflin,robert,AL,R,House
H000650,4459,hoag,truman,OH,D,House
H000734,4531,holmes,charles,NY,R,House
H000771,4565,hopkins,benjamin,WI,R,House
H000808,4597,hotchkiss,giles,NY,R,House
I000017,4806,ingersoll,ebon,IL,R,House
J000076,4907,jenckes,thomas,RI,R,House
J000145,4967,johnson,james,CA,D,House
J000208,5021,jones,alexander,NC,R,House
J000277,5082,judd,norman,IL,R,House
J000280,5085,julian,george,IN,R,House
K000080,5156,kelsey,william,NY,R,House
K000277,5329,knapp,charles,NY,R,House
L000017,5399,laflin,addison,NY,R,House
L000105,5485,lash,israel,NC,R,House
L000419,5759,long,jefferson,GA,R,House
M000109,5963,manning,john,NC,D,House
M000310,6133,mccarthy,dennis,NY,R,House
M000507,6301,mckenzie,lewis,VA,O,House
M000784,6537,milnes,william,VA,O,House
M000838,6581,moffet,john,PA,D,House
M000896,6630,moore,eliakim,OH,R,House
M000922,6656,moore,william,NJ,R,House
M000964,6691,morrell,daniel,PA,R,House
M000971,6698,morrill,samuel,ME,R,House
M001001,6726,morrissey,john,NY,D,House
M001079,6797,mungen,william,OH,D,House
N000072,6900,newsham,joseph,LA,R,House
N000166,,nuckolls,stephen,WY,D,House
P000028,7166,paine,halbert,WI,R,House
P000031,7169,paine,william,GA,D,House
P000293,7398,phelps,darwin,PA,R,House
P000421,7517,pomeroy,charles,IA,R,House
P000497,7587,pratt,daniel,IN,R,Senate
P000537,7623,prince,charles,GA,R,House
P000550,7635,prosser,william,TN,R,House
R000026,7703,ramsey,alexander,MN,R,Senate
R000096,7767,reading,john,PA,D,House
R000138,7804,reeves,henry,NY,D,House
R000248,7900,ridgway,robert,VA,O,House
R000388,8020,rogers,anthony,AR,D,House
R000434,8059,roots,logan,AR,R,House
S000054,8213,sanford,stephen,NY,R,House
S000118,8259,schenck,robert,OH,R,House
S000151,8279,schurz,carl,MO,O,Senate
S000177,8304,scott,john,PA,R,Senate
S000276,,shafer,jacob,ID,D,House
S000323,8433,sheldon,porter,NY,R,House
S000352,8460,sherrod,william,AL,D,House
S000581,8661,smith,joseph,OR,D,House
S000632,8701,smith,william,TN,R,House
S000648,8717,smyth,william,IA,R,House
S000736,,spink,solomon,DK,R,House
S000747,8806,sprague,william,RI,O,Senate
S000875,8905,stevens,aaron,NH,R,House
S000924,8950,stiles,john,PA,D,House
S000939,8962,stockton,john,NJ,D,Senate
S000950,8972,stokes,william,TN,R,House
S000957,8979,stone,frederick,MD,D,House
S000987,9008,strader,peter,OH,D,House
S001003,9023,strickland,randolph,MI,R,House
S001068,9083,sumner,charles,MA,O,Senate
S001104,9114,sweeney,william,KY,D,House
T000037,9176,tanner,adolphus,NY,R,House
T000068,9201,taylor,caleb,PA,R,House
T000269,9381,tift,nelson,GA,D,House
T000277,9389,tillman,lewis,TN,R,House
T000286,9398,tipton,thomas,NE,O,Senate
T000375,9475,trimble,lawrence,KY,D,House
V000014,9593,van auken,daniel,PA,D,House
W000133,9814,ward,hamilton,NY,R,House
W000170,9848,washburn,cadwallader,WI,R,House
W000176,9854,washburne,elihu,IL,R,House
W000270,9931,welker,martin,OH,R,House
W000424,10072,whitmore,george,TX,R,House
W000427,10074,whittemore,benjamin,SC,R,House
W000476,10121,wilkinson,morton,MN,R,House
W000578,10218,wilson,eugene,MN,D,House
W000626,10265,winans,james,OH,R,House
W000656,10292,witcher,john,WV,R,House
W000676,10309,wolf,william,IA,R,House
W000730,10360,woodward,george,PA,D,House
A000172,152,ames,adelbert,MS,R,Senate
F000186,3203,flanagan,james,TX,R,Senate
H000115,3995,hamilton,morgan,TX,R,Senate
H000864,4650,howell,james,IA,R,Senate
J000103,4930,jewett,daniel,MO,R,Senate
L000285,5642,lewis,john,VA,R,Senate
R000166,7825,revels,hiram,MS,R,Senate
A000020,15,acker,ephraim,PA,D,House
A000079,67,alcorn,james,MS,R,Senate
A000169,150,ambler,jacob,OH,R,House
A000175,155,ames,oakes,MA,R,House
B000283,555,beatty,john,OH,R,House
B000288,559,beck,erasmus,GA,D,House
B000430,684,beveridge,john,IL,R,House
B000452,702,bigby,john,GA,R,House
B000457,707,biggs,benjamin,DE,D,House
B000471,717,bingham,john,OH,R,House
B000478,723,bird,john,NJ,D,House
B000521,762,blair,austin,MI,R,House
B000523,764,blair,francis,MO,D,Senate
B000527,768,blair,james,MO,O,House
B000579,812,boarman,alexander,LA,O,House
B000603,833,boles,thomas,AR,R,House
B000777,985,braxton,elliott,VA,D,House
B000879,1076,brooks,george,MA,R,House
B001025,1206,buckley,charles,AL,R,House
B001074,1250,burdett,samuel,MO,R,House
C000027,1401,caldwell,alexander,KS,R,Senate
C000040,1414,caldwell,robert,TN,D,House
C000096,1461,campbell,lewis,OH,D,House
C000190,1541,carroll,john,NY,D,House
C000400,,clagett,william,MT,R,House
C000455,1786,clark,william,TX,R,House
C000498,1824,clayton,powell,AR,R,Senate
C000594,1909,coghlan,john,CA,R,House
C000691,1993,conner,john,TX,D,House
C000715,2014,cook,burton,IL,R,House
C000751,2046,cooper,henry,TN,D,Senate
C000852,2129,cragin,aaron,NH,R,Senate
C000900,2170,crebs,john,IL,D,House
C000901,2171,creely,john,PA,O,House
C000911,2180,critcher,john,VA,D,House
D000208,2482,de large,robert,SC,R,House
D000315,2567,dickey,oliver,PA,R,House
D000393,2639,dodds,ozro,OH,D,House
D000478,2710,dox,peter,AL,D,House
D000510,2739,du bose,dudley,GA,D,House
D000521,2750,duke,richard,VA,D,House
E000072,2869,edwards,john,AR,O,House
E000225,2997,esty,constantine,MA,R,House
F000024,3064,farnsworth,john,IL,R,House
F000129,3151,finkelnburg,gustavus,MO,O,House
F000274,3277,forker,samuel,NJ,D,House
F000305,3307,foster,henry,PA,D,House
F000369,3362,frelinghuysen,frederick,NJ,R,Senate
G000022,,gallegos,jose,NM,D,House
G000064,,garfielde,selucius,WA,R,House
G000079,3487,garrett,abraham,TN,D,House
G000145,3547,getz,james,PA,D,House
G000266,3657,goldthwaite,george,AL,D,Senate
G000270,3660,golladay,edward,TN,D,House
G000296,3681,goodrich,milo,NY,R,House
G000470,3829,griffith,samuel,PA,D,House
H000027,3915,haldeman,richard,PA,D,House
H000087,3969,halsey,george,NJ,R,House
H000095,3977,hambleton,samuel,MD,D,House
H000155,4032,handley,william,AL,D,House
H000157,4034,hanks,james,AR,D,House
H000222,4087,harper,james,NC,D,House
H000238,4100,harris,george,MS,R,House
H000383,4226,hay,john,IL,R,House
H000556,4379,hibbard,ellery,NH,D,House
H000599,4416,hill,joshua,GA,R,Senate
H000648,4457,hitchcock,phineas,NE,R,Senate
H000767,,hooper,william,UT,D,House
J000261,,jones,william,WY,R,House
K000074,5152,kelly,james,OR,D,Senate
K000193,5253,king,andrew,MO,D,House
K000226,5283,kinsella,thomas,NY,D,House
L000289,5646,lewis,joseph,KY,D,House
L000531,5853,lynch,john,ME,R,House
M000017,5882,macintyre,archibald,GA,D,House
M000114,5968,manson,mahlon,IN,D,House
M000327,6146,mccleery,james,LA,R,House
M000335,6154,mcclelland,william,PA,D,House
M000367,6179,mccormick,james,MO,D,House
M000461,6263,mcgrew,james,WV,R,House
M000468,6269,mchenry,henry,KY,D,House
M000525,6315,mckinney,john,OH,D,House
M000585,6369,mcneely,thompson,IL,D,House
M000646,6419,mercur,ulysses,PA,R,House
M000655,6428,merrick,william,MD,D,House
M000662,,merritt,samuel,ID,D,House
M000683,6452,meyers,benjamin,PA,D,House
M000728,6484,miller,homer,GA,D,Senate
M000902,6636,moore,jesse,IL,R,House
M000950,6678,morgan,george,OH,D,House
M000963,6690,morphis,joseph,MS,R,House
M000970,6697,morrill,lot,ME,R,Senate
N000082,6909,niblack,silas,FL,D,House
P000038,7175,palmer,francis,IA,R,House
P000175,7293,peck,erasmus,OH,R,House
P000221,7336,perce,legrand,MS,R,House
P000241,7354,perry,aaron,OH,R,House
P000252,7365,peters,john,ME,R,House
P000438,7532,porter,charles,VA,R,House
P000533,7619,price,william,GA,D,House
P000541,7627,prindle,elizur,NY,R,House
R000197,7853,rice,edward,IL,D,House
R000202,7858,rice,john,KY,D,House
R000275,7921,ritchie,john,MD,D,House
R000327,7967,robertson,thomas,SC,R,Senate
R000397,8029,rogers,john,NY,D,House
R000402,8033,rogers,sion,NC,D,House
R000428,8053,roosevelt,robert,NY,D,House
S000223,8345,seeley,john,NY,R,House
S000325,8435,shellabarger,samuel,OH,R,House
S000354,8462,sherwood,henry,PA,D,House
S000372,8479,shober,francis,NC,D,House
S000569,8650,smith,john,OH,R,House
S000641,8710,smith,worthington,VT,R,House
S000649,8718,snapp,henry,IL,R,House
S000714,8776,speer,thomas,GA,R,House
S000824,8861,stearns,ozora,MN,R,Senate
S000876,8906,stevens,bradford,IL,D,House
S000893,8921,stevenson,job,OH,R,House
S000894,8922,stevenson,john,KY,D,Senate
S000979,9000,stoughton,william,MI,R,House
S001013,9032,strong,julius,CT,R,House
S001082,9094,sutherland,jabez,MI,D,House
T000006,9149,taffe,john,NE,R,House
T000331,9435,townsend,dwight,NY,D,House
T000414,9509,turner,benjamin,AL,R,House
T000437,9530,tuthill,joseph,NY,D,House
T000443,9536,twichell,ginery,MA,R,House
U000029,9574,upson,william,OH,R,House
V000060,9636,van trump,philadelph,OH,D,House
V000076,9652,vaughan,william,TN,D,House
W000028,9720,wakeman,seth,NY,R,House
W000034,9726,walden,madison,IA,R,House
W000165,9843,warren,joseph,NY,D,House
W000303,9961,west,joseph,LA,R,Senate
W000544,10187,williams,william,NY,D,House
W000585,10225,wilson,henry,MA,R,Senate
W000603,10243,wilson,john,OH,R,House
W000628,10267,winchester,boyd,KY,D,House
W000759,10387,wright,george,IA,R,Senate
M000012,5878,machen,willis,KY,D,Senate
A000035,28,adams,george,KY,D,House
A000074,63,albert,william,MD,R,House
A000077,65,albright,charles,PA,R,House
A000274,224,archer,stevenson,MD,D,House
A000283,,armstrong,moses,DK,D,House
A000304,256,arthur,william,KY,D,House
A000344,298,averill,john,MN,R,House
B000122,415,barber,joel,WI,R,House
B000173,461,barrere,granville,IL,R,House
B000189,475,barry,henry,MS,R,House
B000316,584,begole,josiah,MI,R,House
B000419,675,berry,john,OH,D,House
B000450,701,biery,james,PA,R,House
B000595,825,bogy,lewis,MO,D,Senate
B000674,889,boutwell,george,MA,R,Senate
B000685,899,bowen,rees,VA,D,House
B000864,1063,bromberg,frederick,AL,O,House
B000881,1078,brooks,james,NY,D,House
C000068,1437,cameron,simon,PA,R,Senate
C000170,1523,carpenter,lewis,SC,R,House
C000265,1612,cessna,john,PA,R,House
C000370,,chipman,norton,DC,R,House
C000421,1753,clark,amos,NJ,R,House
C000461,1792,clarke,freeman,NY,R,House
C000493,1820,clayton,charles,CA,R,House
C000507,1832,clements,isaac,IL,R,House
C000544,1864,cobb,clinton,NC,R,House
C000551,1871,cobb,stephen,KS,R,House
C000558,1876,coburn,john,IN,R,House
C000658,1963,comingo,abram,MO,D,House
C000701,2003,conover,simon,FL,R,Senate
C000789,2076,corwin,franklin,IL,R,House
C000801,2086,cotton,aylett,IA,R,House
C000916,2185,crocker,alvah,MA,R,House
C000927,2194,crooke,philip,NY,R,House
C000933,2200,crossland,edward,KY,D,House
C000952,2219,crozier,robert,KS,R,Senate
C000961,2228,crutchfield,william,TN,R,House
C001007,2268,curtis,carlton,PA,R,House
D000091,2373,davis,alexander,VA,D,House
D000119,2398,davis,john,WV,O,House
D000285,2546,de witt,david,NY,D,House
D000242,2500,dennis,george,MD,D,Senate
D000413,2655,donnan,william,IA,R,House
D000441,2678,dorsey,stephen,AR,R,Senate
D000513,2742,duell,rodolphus,NY,R,House
E000103,2892,eldredge,charles,WI,D,House
E000128,2917,elliott,robert,SC,R,House
F000094,3122,ferry,orris,CT,R,Senate
F000105,3132,field,moses,MI,R,House
F000118,3142,finck,william,OH,D,House
F000315,3317,foster,wilder,MI,R,House
F000362,3355,freeman,james,GA,R,House
G000274,3663,gooch,daniel,MA,R,House
G000523,3876,gunckel,lewis,OH,R,House
H000011,3900,hagans,john,WV,R,House
H000016,3904,hager,john,CA,D,Senate
H000037,3925,hale,robert,NY,R,House
H000271,4131,harrison,horace,TN,R,House
H000357,4202,havens,harrison,MO,R,House
H000376,4219,hawley,john,IL,R,House
H000419,4257,hazelton,gerry,WI,R,House
H000420,4258,hazelton,john,NJ,R,House
H000535,4359,herndon,william,TX,D,House
H000653,4461,hoar,ebenezer,MA,R,House
H000671,4477,hodges,asa,AR,R,House
H000765,4559,hooper,samuel,MA,R,House
H000815,4603,houghton,sherman,CA,R,House
H000850,4637,howe,albert,MS,R,House
H000856,4642,howe,timothy,WI,R,Senate
H001023,4786,hyde,ira,MO,R,House
H001027,4790,hynes,william,AR,O,House
J000105,4932,jewett,hugh,OH,D,House
K000067,5145,kellogg,stephen,CT,R,House
K000090,5164,kendall,charles,NV,D,House
L000039,5424,lamison,charles,OH,D,House
L000042,5427,lamport,william,NY,R,House
L000088,5470,lansing,william,NY,R,House
L000132,5509,lawrence,effingham,LA,D,House
L000144,5521,lawson,john,NY,R,House
L000170,5536,leach,james,NC,D,House
L000271,5630,lewis,barbour,TN,R,House
L000398,5741,lofland,james,DE,R,House
L000451,5787,loughridge,william,IA,R,House
L000473,5808,lowe,david,KS,R,House
L000481,5813,lowndes,lloyd,MD,R,House
M000048,5908,magee,john,PA,D,House
M000160,6006,marshall,samuel,IL,D,House
M000184,6026,martin,james,IL,R,House
M000284,6112,maynard,horace,TN,R,House
M000385,6197,mccreery,thomas,KY,D,Senate
M000406,6214,mcdill,alexander,WI,R,House
M000435,,mcfadden,obadiah,WA,D,House
M000487,6282,mcjunkin,ebenezer,PA,R,House
M000494,6288,mckee,george,MS,R,House
M000553,6341,mclean,william,TX,D,House
M000587,6371,mcnulta,john,IL,R,House
M000637,6411,mellish,david,NY,R,House
M000653,6426,merriam,clinton,NY,R,House
M000659,6432,merrimon,augustus,NC,D,Senate
M000802,6551,mitchell,alexander,WI,D,House
M000925,6658,moore,william,PA,R,House
M001020,6744,morton,oliver,IN,R,Senate
M001131,6838,myers,leonard,PA,R,House
N000050,6880,nesmith,james,OR,D,House
N000083,6910,niblack,william,IN,D,House
N000107,6930,niles,jason,MS,R,House
N000170,6987,nunn,david,TN,R,House
O000048,7036,oglesby,richard,IL,R,Senate
O000103,7086,orr,jackson,IA,R,House
P000004,7144,packard,jasper,IN,R,House
P000057,7191,parker,hosea,NH,D,House
P000059,7193,parker,isaac,MO,R,House
P000089,7221,parsons,richard,OH,R,House
P000123,7248,patterson,john,SC,R,Senate
P000192,7310,pelham,charles,AL,R,House
P000204,7320,pendleton,james,RI,R,House
P000242,7355,perry,eli,NY,D,House
P000380,7480,platt,james,VA,R,House
R000060,7735,ransier,alonzo,SC,R,House
R000064,7739,rapier,james,AL,R,House
R000074,7746,rawls,morgan,GA,D,House
R000081,7752,ray,william,IL,R,House
R000094,7765,read,william,KY,D,House
R000200,7856,rice,john,IL,R,House
R000233,7886,richmond,hiram,PA,R,House
R000310,7951,roberts,ellis,NY,R,House
R000316,7956,roberts,william,NY,D,House
R000336,7976,robinson,james,IL,D,House
R000340,7979,robinson,james,OH,R,House
S000065,8218,sargent,aaron,CA,R,Senate
S000100,8245,sayler,henry,IN,R,House
S000114,8255,schell,richard,NY,D,House
S000164,8291,scofield,glenni,PA,R,House
S000197,8321,scudder,henry,NY,R,House
S000199,8323,scudder,isaac,NJ,R,House
S000240,8361,sener,james,VA,R,House
S000284,8398,shanks,john,IN,R,House
S000314,8425,sheats,charles,AL,R,House
S000322,8432,sheldon,lionel,LA,R,House
S000341,8450,sheridan,george,LA,O,House
S000375,8482,shoemaker,lazarus,PA,R,House
S000489,8577,sloan,andrew,GA,R,House
S000498,8586,sloss,joseph,AL,D,House
S000501,8589,small,william,NH,R,House
S000504,8592,smart,james,NY,R,House
S000539,8622,smith,george,LA,R,House
S000552,8634,smith,horace,NY,R,House
S000568,8649,smith,john,VA,R,House
S000574,8655,smith,john,OH,R,House
S000630,8699,smith,william,NC,R,House
S000671,8737,snyder,oliver,AR,R,House
S000713,8775,speer,robert,PA,D,House
S000723,8783,spencer,george,AL,R,Senate
S000748,8807,sprague,william,OH,R,House
S000765,8178,st. john,charles,NY,R,House
S000787,8830,stanard,edwin,MO,R,House
S000790,8833,standiford,elisha,KY,D,House
S000877,8907,stevens,charles,MA,R,House
S001001,9021,strawbridge,james,PA,R,House
S001140,9143,sypher,jacob,LA,R,House
T000063,9197,taylor,alexander,PA,R,House
T000158,9286,thomas,charles,NC,R,House
T000161,9289,thomas,christopher,VA,R,House
T000293,9405,todd,lemuel,PA,R,House
T000364,9465,tremain,lyman,NY,R,House
T000452,9544,tyner,james,IN,R,House
W000009,9702,wadleigh,bainbridge,NH,R,Senate
W000135,9816,ward,jasper,IL,R,House
W000137,9818,ward,marcus,NJ,R,House
W000353,10007,white,alexander,AL,R,House
W000401,10052,whitehead,thomas,VA,D,House
W000408,10058,whiteley,richard,GA,R,House
W000417,10066,whiting,william,MA,R,House
W000478,10123,willard,charles,VT,R,House
W000519,10164,williams,john,MA,R,House
W000545,10188,williams,william,IN,R,House
W000555,10197,willie,asa,TX,D,House
W000596,10236,wilson,jeremiah,IN,R,House
W000605,10245,wilson,joseph,OR,R,House
W000677,10310,wolfe,simeon,IN,D,House
W000713,10343,woodford,stewart,NY,R,House
Y000044,10447,young,john,KY,D,House
Y000048,10451,young,pierce,GA,D,House
H000307,4162,harvey,james,KS,R,Senate
P000172,7290,pease,henry,MS,R,Senate
W000174,9852,washburn,william,MA,R,Senate
A000007,7,abbott,josiah,MA,D,House
A000033,26,adams,charles,NY,R,House
A000067,57,ainsworth,lucien,IA,D,House
A000236,185,anderson,william,IL,O,House
A000309,261,ashe,thomas,NC,D,House
B000031,335,bagby,john,IL,D,House
B000221,502,bass,lyman,NY,R,House
B000346,612,bell,samuel,NH,D,House
B000383,,bennett,thomas,ID,O,House
B000630,854,booth,newton,CA,R,Senate
B000738,950,bradford,taul,AL,D,House
B000744,955,bradley,nathan,MI,R,House
B000933,1123,brown,john,KY,D,House
B000951,1140,brown,william,KS,R,House
B000968,1155,bruce,blanche,MS,R,Senate
B001040,1220,buffinton,james,MA,R,House
B001071,1247,burchard,samuel,WI,D,House
B001107,1278,burleigh,john,ME,R,House
B001130,1299,burnside,ambrose,RI,R,Senate
B001202,1361,buttz,charles,SC,R,House
C000035,1409,caldwell,john,AL,D,House
C000075,1443,campbell,alexander,IL,O,House
C000130,1491,caperton,allen,WV,D,Senate
C000179,1530,carr,nathan,IN,D,House
C000232,1581,cason,thomas,IN,R,House
C000248,1596,cate,george,WI,D,House
C000255,1603,caulfield,bernard,IL,D,House
C000305,1648,chapin,chester,MA,D,House
C000379,1714,christiancy,isaac,MI,R,Senate
C000561,1878,cochran,alexander,PA,D,House
C000820,2102,cowan,jacob,OH,D,House
C000935,2202,crounse,lorenzo,NE,R,House
D000145,2420,davy,john,NY,R,House
D000180,2456,de bolt,rezin,MO,D,House
D000383,2630,dobbins,samuel,NJ,R,House
D000562,2784,durand,george,MI,D,House
E000087,2879,egbert,albert,PA,D,House
E000167,2955,ely,smith,NY,D,House
E000185,2968,english,james,CT,D,Senate
F000044,3080,faulkner,charles,VA,D,House
F000104,3131,field,david,NY,D,House
F000160,3179,fite,samuel,TN,D,House
F000225,3238,flye,edwin,ME,R,House
F000394,3381,frost,rufus,MA,R,House
G000287,3675,goodin,john,KS,D,House
H000117,3997,hamilton,robert,NJ,D,House
H000121,4001,hamlin,hannibal,ME,R,Senate
H000179,4047,haralson,jeremiah,AL,R,House
H000347,4192,hathorn,henry,NY,R,House
H000396,4235,haymond,william,IN,D,House
H000402,4241,hays,charles,AL,R,House
H000545,4369,hersey,samuel,ME,R,House
H000698,4501,hoge,solomon,SC,R,House
H000801,4591,hoskins,george,NY,R,House
H000959,4733,humphreys,andrew,IN,D,House
H001003,4773,hurlbut,stephen,IL,R,House
H001025,4788,hyman,john,NC,R,House
J000091,4920,jenks,george,PA,D,House
J000116,4940,johnson,andrew,TN,D,Senate
J000253,5063,jones,thomas,KY,D,House
K000047,5125,kehr,edward,MO,D,House
K000133,5202,kernan,francis,NY,D,Senate
K000143,5212,kerr,michael,IN,D,House
K000154,5220,ketchum,winthrop,PA,R,House
K000156,5222,key,david,TN,D,Senate
K000182,5244,kimball,alanson,WI,R,House
K000218,5276,king,william,MN,R,House
L000002,5395,la dow,george,OR,D,House
L000046,5429,landers,franklin,IN,D,House
L000064,5446,lane,la,OR,D,House
L000140,5518,lawrence,william,OH,R,House
L000162,5603,le moyne,john,IL,D,House
L000182,5546,leavenworth,elias,NY,R,House
L000269,5628,levy,william,LA,D,House
L000442,5779,lord,scott,NY,D,House
M000007,5875,macdougall,clinton,NY,R,House
M000054,5914,magoon,henry,WI,R,House
M000379,6191,mccrary,george,IA,R,House
M000412,6219,mcdonald,joseph,IN,D,Senate
M000439,6243,mcfarland,william,TN,D,House
M000616,6395,meade,edwin,NY,D,House
M000673,6444,metcalfe,henry,NY,D,House
M000752,6506,miller,samuel,NY,R,House
M000768,6522,milliken,charles,KY,D,House
M000942,6670,morey,frank,LA,R,House
N000008,6844,nash,charles,LA,R,House
N000014,6850,neal,lawrence,OH,D,House
N000155,6974,norton,nelson,NY,R,House
O000017,7005,o'brien,william,MD,D,House
O000038,7026,odell,nathaniel,NY,D,House
P000008,7147,packer,john,PA,R,House
P000087,7219,parsons,edward,KY,D,House
P000335,7437,pierce,henry,MA,R,House
P000364,7465,piper,william,CA,D,House
P000374,7474,plaisted,harris,ME,R,House
P000434,7528,poppleton,earley,OH,D,House
P000459,7550,potter,allen,MI,D,House
P000480,7571,powell,joseph,PA,D,House
P000501,7591,pratt,henry,IA,R,House
P000572,7654,purman,william,FL,R,House
R000050,7726,randolph,theodore,NJ,D,Senate
R000154,7815,reilly,john,PA,D,House
R000301,7944,robbins,john,PA,D,House
R000454,8076,ross,sobieski,PA,R,House
R000517,8120,rusk,jeremiah,WI,R,House
S000084,8233,savage,john,OH,D,House
S000147,8276,schumaker,john,NY,D,House
S000225,8347,seelye,julius,MA,O,House
S000292,8405,sharon,william,NV,R,Senate
S000313,8424,sheakley,james,PA,D,House
S000731,8791,spencer,william,LA,D,House
S000807,8847,stanton,william,PA,D,House
S000815,8854,starkweather,henry,CT,R,House
S000840,,steele,william,WY,D,House
S000967,8988,stone,william,MO,D,House
S000985,9006,stowell,william,VA,R,House
T000041,9179,tarbox,john,MA,D,House
T000111,9242,teese,frederick,NJ,D,House
T000136,9264,terry,william,VA,D,House
T000182,9307,thomas,phillip,MD,D,House
T000195,9317,thompson,charles,MA,D,House
T000251,9367,thurman,allen,OH,D,Senate
T000337,9441,townsend,washington,PA,R,House
T000406,9503,tufts,john,IA,R,House
V000016,9596,vance,john,OH,D,House
W000041,9731,waldron,henry,MI,R,House
W000047,9736,walker,charles,NY,D,House
W000074,9760,wallace,alexander,SC,R,House
W000079,9765,wallace,john,PA,R,House
W000084,9770,wallace,william,PA,D,Senate
W000091,9777,walling,ansel,OH,D,House
W000093,9778,walls,josiah,FL,R,House
W000131,9812,ward,elijah,NY,D,House
W000168,9846,warren,william,MA,D,House
W000209,9880,watterson,henry,KY,D,House
W000283,9943,wells,guilford,MS,O,House
W000341,9995,wheeler,william,NY,R,House
W000405,10056,whitehouse,john,NY,D,House
W000416,10065,whiting,richard,IL,R,House
W000479,10124,willard,george,MI,R,House
W000507,10152,williams,james,IN,D,House
W000547,10189,williams,william,MI,R,House
W000567,10209,wilshire,william,AR,D,House
W000659,10295,withers,robert,VA,D,Senate
W000688,10318,wood,alan,PA,R,House
W000735,10365,woodworth,laurin,OH,R,House
B000166,455,barnum,william,CT,D,Senate
B000519,760,blaine,james,ME,R,Senate
C000271,1616,chaffee,jerome,CO,R,Senate
P000530,7616,price,samuel,WV,D,Senate
H000393,4232,hayes,rutherford,OH,R,House
A000279,230,armstrong,david,MO,D,Senate
B000020,328,bacon,william,NY,R,House
B000032,336,bagley,george,NY,R,House
B000039,342,bailey,james,TN,D,Senate
B000077,375,baker,william,NY,R,House
B000117,410,banning,henry,OH,D,House
B000305,575,beebe,george,NY,D,House
B000336,602,bell,hiram,GA,D,House
B000357,622,benedict,charles,NY,D,House
B000629,853,boone,andrew,KY,D,House
B000804,1009,brentano,lorenzo,IL,R,House
B000824,1028,bridges,samuel,PA,D,House
B000863,1062,brogden,curtis,NC,R,House
B001060,1238,bundy,solomon,NY,R,House
B001070,1246,burchard,horatio,IL,R,House
B001078,1253,burdick,theodore,IA,R,House
B001174,1335,butler,benjamin,MA,R,House
C000022,1396,cain,richard,SC,R,House
C000041,1415,caldwell,william,TN,D,House
C000112,1475,candler,milton,GA,D,House
C000464,1794,clarke,john,KY,D,House
C000610,1924,cole,nathan,MO,R,House
C000636,1946,collins,francis,PA,D,House
C000777,,corlett,william,WY,R,House
C000833,2113,cox,jacob,OH,R,House
C000913,2182,crittenden,thomas,MO,D,House
C000986,2250,cummings,henry,IA,R,House
C001025,2286,cutler,augustus,NJ,D,House
D000097,2378,davis,david,IL,O,Senate
D000103,2384,davis,henry,WV,D,Senate
D000170,2443,dean,benjamin,MA,D,House
D000236,2496,denison,dudley,VT,R,House
D000450,2686,douglas,beverly,VA,D,House
D000572,2792,durham,milton,KY,D,House
E000005,2811,eames,benjamin,RI,R,House
E000095,2885,eickhoff,anthony,NY,D,House
E000144,2933,ellsworth,charles,MI,R,House
E000245,3011,evans,james,IN,R,House
F000073,,fenn,stephen,ID,D,House
F000095,3123,ferry,thomas,MI,R,Senate
F000197,3213,fleming,william,GA,D,House
F000299,3301,foster,charles,OH,R,House
F000343,3341,franklin,benjamin,MO,D,House
F000361,3354,freeman,chapman,PA,R,House
F000406,3392,fuller,benoni,IN,D,House
G000059,3470,gardner,mills,OH,R,House
G000086,3494,garth,william,AL,D,House
G000100,3508,gause,lucien,AR,D,House
G000166,3566,giddings,de,TX,D,House
G000245,3636,glover,john,MO,D,House
G000505,3861,grover,la,OR,D,Senate
H000102,3983,hamilton,andrew,IN,D,House
H000160,4036,hanna,john,IN,R,House
H000267,4128,harrison,carter,IL,D,House
H000285,4143,hart,elizur,NY,D,House
H000303,4159,hartridge,julian,GA,D,House
H000304,4160,hartzell,william,IL,D,House
H000341,4189,hatcher,robert,MO,D,House
H000474,4302,hendee,george,VT,R,House
H000527,4352,hereford,frank,WV,D,Senate
H000587,4405,hill,benjamin,GA,D,Senate
H000966,4739,hungerford,john,NY,R,House
H000985,4756,hunter,morton,IN,R,House
I000048,4832,ittner,anthony,MO,R,House
J000037,,jacobs,orange,WA,R,House
J000191,5005,johnston,john,VA,D,Senate
J000219,5030,jones,frank,NH,D,House
J000238,5047,jones,john,OH,R,House
K000049,5127,keightley,edwin,MI,R,House
K000164,,kidder,jefferson,DK,R,House
K000242,5299,kirkwood,samuel,IA,R,Senate
K000281,5333,knapp,robert,IL,D,House
L000047,5430,landers,george,CT,D,House
L000113,5492,lathrop,william,IL,R,House
L000247,5612,leonard,john,LA,R,House
L000306,5659,ligon,robert,AL,D,House
L000522,5844,luttrell,john,CA,D,House
L000538,5860,lynde,william,WI,D,House
M000025,5887,mackey,levi,PA,D,House
M000255,6086,matthews,stanley,OH,R,Senate
M000282,6110,mayham,stephen,NY,D,House
M000674,6445,metcalfe,lyne,MO,R,House
O000076,7063,oliver,samuel,IA,R,House
P000116,7242,patterson,george,NY,R,House
P000181,7299,peddie,thomas,NJ,R,House
P000315,7420,phillips,william,KS,R,House
P000414,7512,pollard,henry,MO,R,House
P000461,7552,potter,clarkson,NY,D,House
P000535,7621,pridemore,auburn,VA,D,House
P000563,7646,pugh,john,NJ,R,House
Q000020,7679,quinn,terence,NY,D,House
R000016,7693,rainey,joseph,SC,R,House
R000045,7721,randolph,james,TN,R,House
R000088,7759,rea,david,MO,D,House
R000194,7850,rice,americus,OH,D,House
R000240,7893,riddle,haywood,TN,D,House
R000302,7945,robbins,william,NC,D,House
R000306,7949,roberts,charles,MD,D,House
R000349,7988,robinson,milton,IN,R,House
R000411,8041,rollins,edward,NH,R,Senate
R000416,,romero,trinidad,NM,R,House
S000025,8189,sampson,ezekiel,IA,R,House
S000076,8226,saunders,alvin,NE,R,Senate
S000101,8246,sayler,milton,OH,D,House
S000263,8380,sexton,leonidas,IN,R,House
S000447,8543,sinnickson,clement,NJ,R,House
S000688,8751,southard,milton,OH,D,House
S000849,8881,stenger,william,PA,D,House
S000880,,stevens,hiram,AZ,D,House
S000908,8934,stewart,jacob,MN,R,House
S000960,8982,stone,joseph,IA,R,House
S001092,9104,swann,thomas,MD,D,House
T000209,9331,thompson,john,PA,R,House
T000239,9357,thornburgh,jacob,TN,R,House
T000285,9397,tipton,thomas,IL,R,House
T000336,9440,townsend,martin,NY,R,House
T000431,9525,turney,jacob,PA,D,House
V000064,9640,van vorhes,nelson,OH,R,House
V000079,9655,veeder,william,NY,D,House
W000002,9695,waddell,alfred,NC,D,House
W000054,9742,walker,gilbert,VA,D,House
W000106,9790,walsh,william,MD,D,House
W000155,9833,warner,levi,CT,D,House
W000262,9925,welch,frank,NE,R,House
W000386,10039,white,michael,IN,R,House
W000449,10094,wigginton,peter,CA,D,House
W000487,10132,williams,alpheus,MI,D,House
W000488,10133,williams,andrew,NY,R,House
W000506,10151,williams,james,DE,D,House
W000512,10157,williams,jeremiah,AL,D,House
W000533,10175,williams,richard,OR,R,House
W000558,10200,willis,benjamin,NY,D,House
W000753,10381,wren,thomas,NV,R,House
Y000045,10448,young,john,LA,D,House
A000023,17,acklen,joseph,LA,D,House
B000011,320,bachman,reuben,PA,D,House
B000042,345,bailey,john,NY,R,House
B000068,368,baker,john,IN,R,House
B000089,384,baldwin,henry,MI,R,Senate
B000106,400,ballou,latimer,RI,R,House
B000120,413,barber,hiram,IL,R,House
B000148,440,barlow,bradley,VT,O,House
B000268,543,beale,richard,VA,D,House
B000331,597,bell,charles,NH,R,Senate
B000374,,bennett,granville,DK,R,House
B000438,690,bicknell,george,IN,D,House
B000532,774,blake,john,NJ,R,House
B000658,875,bouck,gabriel,WI,D,House
B000721,933,boyd,thomas,IL,R,House
B000834,1037,brigham,lewis,NJ,R,House
B000836,1039,bright,john,TN,D,House
C000092,,campbell,john,AZ,D,House
C000171,1524,carpenter,matthew,WI,R,Senate
C000299,1642,chandler,zachariah,MI,R,Senate
C000373,1709,chittenden,simeon,NY,R,House
C000398,1731,claflin,william,MA,R,House
C000419,1751,clark,alvah,NJ,D,House
C000450,1781,clark,rush,IA,R,House
C000509,1834,clements,newton,AL,D,House
C000539,1860,clymer,hiester,PA,D,House
C000593,1908,coffroth,alexander,PA,D,House
C000681,1984,conkling,roscoe,NY,R,Senate
C000824,2105,cowgill,calvin,IN,R,House
D000003,2297,daggett,rollin,NV,R,House
D000105,2386,davis,horace,CA,R,House
D000123,2401,davis,joseph,NC,D,House
D000204,2474,de la matyr,gilbert,IN,O,House
D000305,2558,dick,samuel,PA,R,House
D000311,2564,dickey,henry,OH,D,House
D000470,,downey,stephen,WY,R,House
E000097,2886,einstein,edwin,NY,R,House
E000100,2889,elam,joseph,LA,D,House
E000280,3042,ewing,thomas,OH,D,House
F000020,3061,farley,james,CA,D,Senate
F000028,3067,farr,evarts,NH,R,House
F000070,3100,felton,william,GA,O,House
F000079,3108,ferdon,john,NY,R,House
F000108,3135,field,walbridge,MA,R,House
F000132,3154,finley,ebenezer,OH,D,House
F000285,3288,forsythe,albert,IL,O,House
F000288,3290,fort,greenbury,IL,R,House
G000203,3601,gillette,edward,IA,O,House
G000277,3666,goode,john,VA,D,House
G000492,3850,groome,james,MD,D,Senate
H000247,4108,harris,john,VA,D,House
H000391,4231,hayes,philip,IL,R,House
H000497,4323,henkle,eli,MD,D,House
H000504,4330,henry,daniel,MD,D,House
H000603,4420,hill,nathaniel,CO,R,Senate
H000805,4595,hostetler,abraham,IN,D,House
H000822,4610,houston,george,AL,D,Senate
H000945,4722,hull,noble,FL,D,House
J000044,4879,james,amaziah,NY,R,House
J000192,5006,johnston,joseph,VA,D,House
J000204,5017,jonas,benjamin,LA,D,Senate
K000179,5243,killinger,john,PA,R,House
K000185,5247,kimmel,william,MD,D,House
K000251,5308,kitchin,william,NC,D,House
L000149,5525,lay,alfred,MO,D,House
L000272,5631,lewis,burwell,AL,D,House
L000445,5782,loring,george,MA,R,House
L000452,5788,lounsbery,william,NY,D,House
M000075,5934,majors,thomas,NE,R,House
M000169,6015,martin,benjamin,WV,D,House
M000190,6032,martin,joseph,NC,R,House
M000453,6257,mcgowan,jonas,MI,R,House
M000561,6347,mcmahon,john,OH,D,House
M000857,6596,monroe,james,OH,R,House
M001133,6839,myers,william,IN,D,House
N000060,6888,new,jeptha,IN,D,House
N000061,6889,newberry,john,MI,R,House
O000011,6999,o'brien,james,NY,O,House
O000099,7082,o'reilly,daniel,NY,O,House
O000119,7100,osmer,james,PA,R,House
O000124,,otero,mariano,NM,R,House
O000145,7125,overton,edward,PA,R,House
P000203,7319,pendleton,george,OH,D,Senate
P000248,7361,persons,henry,GA,O,House
P000304,7409,philips,john,MO,D,House
P000336,7438,pierce,ray,NY,R,House
P000400,7499,poehler,henry,MN,D,House
P000525,7612,price,hiram,IA,R,House
R000234,7887,richmond,james,VA,D,House
R000463,8082,rothwell,gideon,MO,D,House
R000523,8126,russell,daniel,NC,O,House
R000564,8161,ryon,john,PA,D,House
S000022,8186,samford,william,AL,D,House
S000060,8215,sapp,william,IA,R,House
S000092,8240,sawyer,samuel,MO,O,House
S000129,8265,schleicher,gustave,TX,D,House
S000362,8470,shields,james,MO,D,Senate
S000476,8567,slater,james,OR,D,Senate
S000484,8572,slemons,william,AR,D,House
S000549,8631,smith,hezekiah,NJ,D,House
S000631,8700,smith,william,GA,D,House
S000808,8848,starin,john,NY,R,House
S000838,8874,steele,walter,NC,D,House
S000889,8918,stevenson,adlai,IL,D,House
S000959,8981,stone,john,MI,R,House
T000428,9522,turner,thomas,KY,D,House
V000117,9686,voorhis,charles,NJ,R,House
W000004,9697,waddill,james,MO,D,House
W000057,9745,walker,james,AR,D,Senate
W000282,9942,wells,erastus,MO,D,House
W000373,10026,white,harry,PA,R,House
W000399,10050,whiteaker,john,OR,D,House
W000522,10166,williams,john,KY,D,Senate
W000761,10389,wright,hendrick,PA,O,House
Y000016,10423,yeates,jesse,NC,D,House
Y000019,10426,yocum,seth,PA,O,House
G000063,3473,garfield,james,OH,R,House
W000629,10268,windom,william,MN,R,Senate
A000066,,ainslie,george,ID,D,House
A000086,74,aldrich,william,IL,R,House
A000147,129,allen,thomas,MO,D,House
A000278,229,armfield,robert,NC,D,House
A000325,280,atherton,gibson,OH,D,House
A000327,282,atkins,john,TN,D,House
B000253,528,bayard,thomas,DE,D,Senate
B000415,671,berry,campbell,CA,D,House
B000497,741,black,george,GA,D,House
B000705,919,bowman,selwyn,MA,R,House
B000831,1034,briggs,james,NH,R,House
B001141,1309,burrows,joseph,MO,O,House
C000036,1410,caldwell,john,KY,D,House
C000064,1434,cameron,angus,WI,R,Senate
C000072,1440,camp,john,NY,R,House
C000119,,cannon,george,UT,R,House
C000166,1519,carpenter,cyrus,IA,R,House
C000307,1650,chapman,andrew,MD,D,House
C000442,1774,clark,john,MO,D,House
C000623,1935,colerick,walpole,IN,D,House
C000678,1981,conger,omar,MI,R,Senate
C000724,2022,cook,philip,GA,D,House
C000783,2072,cornell,thomas,NY,R,House
C000881,2151,crapo,william,MA,R,House
C000885,2155,cravens,jordan,AR,D,House
C000945,2212,crowley,richard,NY,R,House
D000062,2346,darrall,chester,LA,R,House
D000149,2424,dawes,rufus,OH,R,House
D000224,2489,de motte,mark,IN,R,House
D000188,2460,deering,nathaniel,IA,R,House
D000297,2551,dezendorf,john,VA,R,House
D000479,2711,doxey,charles,IN,R,House
D000520,2749,dugro,philip,NY,D,House
D000580,2798,dwight,jeremiah,NY,R,House
E000046,2846,edgerton,alonzo,MN,R,Senate
E000207,2984,errett,russell,PA,R,House
F000002,3045,fair,james,NV,D,Senate
F000039,3077,farwell,sewall,IA,R,House
F000134,3156,finley,jesse,FL,D,House
F000148,3168,fisher,horatio,PA,R,House
F000266,3272,ford,nicholas,MO,O,House
F000393,3380,frost,richard,MO,D,House
F000402,3389,fulkerson,abram,VA,O,House
G000249,3640,godshalk,william,PA,R,House
G000527,3879,gunter,thomas,AR,D,House
H000057,3944,hall,joshua,NH,R,House
H000129,4008,hammond,john,NY,R,House
H000183,4051,hardenbergh,augustus,NJ,D,House
H000233,4097,harris,benjamin,MA,R,House
H000240,4102,harris,henry,NJ,D,House
H000364,4209,hawk,robert,IL,R,House
H000417,4255,hazeltine,ira,MO,O,House
H000418,4256,hazelton,george,WI,R,House
H000451,4283,heilman,william,IN,R,House
H000596,4414,hill,john,NJ,R,House
H000696,4499,hoge,john,WV,D,House
H000819,4607,house,john,TN,D,House
H000894,4678,hubbell,jay,MI,R,House
H000896,4680,hubbs,orlando,NC,R,House
H000952,4727,humphrey,herman,WI,R,House
J000014,4852,jackson,howell,TN,D,Senate
J000035,4870,jacobs,ferris,NY,R,House
J000042,4877,jadwin,cornelius,PA,R,House
J000214,5026,jones,charles,FL,D,Senate
J000223,5034,jones,george,TX,O,House
J000247,5057,jones,phineas,NJ,R,House
J000271,5076,jorgensen,joseph,VA,R,House
J000275,5080,joyce,charles,VT,R,House
K000272,5325,klotz,robert,PA,D,House
K000290,5341,knott,james,KY,D,House
L000013,5394,ladd,george,ME,O,House
L000092,5473,lapham,elbridge,NY,R,Senate
L000210,5574,leedom,john,OH,D,House
L000286,5643,lewis,john,IL,R,House
L000328,5680,lindsey,stephen,ME,R,House
L000441,5778,lord,henry,MI,R,House
L000474,5809,lowe,william,AL,O,House
L000533,5855,lynch,john,MS,R,House
M000067,5926,mahone,william,VA,R,Senate
M000178,6022,martin,edward,DE,D,House
M000222,6059,mason,joseph,NY,R,House
M000265,6093,maxey,samuel,TX,D,Senate
M000358,6171,mccook,anson,NY,R,House
M000407,6215,mcdill,james,IA,R,Senate
M000505,6299,mckenzie,james,KY,D,House
M000537,6325,mclane,robert,MD,D,House
M000548,6336,mclean,james,MO,R,House
M000570,6355,mcmillan,samuel,MN,R,Senate
M000740,6493,miller,john,CA,R,Senate
M000760,6514,miller,warner,NY,R,Senate
M000819,6566,mitchell,john,PA,R,Senate
M000924,6657,moore,william,TN,R,House
M001018,6742,morton,levi,NY,R,House
M001030,6752,mosgrove,james,PA,O,House
M001080,6798,murch,thompson,ME,O,House
N000012,6848,neal,henry,OH,R,House
N000126,6949,nolan,michael,NY,D,House
N000134,6956,norcross,amasa,MA,R,House
O000031,7019,o'connor,michael,SC,D,House
O000106,7089,orth,godlove,IN,R,House
P000003,7143,pacheco,romualdo,CA,R,House
P000017,7155,page,horace,CA,R,House
P000191,7309,peirce,robert,IN,R,House
P000295,7400,phelps,james,CT,D,House
P000318,7423,phister,elijah,KY,D,House
P000476,7567,pound,thaddeus,WI,R,House
P000512,7602,prescott,cyrus,NY,R,House
R000199,7855,rice,john,OH,R,House
R000203,7859,rice,theron,MO,O,House
R000208,7863,rich,john,MI,R,House
R000219,7874,richardson,david,NY,R,House
R000225,7880,richardson,john,SC,D,House
R000274,7920,ritchie,james,OH,R,House
R000330,7970,robeson,george,NJ,R,House
R000452,8074,ross,miles,NJ,D,House
S000190,8315,scoville,jonathan,NY,D,House
S000249,8367,sessinghaus,gustavus,MO,R,House
S000273,8389,shackelford,john,NC,D,House
S000281,8396,shallenberger,william,PA,R,House
S000353,8461,sherwin,john,IL,R,House
S000392,8497,shultz,emanuel,OH,R,House
S000426,8524,simonton,charles,TN,D,House
S000444,8540,singleton,james,IL,D,House
S000528,8611,smith,dietrich,IL,R,House
S000571,8652,smith,john,NY,O,House
S000704,8767,sparks,william,IL,D,House
S000706,8769,spaulding,oliver,MI,R,House
S000711,8773,speer,emory,GA,O,House
S000854,8885,stephens,alexander,GA,D,House
T000224,9345,thompson,william,IA,R,House
T000328,9432,townsend,amos,OH,R,House
T000449,9541,tyler,james,VT,R,House
U000018,9563,updegraff,jonathan,OH,R,House
U000028,9573,upson,christopher,TX,D,House
U000033,9577,urner,milton,MD,R,House
V000010,9589,van aernam,henry,NY,R,House
V000067,9643,van wyck,charles,NE,R,Senate
W000066,9754,walker,robert,PA,R,House
W000143,9823,ward,william,PA,R,House
W000234,9901,webber,george,MI,R,House
W000492,10137,williams,charles,WI,R,House
W000564,10206,willits,edwin,MI,R,House
W000569,10211,wilson,benjamin,WV,D,House
W000652,10289,wise,morgan,PA,D,House
W000690,10320,wood,benjamin,NY,D,House
W000694,10324,wood,fernando,NY,D,House
W000705,10335,wood,walter,NY,R,House
Y000054,10455,young,thomas,OH,R,House
B000184,470,barrow,middleton,GA,D,Senate
C000352,1690,chilcott,george,CO,R,Senate
A000090,78,alexander,armstead,MO,D,House
A000262,212,anthony,henry,RI,R,Senate
B000033,337,bagley,john,NY,D,House
B000171,459,barr,samuel,PA,R,House
B000326,593,belford,james,CO,R,House
B000485,730,bisbee,horatio,FL,R,House
B000686,900,bowen,thomas,CO,R,Senate
B000761,970,brainerd,samuel,PA,R,House
B000772,980,bratton,john,SC,D,House
B000795,1001,breitung,edward,MI,R,House
B000806,,brents,thomas,WA,R,House
B000809,1014,brewer,francis,NY,R,House
B000810,1015,brewer,john,NJ,R,House
B000848,1049,broadhead,james,MO,D,House
B001003,1185,buchanan,hugh,GA,D,House
B001031,1212,buckner,aylett,MO,D,House
B001034,1214,budd,james,CA,D,House
C000048,1422,calkins,william,IN,R,House
C000237,1586,cassidy,george,NV,D,House
C000272,1617,chalmers,james,MS,O,House
C000484,1812,clay,james,KY,D,House
C000696,1998,connolly,daniel,PA,D,House
C000711,2011,converse,george,OH,D,House
C000719,2018,cook,john,IA,D,House
C000793,2080,cosgrove,john,MO,D,House
C000815,2097,covington,george,MD,D,House
C000855,2132,craig,george,AL,R,House
C000966,2232,culbertson,william,KY,R,House
C000971,2237,cullen,william,IL,R,House
C001032,2293,cutts,marsena,IA,R,House
D000100,2381,davis,george,IL,R,House
D000124,2402,davis,lowndes,MO,D,House
D000274,2530,deuster,peter,WI,D,House
D000301,2554,dibrell,george,TN,D,House
D000442,2679,dorsheimer,william,NY,D,House
D000463,2697,dowd,clement,NC,D,House
D000538,2762,duncan,william,PA,D,House
E000028,2832,eaton,william,CT,D,House
E000126,2915,elliott,mortimer,PA,D,House
E000134,2923,ellis,ezekiel,LA,D,House
E000190,2971,english,william,IN,D,House
E000272,3033,evins,john,SC,D,House
F000089,3117,ferrell,thomas,NJ,D,House
F000103,3130,fiedler,william,NJ,D,House
F000127,3150,finerty,john,IL,O,House
F000243,3253,follett,john,OH,D,House
G000065,3475,garland,augustus,AR,D,Senate
G000084,3492,garrison,george,VA,D,House
G000128,3533,george,melvin,OR,R,House
G000229,3622,glascock,john,CA,D,House
G000390,3759,graves,alexander,MO,D,House
H000150,4028,hancock,john,TX,D,House
H000181,4049,hardeman,thomas,GA,D,House
H000196,4063,hardy,john,NY,D,House
H000282,4140,hart,alphonso,OH,R,House
H000316,4171,haskell,dudley,KS,R,House
H000335,4185,hatch,herschel,MI,R,House
H000534,4358,herndon,thomas,AL,D,House
H000553,4376,hewitt,goldsmith,AL,D,House
H000664,4472,hoblitzell,fetter,MD,D,House
H000751,4547,holton,hart,MD,R,House
H000763,4557,hooper,benjamin,VA,O,House
H000775,4569,hopkins,james,PA,D,House
H000794,4585,horr,roswell,MI,R,House
H000820,4608,houseman,julius,MI,D,House
H000869,4655,howey,benjamin,NJ,R,House
H000969,4742,hunt,carleton,LA,D,House
H001002,4772,hurd,frank,OH,D,House
H001009,4779,hutchins,waldo,NY,D,House
J000071,4904,jeffords,elza,MS,R,House
J000213,5025,jones,burr,WI,D,House
J000268,5074,jordan,isaac,OH,D,House
K000018,5100,kasson,john,IA,R,House
K000069,5147,kellogg,william,LA,R,House
L000009,5390,lacey,edward,MI,R,House
L000030,5416,lamar,lucius,MS,D,Senate
L000034,5420,lamb,john,IN,D,House
L000134,5511,lawrence,george,PA,R,House
L000280,5637,lewis,edward,LA,D,House
L000513,,luna,tranquilino,NM,R,House
L000529,5851,lyman,theodore,MA,O,House
M000024,5886,mackey,edmund,SC,R,House
M000050,,maginnis,martin,MT,D,House
M000111,5965,manning,vannoy,MS,D,House
M000118,,manzanares,francisco,NM,D,House
M000287,6114,mayo,robert,VA,O,House
M000348,6164,mccoid,moses,IA,R,House
M000368,6180,mccormick,john,OH,R,House
M001047,6767,moulton,samuel,IL,D,House
M001068,6786,muldrow,henry,MS,D,House
M001113,6824,murray,robert,OH,D,House
N000087,6914,nicholls,john,GA,D,House
O000021,7009,ochiltree,thomas,TX,O,House
O000135,,oury,granville,AZ,D,House
P000025,7163,paige,david,OH,D,House
P000044,7181,palmer,thomas,MI,R,Senate
P000139,7264,patton,john,PA,D,House
P000144,7267,paul,john,VA,O,House
P000185,7303,peelle,stanton,IN,R,House
P000345,7447,pike,austin,NH,R,Senate
P000406,7504,poland,luke,VT,R,House
P000428,7522,pool,walter,NC,R,House
P000453,7544,post,george,PA,D,House
P000456,,post,morton,WY,D,House
P000466,7557,potter,orlando,NY,D,House
P000557,7640,pryor,luke,AL,D,House
P000579,7660,pusey,william,IA,D,House
R000079,7751,ray,ossian,NH,R,House
R000085,,raymond,john,DK,R,House
R000241,7894,riddleberger,harrison,VA,R,Senate
R000335,7975,robinson,george,MA,R,House
R000339,7978,robinson,james,OH,R,House
R000355,7993,robinson,william,NY,D,House
R000407,8038,rogers,william,NY,D,House
R000440,8063,rosecrans,william,CA,D,House
R000541,8143,russell,william,MA,R,House
S000003,8165,sabin,dwight,MN,R,Senate
S000072,8222,saulsbury,eli,DE,D,Senate
S000103,8248,scales,alfred,NC,D,House
S000301,8413,shaw,aaron,IL,D,House
S000326,8436,shelley,charles,AL,D,House
S000443,,singiser,theodore,ID,R,House
S000467,8559,skinner,charles,NY,R,House
S000496,8584,slocum,henry,NY,D,House
S000509,8597,smith,abraham,PA,R,House
S000550,8632,smith,hiram,IA,R,House
S000886,8916,stevens,robert,NY,D,House
S000938,8961,stockslager,strother,IN,D,House
S001069,9084,sumner,charles,CA,D,House
S001070,9085,sumner,daniel,WI,D,House
T000004,9147,tabor,horace,CO,R,Senate
T000212,9334,thompson,philip,KY,D,House
T000407,9504,tully,pleasant,CA,D,House
T000425,9519,turner,oscar,KY,O,House
V000005,9586,valentine,edward,NE,R,House
V000013,9592,van alstyne,thomas,NY,D,House
V000019,9599,vance,robert,NC,D,House
W000080,9766,wallace,jonathan,OH,D,House
W000156,9834,warner,richard,TN,D,House
W000275,9935,weller,luman,IA,O,House
W000292,9950,wemple,edward,NY,D,House
W000381,10034,white,john,KY,R,House
W000537,10180,williams,thomas,AL,D,House
W000590,10232,wilson,james,IA,R,House
W000627,10266,winans,john,WI,D,House
W000651,10288,wise,john,VA,O,House
W000704,10334,wood,thomas,IN,D,House
W000731,10361,woodward,gilbert,WI,D,House
Y000005,10413,yaple,george,MI,D,House
Y000022,10429,york,tyre,NC,O,House
Y000037,10440,young,hiram,TN,D,House
S000319,8429,sheffield,william,RI,R,Senate
A000040,33,adams,john,NY,D,House
A000061,51,aiken,david,SC,D,House
A000185,164,anderson,charles,OH,D,House
A000301,253,arnot,john,NY,D,House
B000105,399,ballentine,john,TN,D,House
B000146,438,barksdale,ethelbert,MS,D,House
B000263,538,beach,lewis,NY,D,House
B000278,,bean,curtis,AZ,R,House
B000381,643,bennett,risden,NC,D,House
B000728,940,boyle,charles,PA,D,House
B000752,963,brady,james,VA,R,House
B000757,966,bragg,edward,WI,D,House
B000936,1126,brown,joseph,GA,D,Senate
B000952,1141,brown,william,PA,R,House
B001018,1199,buck,john,CT,R,House
B001106,1277,burleigh,henry,NY,R,House
C000004,1379,cabell,george,VA,D,House
C000028,1402,caldwell,andrew,TN,D,House
C000086,1451,campbell,jacob,PA,R,House
C000147,1504,carleton,ezra,MI,D,House
C000267,1613,chace,jonathan,RI,R,Senate
C000552,1872,cobb,thomas,IN,D,House
C000615,1929,cole,william,MD,D,House
C000662,1967,comstock,charles,MI,D,House
C000841,2120,cox,william,NC,D,House
C000950,2217,croxton,thomas,VA,D,House
C001004,2265,curtin,andrew,PA,D,House
D000154,2429,dawson,william,MO,D,House
D000465,2699,dowdney,abraham,NY,D,House
E000042,2843,eden,john,IL,D,House
E000104,2893,eldredge,nathaniel,MI,D,House
E000143,2932,ellsberry,william,OH,D,House
E000151,2939,ellwood,reuben,IL,R,House
E000165,2953,ely,frederick,MA,R,House
E000229,3000,eustis,james,LA,D,Senate
E000244,3010,evans,isaac,PA,R,House
E000262,3024,evarts,william,NY,R,Senate
E000270,3031,everhart,james,PA,R,House
F000121,3145,findlay,john,MD,D,House
F000193,3209,fleeger,george,PA,R,House
F000259,3267,ford,george,IN,D,House
F000357,3350,frederick,benjamin,IA,D,House
G000115,3522,geddes,george,OH,D,House
G000160,3560,gibson,eustace,WV,D,House
G000186,3585,gilfillan,john,MN,R,House
G000416,3782,green,robert,NJ,D,House
G000419,3784,green,wharton,NC,D,House
H000019,3907,hahn,michael,LA,R,House
H000023,,hailey,john,ID,D,House
H000033,3921,hale,john,MO,D,House
H000044,3932,hall,benton,IA,D,House
H000086,3968,halsell,john,KY,D,House
H000130,4009,hammond,nathaniel,GA,D,House
H000141,4020,hampton,wade,SC,D,Senate
H000142,4021,hanback,lewis,KS,R,House
H000239,4101,harris,henry,GA,D,House
H000400,4239,haynes,martin,NH,R,House
H000498,4324,henley,barclay,CA,D,House
H000552,4375,hewitt,abram,NY,D,House
H000609,4425,hill,william,OH,D,House
I000012,4801,ingalls,john,KS,R,Senate
I000031,4816,irion,alfred,LA,D,House
J000048,4882,james,darwin,NY,R,House
J000131,4952,johnson,frederick,NY,R,House
J000230,5041,jones,james,TX,D,House
K000206,5265,king,john,LA,D,House
K000263,5318,kleiner,john,IN,D,House
L000159,5578,le fevre,benjamin,OH,D,House
L000298,5653,libbey,harry,VA,R,House
L000329,5681,lindsley,james,NY,R,House
L000351,5701,little,john,OH,R,House
L000403,5746,logan,john,IL,R,Senate
L000443,5780,lore,charles,DE,D,House
L000453,5789,louttit,james,CA,R,House
L000464,5799,lovering,henry,MA,D,House
L000487,5818,lowry,robert,IN,D,House
M000134,5984,markham,henry,CA,R,House
M000188,6030,martin,john,AL,D,House
M000280,6108,maybury,william,MI,D,House
M000711,6471,millard,stephen,NY,R,House
M000732,6487,miller,james,TX,D,House
M000807,6556,mitchell,charles,CT,D,House
M001000,6725,morrison,william,IL,D,House
M001096,6811,murphy,jeremiah,IA,D,House
N000020,6853,neece,william,IL,D,House
N000024,6857,negley,james,PA,R,House
O000054,7042,o'hara,james,NC,R,House
P000151,7272,payne,henry,OH,D,Senate
P000269,7377,pettibone,augustus,TN,R,House
P000365,7466,pirce,william,RI,R,House
P000526,7613,price,hugh,WI,R,House
P000534,7620,price,william,WI,R,House
P000568,7651,pulitzer,joseph,NY,D,House
R000057,7732,rankin,joseph,WI,D,House
R000058,7733,ranney,ambrose,MA,R,House
R000136,7802,reese,seaborn,GA,D,House
R000148,7811,reid,james,NC,D,House
R000205,7861,rice,william,MA,R,House
R000253,7903,riggs,james,IL,D,House
R000325,7965,robertson,thomas,KY,D,House
S000010,8171,sadler,thomas,AL,D,House
S000251,8368,sessions,walter,NY,R,House
S000266,8383,seymour,edward,CT,D,House
S000445,8541,singleton,otho,MS,D,House
S000502,8590,smalls,robert,SC,R,House
S000754,8812,spriggs,john,NY,D,House
S000768,8181,st. martin,louis,LA,D,House
S000956,8978,stone,eben,MA,R,House
S000975,8996,storm,john,PA,D,House
S000988,9009,strait,horace,MN,R,House
S001120,9128,swinburne,john,NY,R,House
S001128,9135,swope,john,PA,D,House
T000081,9212,taylor,isaac,OH,R,House
T000090,9221,taylor,john,TN,D,House
T000106,9237,taylor,zachary,TN,R,House
T000246,9363,throckmorton,james,TX,D,House
T000369,9469,trigg,connally,VA,D,House
T000401,9499,tucker,john,VA,D,House
V000038,9614,van eaton,henry,MS,D,House
V000097,9670,viele,egbert,NY,D,House
W000015,9708,wadsworth,william,KY,R,House
W000025,9717,wait,john,CT,R,House
W000026,9718,wakefield,james,MN,R,House
W000081,9767,wallace,nathaniel,LA,D,House
W000134,9815,ward,james,IL,D,House
W000142,9822,ward,thomas,IN,D,House
W000151,9830,warner,adoniram,OH,D,House
W000223,9892,weaver,archibald,NE,R,House
W000272,9933,wellborn,olin,TX,D,House
W000354,10008,white,alexander,PA,R,House
W000387,10040,white,milo,MN,R,House
W000557,10199,willis,albert,KY,D,House
W000577,10217,wilson,ephraim,MD,D,Senate
W000625,10264,winans,edwin,MI,D,House
W000681,10313,wolford,frank,KY,D,House
W000749,10378,worthington,nicholas,IL,D,House
C000343,1683,cheney,person,NH,R,Senate
W000486,10131,williams,abram,CA,R,Senate
A000116,102,allen,charles,MA,R,House
A000180,159,anderson,albert,IA,O,House
A000187,166,anderson,george,IL,D,House
B000188,474,barry,frederick,MS,D,House
B000353,618,belmont,perry,NY,D,House
B000558,795,bliss,archibald,NY,D,House
B000562,799,blodgett,rufus,NJ,D,Senate
B000667,883,bound,franklin,PA,R,House
B000683,897,bowen,henry,VA,R,House
B000907,1102,brown,charles,OH,R,House
B000931,1121,brown,john,VA,R,House
B000998,1180,bryce,lloyd,NY,D,House
B001064,1241,bunnell,frank,PA,R,House
B001119,1289,burnett,edward,MA,D,House
B001188,1348,butler,roderick,TN,R,House
C000087,1452,campbell,james,OH,D,House
C000417,1749,clardy,martin,MO,D,House
C000641,1948,collins,patrick,MA,D,House
C000936,2203,crouse,george,OH,R,House
D000072,2354,davenport,ira,NY,R,House
D000082,2364,davidson,alexander,AL,D,House
D000130,2407,davis,robert,MA,R,House
D000148,2423,dawes,henry,MA,R,Senate
D000445,2682,dougherty,charles,FL,D,House
D000541,2766,dunham,ransom,IL,R,House
D000552,2775,dunn,poindexter,AR,D,House
E000056,2855,edmunds,george,VT,R,Senate
F000037,3075,farwell,charles,IL,R,Senate
F000153,3172,fisher,spencer,MI,D,House
F000254,3263,foran,martin,OH,D,House
F000376,3368,french,carlos,CT,D,House
F000414,3401,fuller,william,IA,R,House
G000009,3427,gaines,william,VA,R,House
G000233,3626,glass,presley,TN,D,House
G000244,3635,glover,john,MO,D,House
G000378,3751,granger,miles,CT,D,House
G000433,3797,greenman,edward,NY,D,House
G000516,3869,guenther,richard,WI,R,House
H000063,3949,hall,norman,PA,D,House
H000386,4228,hayden,edward,MA,R,House
H000428,4266,hearst,george,CA,D,Senate
H000569,4389,hiestand,john,PA,R,House
H000642,4451,hires,george,NJ,R,House
H000643,4452,hiscock,frank,NY,R,Senate
H000701,4504,hogg,charles,WV,D,House
H000733,4530,holmes,adoniram,IA,R,House
H000779,4572,hopkins,samuel,VA,O,House
H000782,4575,hopkins,stephen,NY,R,House
H000833,4621,hovey,alvin,IN,R,House
H000842,4629,howard,jonas,IN,D,House
H000902,4684,hudd,thomas,WI,D,House
H001019,4783,hutton,john,MO,D,House
J000024,4861,jackson,oscar,PA,R,House
J000188,5003,johnston,james,IN,R,House
J000199,5013,johnston,thomas,NC,D,House
J000233,5043,jones,james,AL,D,House
K000007,5094,kane,nicholas,NY,D,House
L000016,5398,laffoon,polk,KY,D,House
L000048,5431,landes,silas,IL,D,House
L000109,5489,latham,louis,NC,D,House
L000423,5762,long,john,MA,R,House
L000526,5848,lyman,joseph,IA,R,House
L000532,5854,lynch,john,PA,D,House
M000003,5871,macdonald,john,MN,D,House
M000044,5904,maffett,james,PA,R,House
M000068,5927,mahoney,peter,NY,D,House
M000248,6081,matson,courtland,IN,D,House
M000394,6205,mccullogh,welty,PA,R,House
M000601,6383,mcshane,john,NE,D,House
M000658,6431,merriman,truman,NY,D,House
M000837,6580,moffatt,seth,MI,R,House
M001012,6736,morse,leopold,MA,D,House
N000013,6849,neal,john,TN,D,House
N000074,6902,newton,cherubusco,LA,D,House
N000091,6918,nichols,john,NC,O,House
N000160,6978,norwood,thomas,GA,D,House
P000010,7148,paddock,algernon,NE,R,Senate
P000053,7187,parker,abraham,NY,R,House
P000138,7262,patton,john,PA,R,House
P000302,7407,phelps,william,NJ,R,House
P000331,7433,pidcock,james,NJ,D,House
P000390,7490,plumb,ralph,IL,R,House
P000451,7542,posey,francis,IN,R,House
R000098,7769,reagan,john,TX,D,Senate
R000196,7852,rice,edmund,MN,D,House
R000321,7961,robertson,edward,LA,D,House
R000415,8045,romeis,jacob,OH,R,House
R000530,8132,russell,john,MA,D,House
S000091,8239,sawyer,philetus,WI,R,Senate
S000188,8314,scott,william,PA,D,House
S000267,8384,seymour,henry,MI,R,House
S000304,8415,shaw,frank,MD,D,House
S000546,8629,smith,henry,WI,O,House
S000665,8732,snyder,charles,WV,D,House
S000692,8755,sowden,william,PA,D,House
S001133,9140,symes,george,CO,R,House
T000044,9182,tarsney,timothy,MI,D,House
T000055,9191,taulbee,william,KY,D,House
T000167,9293,thomas,george,KY,R,House
T000176,9302,thomas,john,IL,R,House
T000219,9340,thompson,thomas,CA,D,House
T000312,,toole,joseph,MT,D,House
V000020,9600,vance,robert,CT,D,House
V000115,,voorhees,charles,WA,D,House
W000225,9894,weaver,james,IA,O,House
W000236,9902,weber,john,NY,R,House
W000302,9960,west,george,NY,R,House
W000378,10031,white,james,IN,R,House
W000395,10046,white,stephen,NY,R,House
W000418,10067,whiting,william,MA,R,House
W000474,10119,wilkins,beriah,OH,D,House
W000614,10255,wilson,thomas,MN,D,House
W000710,10340,woodburn,william,NV,R,House
H000263,4124,harrison,benjamin,IN,R,Senate
A000034,27,adams,george,IL,R,House
A000119,104,allen,edward,MI,R,House
A000130,113,allen,john,WA,R,Senate
A000183,162,anderson,chapman,MS,D,House
A000194,172,anderson,john,KS,R,House
A000330,284,atkinson,george,WV,R,House
B000057,359,baker,charles,NY,R,House
B000116,409,banks,nathaniel,MA,R,House
B000129,422,barbour,john,VA,D,Senate
B000157,447,barnes,george,GA,D,House
B000261,536,bayne,thomas,PA,R,House
B000289,560,beck,james,KY,D,Senate
B000295,566,beckwith,charles,NJ,R,House
B000458,708,biggs,marion,CA,D,House
B000557,794,bliss,aaron,MI,R,House
B000632,856,boothman,melvin,OH,R,House
B000677,892,bowden,george,VA,R,House
B000811,1016,brewer,mark,MI,R,House
B000898,1093,brower,john,NC,R,House
B000957,1145,browne,thomas,VA,R,House
B000958,1146,browne,thomas,IN,R,House
B001019,1200,buckalew,charles,PA,D,House
B001116,1286,burnes,james,MO,D,House
B001184,1344,butler,matthew,SC,D,Senate
B001200,1360,butterworth,benjamin,OH,R,House
C000082,1447,campbell,felix,NY,D,House
C000109,1472,candler,allen,GA,D,House
C000111,1474,candler,john,MA,R,House
C000155,1511,carlton,henry,GA,D,House
C000227,1576,casey,lyman,ND,R,Senate
C000245,1593,caswell,lucien,WI,R,House
C000339,1679,cheadle,joseph,IN,R,House
C000422,1754,clark,charles,WI,R,House
C000508,1833,clements,judson,GA,D,House
C000536,1858,clunie,thomas,CA,D,House
C000601,1915,coke,richard,TX,D,Senate
C000619,1932,coleman,hamilton,LA,R,House
C000647,1953,colquitt,alfred,GA,D,Senate
C000665,1970,comstock,solomon,MN,R,House
C000675,1978,conger,edwin,IA,R,House
C000688,1990,connell,william,NE,R,House
C000765,2059,cooper,william,OH,R,House
C000798,2084,cothran,james,SC,D,House
C000839,2118,cox,samuel,NY,D,House
C000860,2136,craig,samuel,PA,R,House
C000965,2231,culbertson,william,PA,R,House
C001022,2283,cutcheon,byron,MI,R,House
D000053,2337,dargan,george,SC,D,House
D000058,2342,darlington,smedley,PA,R,House
D000085,2367,davidson,robert,FL,D,House
D000200,2470,de haven,john,CA,R,House
D000207,2480,de lano,milton,NY,R,House
D000300,2553,dibble,samuel,SC,D,House
D000377,2624,dixon,nathan,RI,R,Senate
D000405,2649,dolph,joseph,OR,R,Senate
D000439,2676,dorsey,george,NE,R,House
D000555,2778,dunnell,mark,MN,R,House
E000242,3008,evans,henry,TN,R,House
E000274,3035,ewart,hamilton,NC,R,House
F000027,3066,farquhar,john,NY,R,House
F000056,3089,featherstone,lewis,AR,O,House
F000133,3155,finley,hugh,KY,R,House
F000163,3181,fitzgerald,frank,NY,D,House
F000212,3227,flood,thomas,NY,R,House
F000340,3338,frank,nathan,MO,R,House
G000103,3511,gay,edward,LA,D,House
G000143,3546,gest,william,IL,R,House
G000165,3565,gibson,randall,LA,D,Senate
G000170,3570,gifford,oscar,SD,R,House
G000431,3795,greenhalge,frederic,MA,R,House
G000476,3835,grimes,thomas,GA,D,House
H000047,3935,hall,darwin,MN,R,House
H000203,4070,hare,silas,TX,D,House
H000404,4243,hays,edward,IA,R,House
H000577,4397,higgins,anthony,DE,R,Senate
H000588,4406,hill,charles,IL,R,House
J000018,4856,jackson,james,WV,D,House
K000059,5137,kelley,harrison,KS,R,House
K000062,5140,kelley,william,PA,R,House
K000099,5173,kenna,john,WV,D,Senate
K000115,5185,kennedy,robert,OH,R,House
K000134,5203,kerr,daniel,IA,R,House
K000135,5204,kerr,james,PA,D,House
K000229,5286,kinsey,william,MO,R,House
K000278,5330,knapp,charles,NY,R,House
L000022,5408,laidlaw,william,NY,R,House
L000023,5409,laird,james,NE,R,House
L000074,5456,langston,john,VA,R,House
L000085,5467,lansing,frederick,NY,R,House
L000128,5505,lawler,frank,IL,D,House
L000143,5520,laws,gilbert,NE,R,House
L000223,5590,lehlbach,herman,NJ,R,House
M000072,5931,maish,levi,PA,D,House
M000095,5951,manderson,charles,NE,R,Senate
M000165,6011,marston,gilman,NH,R,Senate
M000203,6043,martin,william,TX,D,House
M000235,,mathews,george,DK,R,House
M000292,6118,mcadoo,william,NJ,D,House
M000313,6135,mccarthy,john,NY,D,House
M000324,6143,mcclammy,charles,NC,D,House
M000361,6174,mccord,myron,WI,R,House
M000366,6178,mccormick,henry,PA,R,House
M000428,6234,mcduffie,john,AL,R,House
M000593,6375,mcpherson,john,NJ,D,Senate
M000704,6465,miles,frederick,CT,R,House
M000757,6511,miller,thomas,SC,R,House
M000841,6583,moffitt,john,NY,R,House
M000879,6614,moody,gideon,SD,R,Senate
M000910,6644,moore,orren,NH,R,House
M000943,6671,morey,henry,OH,R,House
M000952,6680,morgan,james,MS,D,House
M000968,6695,morrill,edmund,KS,R,House
M001006,6731,morrow,william,CA,R,House
N000104,6928,niedringhaus,frederick,MO,R,House
N000173,6988,nute,alonzo,NH,R,House
N000174,6989,nutting,newton,NY,R,House
O000091,7074,o'neall,john,IN,D,House
O000110,7091,osborne,edwin,PA,R,House
O000155,7135,owen,william,IN,R,House
P000157,7277,payson,lewis,IL,R,House
P000209,7325,penington,john,DE,D,House
P000246,7359,perry,william,SC,D,House
P000256,7369,peters,samuel,KS,R,House
P000289,7394,phelan,james,TN,D,House
P000334,7436,pierce,gilbert,ND,R,Senate
P000359,7460,pindar,john,NY,D,House
P000389,7489,plumb,preston,KS,R,Senate
P000566,7649,pugsley,jacob,OH,R,House
Q000018,7677,quinn,john,NY,D,House
R000039,7715,randall,samuel,PA,D,House
R000062,7737,ransom,matt,NC,D,Senate
R000078,7750,ray,joseph,PA,R,House
R000124,7791,reed,joseph,IA,R,House
R000365,8001,rockwell,francis,MA,R,House
R000399,8030,rogers,john,AR,D,House
R000478,8094,rowell,jonathan,IL,R,House
R000479,8095,rowland,alfred,NC,D,House
R000559,8157,ryan,thomas,KS,R,House
S000088,8236,sawyer,john,NY,R,House
S000241,8362,seney,george,OH,D,House
S000424,8522,simonds,william,CT,R,House
S000470,8562,skinner,thomas,NC,D,House
S000521,8606,smith,charles,WV,R,House
S000653,8722,snider,samuel,MN,R,House
S000740,8799,spooner,henry,RI,R,House
S000914,8940,stewart,john,GA,D,House
S000930,8955,stivers,moses,NY,R,House
S000933,8958,stockbridge,henry,MD,R,House
S001028,9047,struble,isaac,IA,R,House
S001112,9122,sweney,joseph,IA,R,House
T000180,9305,thomas,ormsby,WI,R,House
T000191,9314,thompson,albert,OH,R,House
T000329,9433,townsend,charles,PA,R,House
T000339,9443,townshend,richard,IL,D,House
T000415,9511,turner,charles,NY,D,House
T000419,9514,turner,erastus,KS,R,House
V000058,9634,van schaick,isaac,WI,R,House
V000031,9607,vandever,william,CA,R,House
V000078,9654,vaux,richard,PA,D,House
V000085,9660,venable,edward,VA,D,House
W000003,9696,waddill,edmund,VA,R,House
W000008,9701,wade,william,MO,R,House
W000058,9746,walker,james,MO,D,House
W000083,9769,wallace,rodney,MA,R,House
W000085,9771,wallace,william,NY,R,House
W000175,9853,washburn,william,MN,R,Senate
W000204,9876,watson,lewis,PA,R,House
W000333,9987,wheeler,frank,MI,R,House
W000407,10057,whitelaw,robert,MO,D,House
W000429,10076,whitthorne,washington,TN,D,House
W000441,10087,wickham,charles,OH,R,House
W000452,10097,wilber,david,NY,R,House
W000468,10113,wiley,john,NY,D,House
W000477,10122,wilkinson,theodore,LA,D,House
W000496,10141,williams,elihu,OH,R,House
W000594,10234,wilson,james,IA,R,Senate
Y000007,10415,yardley,robert,PA,R,House
Y000020,10427,yoder,samuel,OH,D,House
C000145,1502,carey,joseph,WY,R,Senate
C000152,1509,carlisle,john,KY,D,Senate
M000357,6170,mcconnell,william,ID,R,Senate
P000486,7576,power,thomas,MT,R,Senate
S000039,8201,sanders,wilbur,MT,R,Senate
A000171,151,amerman,lemuel,PA,D,House
A000242,191,andrew,john,MA,D,House
A000264,214,antony,edwin,TX,D,House
A000331,285,atkinson,louis,PA,R,House
B000001,311,babbitt,clinton,WI,D,House
B000016,324,bacon,henry,NY,D,House
B000197,483,bartine,horace,NV,R,House
B000309,579,beeman,joseph,MS,D,House
B000328,595,belknap,charles,MI,R,House
B000393,653,bentley,henry,NY,D,House
B000404,662,bergen,christopher,NJ,R,House
B000568,804,blount,james,GA,D,House
B000625,849,boody,david,NY,D,House
B000706,920,bowman,thomas,IA,D,House
B000818,1022,brice,calvin,OH,D,Senate
B000930,1120,brown,john,MD,D,House
B000980,1165,brunner,david,PA,D,House
B001004,1187,buchanan,james,NJ,R,House
B001007,1189,buchanan,john,VA,D,House
B001052,1231,bullock,robert,FL,D,House
B001067,1243,bunting,thomas,NY,D,House
B001164,1327,busey,samuel,IL,D,House
B001170,1332,bushnell,allen,WI,D,House
B001193,1353,butler,walter,IA,D,House
B001219,1374,byrns,samuel,MO,D,House
C000006,1381,cable,benjamin,IL,D,House
C000023,,caine,john,UT,D,House
C000051,1425,call,wilkinson,FL,D,Senate
C000065,1435,cameron,james,PA,R,Senate
C000242,1591,castle,james,MN,D,House
C000249,1597,cate,william,AR,D,House
C000304,1647,chapin,alfred,NY,D,House
C000340,1680,cheatham,henry,NC,R,House
C000533,1855,clover,benjamin,KS,O,House
C000557,1875,coburn,frank,WI,D,House
C000739,2034,coolidge,frederick,MA,D,House
C000829,2110,cowles,william,NC,D,House
C000832,2112,cox,isaac,NY,D,House
C000854,2131,craig,alexander,PA,D,House
C000929,2196,crosby,john,MA,D,House
C001030,2291,cutting,john,CA,R,House
D000039,2327,daniell,warren,NH,D,House
D000310,2563,dickerson,w.,KY,D,House
D000378,2625,dixon,william,MT,D,House
D000379,2626,doan,robert,OH,R,House
D000539,2764,dungan,james,OH,D,House
E000267,3029,everett,robert,GA,D,House
F000068,3098,felton,charles,CA,R,Senate
F000206,3222,flick,james,IA,R,House
F000217,3231,flower,roswell,NY,D,House
F000265,3271,ford,melbourne,MI,D,House
F000280,3283,forney,william,AL,D,House
F000326,3329,fowler,samuel,NJ,D,House
G000030,,gamble,john,SD,R,House
G000043,3455,gantz,martin,OH,D,House
G000157,3557,gibson,charles,MD,D,Senate
G000195,3593,gillespie,eugene,PA,D,House
G000313,3697,gordon,john,GA,D,Senate
G000432,3796,greenleaf,halbert,NY,D,House
H000084,3966,hallowell,edwin,PA,D,House
H000094,3976,halvorson,kittel,MN,O,House
H000113,3994,hamilton,john,IA,D,House
H000228,4093,harries,william,MN,D,House
H000305,,harvey,david,OK,R,House
H000401,4240,haynes,william,OH,D,House
H000469,4297,hemphill,john,SC,D,House
H000524,4349,herbert,hilary,AL,D,House
H000657,4465,hoar,sherman,MA,D,House
H000818,4606,houk,leonidas,TN,R,House
I000027,4813,irby,john,SC,D,Senate
J000202,5015,johnstone,george,SC,D,House
J000203,5016,jolley,john,SD,R,House
K000092,5166,kendall,john,KY,D,House
L000019,5405,lagan,matthew,LA,D,House
L000145,5522,lawson,john,VA,D,House
L000208,5572,lee,william,VA,D,House
L000254,5619,lester,posey,VA,D,House
L000276,5633,lewis,clarke,MS,D,House
L000353,5703,little,joseph,NY,D,House
L000422,5761,long,john,TX,D,House
M000115,5969,mansur,charles,MO,D,House
M000329,6148,mcclellan,charles,IN,D,House
M000409,6217,mcdonald,edward,NJ,D,House
M000500,6294,mckenna,joseph,CA,R,House
M000526,6316,mckinney,luther,NH,D,House
M000746,6500,miller,lucas,WI,D,House
M000908,6642,moore,littleton,TX,D,House
N000063,6891,newberry,walter,IL,D,House
N000157,6976,norton,richard,MO,D,House
O000039,7027,o'donnell,james,MI,R,House
O000057,7045,ohliger,lewis,OH,D,House
O000129,7110,otis,john,KS,O,House
O000158,7137,owens,james,OH,D,House
P000016,7154,page,henry,MD,D,House
P000042,7179,palmer,john,IL,D,Senate
P000078,7211,parrett,william,IN,D,House
P000135,7259,pattison,john,OH,D,House
P000137,7261,patton,david,IN,D,House
P000184,7302,peel,samuel,AR,D,House
P000188,7306,peffer,william,KS,O,Senate
P000561,7644,pugh,james,AL,D,Senate
Q000001,7663,quackenbush,john,NY,R,House
R000013,7690,raines,john,NY,R,House
R000251,7902,rife,john,PA,R,House
R000366,8002,rockwell,hosea,NY,D,House
R000535,8137,russell,leslie,NY,R,House
S000047,8208,sanford,john,NY,R,House
S000183,8310,scott,owen,IL,D,House
S000205,8329,scull,edward,PA,R,House
S000226,8348,seerley,john,IA,D,House
S000376,8483,shonk,george,PA,R,House
S000660,8729,snow,herman,IL,D,House
S000738,8798,spinola,francis,NY,D,House
S000761,8819,squire,watson,WA,R,Senate
S000774,8822,stackhouse,eli,SC,D,House
S000781,8826,stahlnecker,william,NY,D,House
S000793,8836,stanford,leland,CA,R,Senate
S000897,8925,steward,lewis,IL,D,House
S000900,8928,stewart,andrew,PA,R,House
S000904,8931,stewart,charles,TX,D,House
S000980,9001,stout,byron,MI,D,House
S001043,9060,stump,herman,MD,D,House
T000062,9196,taylor,abner,IL,R,House
T000073,9206,taylor,ezra,OH,R,House
T000093,9224,taylor,joseph,OH,R,House
T000101,9232,taylor,vincent,OH,R,House
T000275,9387,tillman,george,SC,D,House
T000334,9438,townsend,hosea,CO,R,House
V000041,9617,van horn,george,NY,D,House
V000021,9601,vance,zebulon,NC,D,Senate
V000099,9671,vilas,william,WI,D,Senate
V000116,9685,voorhees,daniel,IN,D,Senate
W000169,9847,warwick,john,OH,D,House
W000336,9990,wheeler,harrison,MI,D,House
W000366,10019,white,edward,LA,D,Senate
W000369,10022,white,frederick,IA,D,House
W000451,10096,wike,scott,IL,D,House
W000480,10125,willcox,washington,CT,D,House
W000489,10134,williams,archibald,NC,D,House
W000497,10142,williams,george,MA,D,House
W000601,10241,wilson,john,KY,R,House
W000611,10250,wilson,robert,MO,D,House
W000638,10276,winn,thomas,GA,D,House
Y000027,10434,youmans,henry,MI,D,House
H000590,4408,hill,david,NY,D,Senate
H000999,4770,hunton,eppa,VA,D,Senate
M000777,6531,mills,roger,TX,D,Senate
P000228,7342,perkins,bishop,KS,R,Senate
A000047,40,adams,silas,KY,R,House
A000080,68,alderson,john,WV,D,House
A000102,90,alexander,sydenham,NC,D,House
A000292,244,arnold,marshall,MO,D,House
B000094,389,baldwin,melvin,MN,D,House
B000159,449,barnes,lyman,WI,D,House
B000218,500,barwig,charles,WI,D,House
B000294,565,beckner,william,KY,D,House
B000355,620,beltzhoover,frank,PA,D,House
B000504,748,black,john,IL,D,House
B000524,765,blair,henry,NH,R,House
B000590,821,boen,haldor,MN,O,House
B000688,902,bower,william,NC,D,House
B000765,974,branch,william,NC,D,House
B000773,981,bratton,robert,MD,D,House
B000775,983,brawley,william,SC,D,House
B000784,991,breckinridge,clifton,AR,D,House
B000790,996,breckinridge,william,KY,D,House
B000807,1012,bretz,john,IN,D,House
B000821,1025,brickner,george,WI,D,House
B000886,1083,brookshire,elijah,IN,D,House
B000924,1114,brown,jason,IN,D,House
B000995,1179,bryan,william,NE,D,House
B001059,1237,bundy,hezekiah,OH,R,House
B001062,1240,bunn,benjamin,NC,D,House
B001115,1285,burnes,daniel,MO,D,House
B001205,1363,bynum,william,IN,D,House
C000001,1377,cabaniss,thomas,GA,D,House
C000010,1385,cadmus,cornelius,NJ,D,House
C000034,1408,caldwell,john,OH,R,House
C000062,1432,camden,johnson,WV,D,Senate
C000069,1438,caminetti,anthony,CA,D,House
C000103,1467,campbell,timothy,NY,D,House
C000122,1484,cannon,marion,CA,O,House
C000129,1490,capehart,james,WV,D,House
C000208,1557,caruth,asher,KY,D,House
C000257,1605,causey,john,DE,D,House
C000354,1692,childs,robert,IL,R,House
C000367,1704,chipman,john,MI,D,House
C000410,1742,clancy,john,NY,D,House
C000585,1900,coffeen,henry,WY,D,House
C000660,1965,compton,barnes,MD,D,House
C000683,1985,conn,charles,IN,D,House
C000742,2037,coombs,william,NY,D,House
C000750,2045,cooper,george,IN,D,House
C000786,2075,cornish,johnston,NJ,D,House
C000814,2096,covert,james,NY,D,House
D000115,2396,davis,john,KS,O,House
D000190,2462,de forest,robert,CT,D,House
D000253,2511,denson,william,AL,D,House
D000420,2661,donovan,dennis,OH,D,House
D000550,2773,dunn,john,NJ,D,House
D000556,2779,dunphy,edward,NY,D,House
D000564,2785,durborow,allan,IL,D,House
E000057,2856,edmunds,paul,VA,D,House
E000139,2928,ellis,william,KY,D,House
E000188,2969,english,thomas,NJ,D,House
E000189,2970,english,warren,CA,D,House
E000192,2973,enloe,benjamin,TN,D,House
E000193,2974,enochs,william,OH,R,House
E000195,2975,epes,james,VA,D,House
E000269,3030,everett,william,MA,D,House
F000045,3081,faulkner,charles,WV,D,Senate
F000067,3097,fellows,john,NY,D,House
F000109,3136,fielder,george,NJ,D,House
F000157,3176,fitch,ashbel,NY,D,House
F000162,3180,fithian,george,IL,D,House
F000275,3278,forman,william,IL,D,House
F000427,3412,funk,benjamin,IL,R,House
F000429,3414,funston,edward,KS,R,House
F000436,3418,fyan,robert,MO,D,House
G000113,3520,geary,thomas,CA,D,House
G000119,3526,geissenhainer,jacob,NJ,D,House
G000127,3532,george,james,MS,D,Senate
G000269,3659,goldzier,julius,IL,D,House
G000292,3677,goodnight,isaac,KY,D,House
G000328,3711,gorman,james,MI,D,House
G000350,3729,grady,benjamin,NC,D,House
G000358,3736,graham,john,NY,D,House
G000396,3765,gray,george,DE,D,Senate
G000452,3813,gresham,walter,TX,D,House
G000463,3822,griffin,levi,MI,D,House
H000025,3913,haines,charles,NY,D,House
H000065,3951,hall,osee,MN,D,House
H000134,4013,hammond,thomas,IN,D,House
H000201,4068,hare,darius,OH,D,House
H000296,4153,harter,michael,OH,D,House
H000339,4188,hatch,william,MO,D,House
H000351,4196,haugen,nils,WI,R,House
H000394,4233,hayes,walter,IA,D,House
H000427,4265,heard,john,MO,D,House
H000485,4312,henderson,john,NC,D,House
H000489,4316,henderson,thomas,IL,R,House
H000496,4322,hendrix,joseph,NY,D,House
H000521,4346,henry,winder,MD,D,House
H000635,4447,hines,william,PA,D,House
H000769,4563,hopkins,albert,PA,R,House
H000816,4604,houk,george,OH,D,House
H000817,4605,houk,john,TN,R,House
H000909,4689,hudson,thomas,KS,O,House
I000008,4797,ikirt,george,OH,D,House
I000054,4838,izlar,james,SC,D,House
J000178,4994,johnson,tom,OH,D,House
J000270,5075,jorden,edwin,PA,R,House
J000272,,joseph,antonio,NM,D,House
K000173,5237,kilgore,constantine,TX,D,House
K000330,5368,kribbs,george,PA,D,House
L000058,5440,lane,edward,IL,D,House
L000093,5474,lapham,oscar,RI,D,House
L000312,5665,lilly,william,PA,R,House
L000345,5695,lisle,marcus,KY,D,House
L000392,5737,lockwood,daniel,NY,D,House
L000495,5825,lucas,william,SD,R,House
L000534,5856,lynch,thomas,WI,D,House
M000051,5911,magner,thomas,NY,D,House
M000156,6002,marshall,james,VA,D,House
M000167,6013,martin,augustus,IN,D,House
M000185,6027,martin,john,KS,D,Senate
M000209,6047,marvin,francis,NY,R,House
M000401,6210,mcdannold,john,IL,D,House
M000417,6223,mcdowell,alexander,PA,R,House
M000430,6236,mcettrick,michael,MA,O,House
M000488,6283,mckaig,william,MD,D,House
M000498,6292,mckeighan,william,NE,O,House
M000580,6364,mcnagny,william,IN,D,House
M000821,6568,mitchell,john,WI,D,Senate
M000863,6600,montgomery,alexander,KY,D,House
M000885,6619,moon,john,MI,R,House
M000901,6635,moore,horace,KS,D,House
M001090,6806,murphy,edward,NY,D,Senate
M001125,6834,mutchler,william,PA,D,House
O000040,7028,o'ferrall,charles,VA,D,House
O000092,7075,o'neil,joseph,MA,D,House
O000093,7076,o'neill,charles,PA,R,House
O000097,7080,o'neill,john,MO,D,House
O000005,6996,oates,william,AL,D,House
O000136,7116,outhwaite,joseph,OH,D,House
P000015,7153,page,charles,RI,D,House
P000094,7226,paschal,thomas,TX,D,House
P000095,7227,pasco,samuel,FL,D,Senate
P000164,7285,pearson,albert,OH,D,House
P000199,7315,pence,lafayette,CO,O,House
P000205,7321,pendleton,john,WV,D,House
P000344,7446,pigott,james,CT,D,House
R000037,7713,randall,charles,MA,R,House
R000153,7814,reilly,james,PA,D,House
R000213,7868,richards,james,OH,D,House
R000220,7875,richardson,george,MI,D,House
R000272,7918,ritchie,byron,OH,D,House
R000290,7934,roach,william,ND,D,Senate
R000561,8159,ryan,william,NY,D,House
S000123,8262,schermerhorn,simon,NY,D,House
S000305,8416,shaw,george,WI,R,House
S000324,8434,shell,george,SC,D,House
S000346,8454,sherman,john,OH,R,Senate
S000402,8503,sickles,daniel,NY,D,House
S000451,8547,sipe,william,PA,D,House
S000561,8641,smith,james,NJ,D,Senate
S000655,8724,snodgrass,henry,TN,D,House
S000677,8740,somers,peter,WI,D,House
S000732,8792,sperry,lewis,CT,D,House
S000757,8815,springer,william,IL,D,House
S000884,8914,stevens,moses,MA,D,House
S000932,8957,stockbridge,francis,MI,R,Senate
S000934,8959,stockdale,thomas,MS,D,House
S000969,8990,stone,william,KY,D,House
S000970,8992,storer,bellamy,OH,R,House
S001000,9020,straus,isidor,NY,D,House
S001110,9120,sweet,willis,ID,R,House
T000064,9198,taylor,alfred,TN,R,House
T000065,9199,taylor,arthur,IN,D,House
T000341,9445,tracey,charles,NY,D,House
T000432,9526,turpie,david,IN,D,Senate
T000434,9528,turpin,louis,AL,D,House
V000063,9639,van voorhis,john,NY,R,House
W000153,9832,warner,john,NY,D,House
W000214,9884,waugh,daniel,IN,R,House
W000219,9888,weadock,thomas,MI,D,House
W000286,9946,wells,owen,WI,D,House
W000313,9971,wever,john,NY,R,House
W000335,9989,wheeler,hamilton,IL,R,House
W000394,10045,white,stephen,CA,D,Senate
W000398,10049,white,william,OH,R,House
W000415,10064,whiting,justin,MI,D,House
W000623,10262,wilson,william,WV,D,House
W000648,10285,wise,george,VA,D,House
W000685,10316,wolverton,simon,PA,D,House
W000767,10395,wright,myron,PA,R,House
B000541,781,blanchard,newton,LA,D,Senate
J000063,4897,jarvis,thomas,NC,D,Senate
P000141,7263,patton,john,MI,R,Senate
W000103,9787,walsh,patrick,GA,D,Senate
A000005,4,abbott,jo,TX,D,House
A000068,58,aitken,david,MI,R,House
A000082,70,aldrich,james,IL,R,House
A000085,73,aldrich,truman,AL,R,House
A000117,103,allen,clarence,UT,R,House
A000238,187,anderson,william,TN,R,House
A000271,221,apsley,lewis,MA,R,House
A000298,250,arnold,warren,RI,R,House
A000336,290,atwood,harrison,MA,R,House
A000346,300,avery,john,MI,R,House
B000061,363,baker,henry,NH,R,House
B000070,369,baker,lucien,KS,R,Senate
B000075,373,baker,william,KS,O,House
B000202,487,bartlett,franklin,NY,D,House
B000333,599,bell,charles,TX,D,House
B000496,740,black,frank,NY,R,House
B000502,746,black,james,GA,D,House
B000573,809,blue,richard,KS,R,House
B000580,813,boatner,charles,LA,D,House
B000692,906,bowers,william,CA,R,House
B000915,1108,brown,foster,TN,R,House
B001012,1193,buck,charles,LA,D,House
B001136,1304,burrell,orlando,IL,R,House
B001147,1315,burton,charles,MO,R,House
B001183,1343,butler,marion,NC,O,Senate
C000016,1391,caffery,donelson,LA,D,Senate
C000298,1641,chandler,william,NH,R,Senate
C000357,1694,chilton,horace,TX,D,Senate
C000423,1755,clark,charles,MO,R,House
C000469,1799,clarke,richard,AL,D,House
C000549,1869,cobb,james,AL,D,House
C000550,1870,cobb,seth,MO,D,House
C000577,1893,cockrell,jeremiah,TX,D,House
C000588,1903,coffin,charles,MD,R,House
C000595,1910,cogswell,william,MA,R,House
C000726,2024,cook,samuel,WI,R,House
C000746,2041,cooper,charles,FL,D,House
C000822,2104,cowen,john,MD,D,House
C000865,2141,crain,william,TX,D,House
C000908,2177,crisp,charles,GA,D,House
C000944,2211,crowley,miles,TX,D,House
C000949,2216,crowther,george,MO,R,House
C000964,2230,culberson,david,TX,D,House
C001012,2273,curtis,newton,NY,R,House
D000040,2328,daniels,charles,NY,R,House
D000286,2547,de witt,francis,OH,R,House
D000251,2509,denny,walter,MS,D,House
D000430,2669,doolittle,william,WA,R,House
D000473,2705,downing,finis,IL,D,House
D000488,2719,draper,william,MA,R,House
E000117,2906,ellett,tazewell,VA,D,House
E000199,2978,erdman,constantine,PA,D,House
G000110,3517,gear,john,IA,R,Senate
G000305,3690,goodwyn,albert,AL,O,House
G000487,3845,griswold,matthew,PA,R,House
H000009,3899,hadley,william,IL,R,House
H000024,3912,hainer,eugene,NE,R,House
H000075,3957,hall,uriel,MO,D,House
H000093,3975,halterman,frederick,PA,R,House
H000159,,hanly,james,IN,R,House
H000194,4061,hardy,alexander,IN,R,House
H000243,4104,harris,isham,TN,D,Senate
H000253,4114,harris,stephen,OH,R,House
H000270,4130,harrison,george,AL,D,House
H000289,4146,hart,joseph,PA,D,House
H000337,4187,hatch,jethro,IN,R,House
H000453,4284,heiner,daniel,PA,R,House
H000491,4317,hendrick,john,KY,D,House
H000777,4570,hopkins,nathan,KY,R,House
H000884,4668,hubbard,joel,MO,R,House
H000937,4714,hulick,george,OH,R,House
H000938,4715,huling,james,WV,R,House
H001007,4777,hutcheson,joseph,TX,D,House
H001024,4787,hyde,samuel,WA,R,House
J000134,4956,johnson,grove,CA,R,House
K000083,5159,kem,omer,NE,O,House
K000095,5169,kendall,joseph,KY,D,House
K000166,5231,kiefer,andrew,MN,R,House
K000238,5295,kirkpatrick,snyder,KS,R,House
K000354,5387,kyle,john,MS,D,House
L000146,5523,lawson,thomas,GA,D,House
L000152,5528,layton,fernando,OH,D,House
L000158,5576,le fever,jacob,NY,R,House
L000233,5598,leighty,jacob,IN,R,House
L000235,5600,leisenring,john,PA,R,House
L000245,5610,leonard,fred,PA,R,House
L000288,5644,lewis,john,KY,R,House
L000327,5679,lindsay,william,KY,D,Senate
L000341,5692,linton,william,MI,R,House
L000391,5736,lockhart,james,NC,D,House
M000116,5970,mantle,lee,MT,O,Senate
M000300,6126,mcbride,george,OR,R,Senate
M000304,6129,mccall,john,TN,R,House
M000344,6161,mcclure,addison,OH,R,House
M000371,6183,mccormick,richard,NY,R,House
M000402,6211,mcdearmon,james,TN,D,House
M000441,6245,mcgann,lawrence,IL,D,House
M000502,6296,mckenney,william,VA,D,House
M000634,6409,meiklejohn,george,NE,R,House
M000647,6420,meredith,elisha,VA,D,House
M000706,6467,miles,joshua,MD,D,House
M000749,6503,miller,orrin,KS,R,House
M000783,6536,milnes,alfred,MI,R,House
M000792,6545,miner,henry,NY,D,House
M001007,6732,morse,elijah,MA,R,House
M001027,6749,moses,charles,GA,D,House
M001056,6775,mozley,norman,MO,R,House
M001091,6807,murphy,everett,IL,R,House
M001102,,murphy,nathan,AZ,R,House
M001106,6818,murray,george,SC,R,House
N000025,6858,neill,robert,AR,D,House
N000131,6953,noonan,george,TX,R,House
O000161,7139,owens,william,KY,D,House
P000124,7249,patterson,josiah,TN,D,House
P000202,7318,pendleton,george,TX,D,House
P000271,7379,pettigrew,richard,SD,O,Senate
P000313,7418,phillips,thomas,PA,R,House
P000329,7431,pickler,john,SD,R,House
P000429,7523,poole,theodore,NY,R,House
P000457,7548,post,philip,IL,R,House
P000521,7609,price,andrew,LA,D,House
R000052,7728,raney,john,MO,R,House
R000161,7821,remann,frederick,IL,R,House
R000261,7909,rinaker,john,IL,R,House
R000342,7981,robinson,john,PA,R,House
R000516,8119,rusk,harry,MD,D,House
R000520,8123,russell,benjamin,GA,D,House
S000192,8317,scranton,joseph,PA,R,House
S000253,8371,settle,thomas,NC,R,House
S000262,8379,sewell,william,NJ,R,Senate
S000309,8420,shaw,john,NC,D,House
S000382,8489,shoup,george,ID,R,Senate
S000679,8742,sorg,paul,OH,D,House
S000726,8786,spencer,james,MS,D,House
S000780,8825,stahle,james,PA,R,House
S000865,8895,stephenson,samuel,MI,R,House
S001014,9033,strong,luther,OH,R,House
T000007,9150,taft,charles,OH,R,House
T000043,9181,tarsney,john,MO,D,House
T000168,9294,thomas,henry,MI,R,House
T000256,9371,thurston,john,NE,R,Senate
T000340,9444,tracewell,robert,IN,R,House
T000342,9446,tracey,john,MO,R,House
T000363,9464,treloar,william,MO,R,House
T000421,9516,turner,henry,GA,D,House
T000427,9521,turner,smith,VA,D,House
T000448,9540,tyler,david,VA,D,House
V000042,9618,van horn,robert,MO,R,House
W000098,9783,walsh,james,NY,D,House
W000111,9793,walthall,edward,MS,D,Senate
W000181,9857,washington,joseph,TN,D,House
W000200,9872,watson,david,OH,R,House
W000562,10204,willis,jonathan,DE,R,House
W000583,10223,wilson,george,OH,R,House
W000602,10242,wilson,john,WA,R,Senate
W000667,10302,wolcott,edward,CO,R,Senate
W000691,10321,wood,benson,IL,R,House
W000707,10337,woodard,frederick,NC,D,House
W000715,10345,woodman,charles,IL,R,House
W000739,10368,woomer,ephraim,PA,R,House
Y000018,10425,yoakum,charles,TX,D,House
B000902,1097,brown,arthur,UT,R,Senate
C000118,1480,cannon,frank,UT,O,Senate
M000522,6312,mckinley,william,OH,R,House
A000299,251,arnold,william,PA,R,House
B000066,366,baker,jehu,IL,D,House
B000121,414,barber,isaac,MD,R,House
B000149,441,barlow,charles,CA,O,House
B000180,466,barrett,william,MA,R,House
B000186,472,barrows,samuel,MA,R,House
B000262,537,beach,clifton,OH,R,House
B000325,592,belden,james,NY,R,House
B000327,594,belford,joseph,NY,R,House
B000329,596,belknap,hugh,IL,R,House
B000366,628,benner,george,PA,D,House
B000372,634,bennett,charles,NY,R,House
B000584,817,bodine,robert,MO,D,House
B000633,857,booze,william,MD,R,House
B000654,873,botkin,jeremiah,KS,O,House
B000815,1020,brewster,henry,NY,R,House
B000856,1056,broderick,case,KS,R,House
B000973,1158,brucker,ferdinand,MI,D,House
C000053,,callahan,james,OK,O,House
C000089,1454,campbell,james,IL,D,House
C000241,1590,castle,curtis,CA,O,House
C000415,1747,clardy,john,KY,D,House
C000452,1783,clark,samuel,IA,R,House
C000580,1896,codding,james,PA,R,House
C000649,1955,colson,david,KY,R,House
C000697,1999,connolly,james,IL,R,House
C000731,2029,cooke,edward,IL,R,House
C000876,2148,cranford,john,TX,D,House
C001010,2271,curtis,george,IA,R,House
D000144,2419,davison,george,KY,R,House
D000182,2455,deboe,william,KY,R,Senate
D000384,2631,dockery,alexander,MO,D,House
D000436,2673,dorr,charles,WV,R,House
E000009,2815,earle,joseph,SC,D,Senate
E000260,3022,evans,walter,KY,R,House
F000076,3106,fenton,lucien,OH,R,House
F000138,3159,fischer,israel,NY,R,House
F000252,3261,foote,wallace,NY,R,House
F000323,3325,fowler,john,NC,O,House
G000464,3823,griffin,michael,WI,R,House
G000525,3878,gunn,james,ID,O,House
H000015,3903,hager,alva,IA,R,House
H000156,4033,handy,levin,DE,D,House
H000258,4119,harris,william,KS,O,Senate
H000300,4157,hartman,charles,MT,O,House
H000458,4288,heitfeld,henry,ID,D,Senate
H000503,4329,henry,charles,IN,R,House
H000565,4386,hicks,josiah,PA,R,House
H000583,4402,hilborn,samuel,CA,R,House
H000637,4448,hinrichsen,william,IL,D,House
H000732,4529,holman,william,IN,D,House
H000843,4630,howard,milford,AL,O,House
H000852,4638,howe,james,NY,R,House
H000980,4752,hunter,andrew,IL,D,House
H001004,4774,hurley,denis,NY,R,House
J000138,4960,johnson,henry,IN,R,House
J000231,5042,jones,james,AR,D,Senate
J000237,5046,jones,john,NV,R,Senate
J000260,5068,jones,william,WA,O,House
K000060,5138,kelley,john,SD,O,House
K000121,5190,kenney,richard,DE,D,Senate
K000241,5298,kirkpatrick,william,PA,R,House
K000293,5344,knowles,freeman,SD,O,House
K000338,5374,kulp,monroe,PA,R,House
K000353,5386,kyle,james,SD,R,Senate
L000461,5796,love,william,MS,D,House
L000471,5806,low,philip,NY,R,House
M000059,5918,maguire,james,CA,D,House
M000062,5921,mahany,rowland,NY,R,House
M000153,5999,marshall,george,OH,D,House
M000172,6018,martin,charles,NC,O,House
M000270,6098,maxwell,samuel,NE,O,House
M000370,6182,mccormick,nelson,KS,O,House
M000411,6218,mcdonald,john,MD,R,House
M000431,6237,mcewan,thomas,NJ,R,House
M000480,6278,mcintire,william,MD,R,House
M000543,6331,mclaurin,john,SC,D,Senate
M000575,6359,mcmillin,benton,TN,D,House
M000761,6515,miller,warren,WV,R,House
M000769,6523,milliken,seth,ME,R,House
M000773,6527,mills,daniel,IL,R,House
M000822,6569,mitchell,john,NY,R,House
M000969,6696,morrill,justin,VT,R,Senate
N000144,6964,northway,stephen,OH,R,House
O000036,7024,odell,benjamin,NY,R,House
O000044,7032,ogden,henry,LA,D,House
O000113,7094,osborne,john,WY,D,House
P000233,7346,perkins,george,IA,R,House
P000254,7367,peters,mason,KS,O,House
P000370,7471,pitney,mahlon,NJ,R,House
P000388,7488,plowman,thomas,AL,D,House
P000545,7631,pritchard,jeter,NC,R,Senate
Q000011,7672,quigg,lemuel,NY,R,House
R000073,7745,rawlins,joseph,UT,D,Senate
R000490,8099,royse,lemuel,IN,R,House
S000071,8221,sauerhering,edward,WI,R,House
S000099,8244,sayers,joseph,TX,D,House
S000288,8401,shannon,richard,NY,R,House
S000389,8494,shuford,alonzo,NC,O,House
S000428,8526,simpkins,john,MA,R,House
S000432,8529,simpson,jeremiah,KS,O,House
S000468,8560,skinner,harry,NC,O,House
S000658,8727,snover,horace,MI,R,House
S000696,8759,spalding,george,MI,R,House
S000953,8975,stone,charles,PA,R,House
S000966,8987,stone,william,PA,R,House
S000989,9010,strait,thomas,SC,D,House
S001007,9026,strode,jesse,NE,R,House
S001027,9046,strowd,william,NC,O,House
S001050,9065,sturtevant,john,PA,R,House
T000244,9361,thorp,robert,VA,R,House
T000291,9403,todd,albert,MI,D,House
T000412,9507,turley,thomas,TN,D,Senate
T000420,9515,turner,george,WA,D,Senate
U000019,9564,updegraff,thomas,IA,R,House
V000080,9656,vehslage,john,NY,D,House
V000091,9665,vest,george,MO,D,Senate
V000103,9675,vincent,william,KS,O,House
W000056,9744,walker,james,VA,R,House
W000062,9750,walker,joseph,MA,R,House
W000144,9824,ward,william,NY,R,House
W000279,9939,wellington,george,MD,R,Senate
W000371,10024,white,george,IL,R,House
W000453,10098,wilber,david,NY,R,House
W000530,10172,williams,morgan,PA,R,House
W000579,10219,wilson,francis,NY,R,House
W000754,10382,wright,ashley,MA,R,House
Y000025,10432,yost,jacob,VA,R,House
S000422,8521,simon,joseph,OR,R,Senate
S001062,9077,sullivan,william,MS,D,Senate
A000087,75,aldrich,william,AL,R,House
A000134,117,allen,john,MS,D,House
A000153,134,allen,william,NE,O,Senate
A000334,288,atwater,john,NC,O,House
B000051,353,bailey,willis,KS,R,House
B000055,357,baird,samuel,LA,D,House
B000076,374,baker,william,MD,R,House
B000123,416,barber,laird,PA,D,House
B000140,432,barham,john,CA,R,House
B000227,508,bate,william,TN,D,Senate
B000414,670,berry,albert,KY,D,House
B000544,784,bland,richard,MO,D,House
B000746,957,bradley,thomas,NY,D,House
B000801,1006,brenner,john,OH,D,House
B000812,1017,brewer,willis,AL,D,House
B000943,1133,brown,seth,OH,R,House
C000074,1441,campbell,albert,MT,D,House
C000247,1595,catchings,thomas,MS,D,House
C000303,1646,chanler,william,NY,D,House
C000351,1689,chickering,charles,NY,R,House
C000460,1791,clarke,frank,NH,R,House
C000492,1819,clayton,bertram,NY,D,House
C000568,1884,cochrane,aaron,NY,R,House
C000576,1892,cockrell,francis,MO,D,Senate
C000838,2117,cox,nicholas,TN,D,House
C001015,2276,cusack,thomas,IL,D,House
D000015,2309,daly,william,NJ,D,House
D000028,2320,danford,lorenzo,OH,R,House
D000077,2359,davenport,samuel,PA,R,House
D000078,2360,davenport,stanley,PA,D,House
D000095,2377,davis,cushman,MN,R,Senate
D000277,2535,de vries,marion,CA,D,House
D000356,2606,dingley,nelson,ME,R,House
D000497,2727,driggs,edmund,NY,D,House
E000196,2976,epes,sydney,VA,D,House
E000205,2982,ermentrout,daniel,PA,D,House
F000016,3057,faris,george,IN,R,House
F000177,3195,fitzpatrick,thomas,KY,D,House
F000298,3300,foster,addison,WA,R,Senate
F000367,3360,freer,romeo,WV,R,House
G000095,3503,gaston,athelston,PA,D,House
G000107,3514,gayle,june,KY,D,House
G000247,3638,glynn,martin,NY,D,House
G000429,3793,greene,william,NE,O,House
G000501,3858,grout,william,VT,R,House
H000163,4039,hanna,marcus,OH,R,Senate
H000215,4080,harmer,alfred,PA,R,House
H000377,4220,hawley,joseph,CT,R,Senate
H000378,4221,hawley,robert,TX,R,House
H000409,4248,hayward,monroe,NE,R,Senate
H000512,4338,henry,patrick,MS,D,House
H000680,4484,hoffecker,john,DE,R,House
H000681,4485,hoffecker,walter,DE,R,House
H000760,4555,hooker,warren,NY,R,House
J000186,5002,johnston,david,WV,D,House
K000142,5211,kerr,josiah,MD,R,House
K000145,5214,kerr,winfield,OH,R,House
L000063,5445,lane,joseph,IA,R,House
L000244,5609,lentz,john,OH,D,House
L000339,5690,linney,romulus,NC,R,House
L000523,5845,lybrand,archibald,OH,R,House
M000276,6104,may,mitchell,NY,D,House
M000294,6120,mcaleer,william,PA,D,House
M000351,6165,mccomas,louis,MD,R,Senate
M000421,6227,mcdowell,john,OH,D,House
M000594,6376,mcpherson,smith,IA,R,House
M000630,6405,meekison,david,OH,D,House
M000666,6439,mesick,william,MI,R,House
N000130,6952,noonan,edward,IL,D,House
N000149,6968,norton,james,SC,D,House
O000051,7039,o'grady,james,NY,R,House
P000007,7146,packer,horace,PA,R,House
P000582,7280,pearce,charles,MO,R,House
P000169,7289,pearson,richmond,NC,R,House
P000225,,perea,pedro,NM,R,House
P000307,7412,phillips,fremont,OH,R,House
P000490,7580,powers,horace,VT,R,House
P000564,7647,pugh,samuel,KY,R,House
Q000003,7665,quarles,joseph,WI,R,Senate
Q000004,7666,quarles,julian,VA,D,House
R000128,7795,reed,thomas,ME,R,House
R000244,7896,ridgely,edwin,KS,O,House
R000299,7942,robbins,gaston,AL,D,House
R000450,8072,ross,jonathan,VT,R,Senate
R000557,8156,ryan,james,PA,D,House
S000252,8369,settle,evan,KY,D,House
S000742,8801,sprague,charles,MA,R,House
S000784,8828,stallings,jesse,AL,D,House
S000898,8926,stewart,alexander,WI,R,House
S000922,8948,stewart,william,NV,R,Senate
S001085,9097,sutherland,roderick,NE,O,House
T000137,9265,terry,william,AR,D,House
T000248,9365,thropp,joseph,PA,R,House
T000426,9520,turner,oscar,KY,D,House
U000008,9555,underhill,john,NY,D,House
W000188,9863,waters,russell,CA,R,House
W000229,9896,weaver,walter,OH,R,House
W000316,9972,weymouth,george,MA,R,House
W000338,9992,wheeler,joseph,AL,D,House
W000372,10025,white,george,NC,R,House
W000573,10213,wilson,edgar,ID,O,House
W000612,10251,wilson,stanyarne,SC,D,House
W000653,10290,wise,richard,VA,R,House
Y000056,10457,young,william,VA,D,House
Z000006,10466,ziegler,edward,PA,D,House
B000138,430,bard,thomas,CA,R,Senate
A000125,109,allen,henry,KY,D,House
A000265,215,aplin,henry,MI,R,House
B000163,452,barney,samuel,WI,R,House
B000341,607,bell,john,CO,O,House
B000349,615,bellamy,john,NC,D,House
B000352,617,belmont,oliver,NY,D,House
B000418,674,berry,james,AR,D,Senate
B000465,712,billmeyer,alexander,PA,D,House
B000508,751,blackburn,joseph,KY,D,Senate
B000673,888,boutelle,charles,ME,R,House
B000843,1045,bristow,henry,NY,R,House
B000866,1065,bromwell,jacob,OH,R,House
B000892,1089,brosius,marriott,PA,R,House
B001048,1227,bull,melville,RI,R,House
B001097,1270,burke,robert,TX,D,House
B001154,1320,burton,joseph,KS,R,Senate
C000157,1513,carmack,edward,TN,D,Senate
C000454,1785,clark,william,MT,D,Senate
C000706,2006,conry,joseph,MA,D,House
C000741,2036,coombs,frank,CA,R,House
C000744,2039,cooney,james,MO,D,House
C000779,2070,corliss,john,MI,R,House
C000899,2169,creamer,thomas,NY,D,House
C000957,2224,crump,rousseau,MI,R,House
C000983,2248,cummings,amos,NY,D,House
D000005,2299,dahle,herman,WI,R,House
D000194,2467,de graffenreid,reese,TX,D,House
D000341,2591,dietrich,charles,NE,R,Senate
D000509,2738,dubois,fred,ID,D,Senate
E000038,2839,eddy,frank,MN,R,House
E000061,2860,edwards,caldwell,MT,O,House
E000129,2918,elliott,william,SC,D,House
E000173,2960,emerson,louis,NY,R,House
F000058,3091,feely,john,IL,D,House
F000185,3202,flanagan,de,NJ,D,House
F000198,3214,fleming,william,GA,D,House
F000226,,flynn,dennis,OK,R,House
F000330,3330,fox,andrew,MS,D,House
G000164,3564,gibson,paris,MT,D,Senate
G000239,3631,glenn,thomas,ID,O,House
G000314,3698,gordon,robert,OH,D,House
G000411,3777,green,henry,PA,D,House
G000507,3863,grow,galusha,PA,R,House
H000054,3941,hall,james,PA,D,House
H000143,4022,hanbury,harry,NY,R,House
H000434,4272,heatwole,joel,MN,R,House
H000478,4306,henderson,david,IA,R,House
H000513,4339,henry,patrick,MS,D,House
H000654,4462,hoar,george,MA,R,Senate
H000758,4553,hooker,charles,MS,D,House
I000041,4826,irwin,harvey,KY,R,House
J000001,4839,jack,summers,PA,R,House
J000003,4841,jackson,alfred,KS,D,House
J000102,4929,jett,thomas,IL,D,House
J000274,5079,joy,charles,MO,R,House
K000034,5114,kearns,thomas,UT,R,Senate
K000131,5200,kern,frederick,IL,D,House
K000258,5315,kleberg,rudolph,TX,D,House
K000299,5350,knox,william,MA,R,House
L000078,5460,lanham,samuel,TX,D,House
L000253,5618,lessler,montague,NY,R,House
L000292,5648,lewis,robert,PA,R,House
L000448,5784,loud,eugene,CA,R,House
M000391,6202,mcculloch,philip,AR,D,House
M000567,6352,mcmillan,james,MI,R,Senate
M000597,6379,mcrae,thomas,AR,D,House
M000643,6416,mercer,david,NE,R,House
M000694,6457,mickey,j.,IL,D,House
M000710,6470,millard,joseph,NE,R,Senate
M000818,6565,mitchell,john,OR,R,Senate
M000880,6615,moody,james,NC,R,House
M000882,6616,moody,malcolm,OR,R,House
M000883,6617,moody,william,MA,R,House
M000954,6682,morgan,john,AL,D,Senate
M000986,6713,morris,robert,MN,R,House
M001036,6757,moss,john,KY,R,House
M001071,6789,muller,nicholas,NY,D,House
M001124,6833,mutchler,howard,PA,D,House
N000004,6841,naphen,henry,MA,D,House
N000056,6884,neville,william,NE,O,House
N000150,6969,norton,james,OH,D,House
O000126,7107,otey,peter,VA,D,House
P000130,7255,patterson,thomas,CO,D,Senate
P000410,7508,polk,rufus,PA,D,House
P000565,7648,pugsley,cornelius,NY,D,House
Q000006,7668,quay,matthew,PA,R,Senate
R000076,7748,ray,george,NY,R,House
R000139,7805,reeves,walter,IL,R,House
R000183,7840,rhea,william,VA,D,House
R000345,7984,robinson,john,NE,D,House
R000504,8111,rumple,john,IA,R,House
R000521,8124,russell,charles,CT,R,House
S000017,8182,salmon,joshua,NJ,D,House
S000127,8264,schirm,charles,MD,R,House
S000231,8352,selby,thomas,IL,D,House
S000300,8412,shattuc,william,OH,R,House
S000302,8414,shaw,albert,NY,R,House
S000321,8431,shelden,carlos,MI,R,House
S000336,8445,sheppard,john,TX,D,House
S000385,8491,showalter,joseph,PA,R,House
S000547,8630,smith,henry,MI,R,House
S000654,8723,snodgrass,charles,TN,D,House
S000811,8850,stark,william,NE,O,House
S000830,8867,steele,george,IN,R,House
S000911,8937,stewart,james,NJ,R,House
S000916,8942,stewart,john,NY,R,House
S000947,8970,stokes,james,SC,D,House
S000974,8995,storm,frederic,NY,R,House
S001090,9103,swann,edward,NY,D,House
T000016,9158,talbert,william,SC,D,House
T000061,9195,tayler,robert,OH,R,House
T000302,9413,tompkins,arthur,NY,R,House
T000307,9418,tompkins,emmett,OH,R,House
W000022,9714,wagoner,george,MO,R,House
W000243,9908,weeks,edgar,MI,R,House
W000331,9985,wheeler,charles,KY,D,House
W000379,10032,white,james,KY,D,House
W000459,,wilcox,robert,HI,O,House
W000726,10356,woods,samuel,CA,R,House
W000740,10369,wooten,dudley,TX,D,House
Y000041,10444,young,james,PA,R,House
A000107,94,alger,russell,MI,R,Senate
D000507,2736,dryden,john,NJ,R,Senate
A000110,96,allee,james,DE,R,Senate
A000160,141,allison,william,IA,R,Senate
A000258,208,ankeny,levi,WA,R,Senate
B000021,329,badger,de,OH,D,House
B000073,371,baker,robert,NY,D,House
B000101,396,ball,thomas,TX,D,House
B000225,506,bassett,edward,NY,D,House
B000347,613,bell,theodore,CA,D,House
B000385,646,benny,allan,NJ,D,House
B000397,657,benton,maecenas,MO,D,House
B000637,861,boreing,vincent,KY,R,House
B000781,988,breazeale,phanor,LA,D,House
B000923,1113,brown,james,PA,O,House
B001085,1259,burk,henry,PA,R,House
B001178,1339,butler,james,MO,D,House
C000239,1588,cassingham,john,OH,D,House
C000562,1879,cochran,charles,MO,D,House
C000687,1989,connell,william,PA,R,House
C000825,2106,cowherd,william,MO,D,House
C000921,2189,croft,george,SC,D,House
C000922,2190,croft,theodore,SC,D,House
C000943,2210,crowley,joseph,IL,D,House
D000042,2330,daniels,milton,CA,R,House
D000132,2408,davis,robert,FL,D,House
D000196,,degetau,federico,PR,R,House
D000250,2508,denny,james,MD,D,House
D000307,2560,dickerman,charles,PA,D,House
D000358,2608,dinsmore,hugh,AR,D,House
D000447,2683,dougherty,john,MO,D,House
D000458,2693,douglas,william,NY,R,House
E000170,2958,emerich,martin,IL,D,House
E000232,3003,evans,alvin,PA,R,House
F000003,3046,fairbanks,charles,IN,R,Senate
F000176,3194,fitzpatrick,morgan,TN,D,House
F000232,3245,foerderer,robert,PA,R,House
F000253,3262,foraker,joseph,OH,R,Senate
F000303,3305,foster,george,IL,D,House
F000420,3407,fulton,charles,OR,R,Senate
G000161,3561,gibson,henry,TN,R,House
G000189,3588,gill,joseph,OH,R,House
G000199,3597,gillet,charles,NY,R,House
G000273,3662,gooch,daniel,KY,D,House
G000326,3709,gorman,arthur,MD,D,Senate
G000468,3827,griffith,francis,IN,D,House
H000169,4042,hansbrough,henry,ND,R,Senate
H000585,4404,hildebrant,charles,OH,R,House
H000770,4564,hopkins,albert,IL,R,Senate
H000823,4611,houston,henry,DE,D,House
H000862,4649,howell,george,PA,D,House
H000989,4760,hunter,whiteside,KY,R,House
J000004,4842,jackson,amos,OH,R,House
K000045,5123,kehoe,james,KY,D,House
K000255,5312,kittredge,alfred,SD,R,Senate
K000275,5327,kluttz,theodore,NC,D,House
K000355,5388,kyle,thomas,OH,R,House
L000084,5466,lanning,william,NJ,R,House
L000114,5493,latimer,asbury,SC,D,Senate
L000319,5672,lind,john,MN,D,House
L000365,5714,livernash,edward,CA,D,House
L000412,5754,long,chester,KS,R,Senate
L000500,5830,lucking,alfred,MI,D,House
M000040,5901,maddox,john,GA,D,House
M000069,5928,mahoney,william,IL,D,House
M000085,5943,mallory,stephen,FL,D,Senate
M000331,6150,mcclellan,george,NY,D,House
M000382,6194,mccreary,james,KY,D,Senate
M000672,6443,metcalf,victor,CA,R,House
M000700,6463,miers,robert,IN,D,House
M000957,6684,morgan,stephen,OH,R,House
O000130,7111,otis,norton,NY,R,House
P000279,7385,pettus,edmund,AL,D,Senate
P000337,7439,pierce,rice,TN,D,House
P000382,7482,platt,orville,CT,R,Senate
P000383,7483,platt,thomas,NY,R,Senate
P000441,7535,porter,henry,PA,O,House
P000492,7582,powers,samuel,MA,R,House
R000182,7839,rhea,john,KY,D,House
R000222,7877,richardson,james,TN,D,House
R000242,7895,rider,ira,NY,D,House
R000296,7939,robb,edward,MO,D,House
R000338,7977,robinson,james,IN,D,House
R000372,,rodey,bernard,NM,R,House
S000107,8251,scarborough,robert,SC,D,House
S000202,8326,scudder,townsend,NY,D,House
S000370,8477,shiras,george,PA,O,House
S000373,8480,shober,francis,NY,D,House
S000391,8496,shull,joseph,PA,D,House
S000466,8558,skiles,william,OH,R,House
S000538,8621,smith,george,NY,R,House
S000695,8758,spalding,burleigh,ND,R,House
S000741,8800,spooner,john,WI,R,Senate
T000046,9184,tate,farish,GA,D,House
T000116,9246,teller,henry,CO,D,Senate
T000149,9277,thayer,john,MA,D,House
T000179,9304,thomas,lot,IA,R,House
T000196,9318,thompson,charles,AL,D,House
T000309,9420,tongue,thomas,OR,R,House
V000062,9638,van voorhis,henry,OH,R,House
V000032,9608,vandiver,willard,MO,D,House
W000007,9700,wade,martin,IA,D,House
W000158,9836,warner,vespasian,IL,R,House
W000161,9839,warnock,william,OH,R,House
W000508,10153,williams,james,IL,D,House
W000599,,wilson,john,AZ,D,House
W000756,10384,wright,charles,PA,R,House
W000785,10406,wynn,william,CA,D,House
D000302,2555,dick,charles,OH,R,Senate
A000037,30,adams,henry,WI,R,House
A000044,36,adams,robert,PA,R,House
A000083,71,aldrich,nelson,RI,R,Senate
A000124,108,allen,henry,NJ,R,House
B000004,314,babcock,joseph,WI,R,House
B000317,585,beidler,jacob,OH,R,House
B000429,683,beveridge,albert,IN,R,Senate
B000489,734,bishop,roswell,MI,R,House
B000507,750,blackburn,edmond,NC,R,House
B000693,907,bowersock,justin,KS,R,House
B000695,909,bowie,sydney,AL,D,House
B000870,1068,broocks,moses,TX,D,House
B000878,1075,brooks,franklin,CO,R,House
B000946,1135,brown,webster,WI,R,House
B001029,1209,buckman,clarence,MN,R,House
B001044,1223,bulkeley,morgan,CT,R,Senate
B001103,1275,burkett,elmer,NE,R,Senate
B001142,1310,burrows,julius,MI,R,Senate
B001185,1345,butler,mounce,TN,D,House
C000106,1470,campbell,william,OH,R,House
C000200,1550,carter,thomas,MT,R,Senate
C000244,1592,castor,george,PA,R,House
C000924,2192,cromer,george,IN,R,House
D000010,2303,dale,thomas,PA,R,House
D000035,2325,daniel,john,VA,D,Senate
D000137,2412,davis,thomas,WV,D,House
D000163,2438,dayton,alston,WV,R,House
D000186,2458,deemer,elias,PA,R,House
D000264,2520,depew,chauncey,NY,R,Senate
D000329,2579,dickson,frank,IL,R,House
D000461,2696,dovener,blackburn,WV,R,House
D000493,2723,dresser,solomon,PA,R,House
F000107,3134,field,scott,TX,D,House
F000180,3198,flack,william,NY,R,House
F000202,3218,fletcher,loren,MN,R,House
F000207,3223,flint,frank,CA,R,Senate
F000352,3345,frazier,james,TN,D,Senate
F000403,3390,fulkerson,frank,MO,R,House
G000044,3456,garber,harvey,OH,D,House
G000112,3519,gearin,john,OR,D,Senate
G000174,3574,gilbert,george,KY,D,House
G000176,3576,gilbert,newton,IN,R,House
G000202,3600,gillett,james,CA,R,House
G000497,3855,grosvenor,charles,OH,R,House
H000029,3917,hale,eugene,ME,R,Senate
H000429,4267,hearst,william,NY,D,House
H000441,4277,hedge,thomas,IA,R,House
H000467,4295,hemenway,james,IN,R,Senate
H000531,4355,hermann,binger,OR,R,House
H000649,4458,hitt,robert,IL,R,House
H000655,4463,hoar,rockwood,MA,R,House
H000703,4506,hogg,herschel,CO,R,House
H000773,4567,hopkins,francis,KY,D,House
H000973,4745,hunt,john,MO,D,House
K000028,5108,kean,john,NJ,R,Senate
K000108,5181,kennedy,john,NE,R,House
K000152,5219,ketcham,john,NY,R,House
K000265,5319,klepper,frank,MO,R,House
K000268,5322,kline,marcus,PA,D,House
L000010,5391,lacey,john,IA,R,House
L000051,5433,landis,frederick,IN,R,House
L000160,5579,le fevre,frank,NY,R,House
L000255,5620,lester,rufus,GA,D,House
L000309,5662,lilley,mial,PA,R,House
L000347,5697,littauer,lucius,NY,R,House
L000352,5702,little,john,AR,D,House
M000066,5925,mahon,thaddeus,PA,R,House
M000145,5992,marsh,benjamin,IL,R,House
M000314,6136,mccarthy,john,NE,R,House
M000326,6145,mccleary,james,MN,R,House
M000403,6212,mcdermott,allan,NJ,D,House
M000584,6368,mcnary,william,MA,D,House
M000691,6454,michalek,anthony,IL,R,House
M000798,6547,minor,edward,WI,R,House
M000854,6592,money,hernando,MS,D,Senate
M000965,6692,morrell,edward,PA,R,House
N000057,6885,nevin,robert,OH,R,House
O000132,7113,otjen,theobald,WI,R,House
P000115,7241,patterson,george,PA,R,House
P000117,7243,patterson,gilbert,NC,D,House
P000126,7251,patterson,malcolm,TN,D,House
P000351,7452,piles,samuel,WA,R,Senate
P000356,7457,pinckney,john,TX,D,House
P000547,7632,proctor,redfield,VT,R,Senate
R000223,7878,richardson,james,KY,D,House
R000286,7930,rives,zeno,IL,R,House
R000324,7964,robertson,samuel,LA,D,House
R000513,8117,ruppert,jacob,NY,D,House
S000027,8191,samuel,edmund,PA,R,House
S000134,8267,schneebeli,gustav,PA,R,House
S000182,8309,scott,nathan,WV,R,Senate
S000195,8319,scroggy,thomas,OH,R,House
S000299,8411,shartel,cassius,MO,R,House
S000398,8500,sibley,joseph,PA,R,House
S000525,8609,smith,david,KY,D,House
S000618,8688,smith,thomas,MD,D,House
S000635,8704,smith,william,PA,R,House
S000645,8714,smyser,martin,OH,R,House
S000684,8747,southall,robert,VA,D,House
S000687,8750,southard,james,OH,R,House
S001055,9070,sullivan,john,MA,D,House
T000026,9166,taliaferro,james,FL,D,Senate
T000324,9429,towne,charles,NY,D,House
T000376,9476,trimble,south,KY,D,House
T000451,9543,tyndall,william,MO,R,House
V000033,9609,van duzer,clarence,NV,D,House
V000065,9641,van winkle,marshall,NJ,R,House
W000001,9694,wachter,frank,MD,R,House
W000011,9704,wadsworth,james,NY,R,House
W000160,9838,warner,william,MO,R,Senate
W000184,,waskey,frank,AK,D,House
W000233,9900,webber,amos,OH,R,House
W000260,9923,welborn,john,MO,R,House
W000322,9977,wharton,charles,IL,R,House
W000552,10194,williamson,john,OR,R,House
W000693,10323,wood,ernest,MO,D,House
Z000005,10465,zenor,william,IN,D,House
B000386,647,benson,alfred,KS,R,Senate
W000435,10082,whyte,william,MD,D,Senate
A000019,14,acheson,ernest,PA,R,House
B000044,347,bailey,joseph,TX,D,Senate
B000118,411,bannon,henry,OH,R,House
B000267,542,beale,joseph,PA,R,House
B000297,568,bede,james,MN,R,House
B000481,726,birdsall,benjamin,IA,R,House
B000623,847,bonynge,robert,CO,R,House
B000670,885,bourne,jonathan,OR,R,Senate
B000717,929,boyd,john,NE,R,House
B000819,1023,brick,abraham,IN,R,House
B000827,1030,briggs,frank,NJ,R,Senate
B000860,1060,brodhead,joseph,PA,D,House
B000939,1129,brown,norris,NE,R,Senate
B000977,1162,brumm,charles,PA,R,House
B000979,1164,brundidge,stephen,AR,D,House
B000994,1178,bryan,william,FL,D,Senate
B001125,1295,burnham,henry,NH,R,Senate
B001151,1318,burton,hiram,DE,R,House
C000029,1403,caldwell,ben,IL,D,House
C000042,,cale,thomas,AK,O,House
C000235,1584,cassel,henry,PA,R,House
C000256,1604,caulfield,henry,MO,R,House
C000301,1644,chaney,john,IN,R,House
C000690,1992,conner,james,IA,R,House
C000717,2016,cook,george,CO,R,House
C000761,2055,cooper,samuel,TX,D,House
C000811,2094,cousins,robert,IA,R,House
C000875,2147,crane,winthrop,MA,R,Senate
C000896,2166,crawford,william,NC,D,House
C000973,2239,cullom,shelby,IL,R,Senate
D000060,2344,darragh,archibald,MI,R,House
D000081,2363,davey,robert,LA,D,House
D000112,2392,davis,jeff,AR,D,Senate
D000146,2421,dawes,beman,OH,R,House
D000372,2620,dixon,joseph,MT,R,Senate
D000404,2648,dolliver,jonathan,IA,R,Senate
D000557,2780,dunwell,charles,NY,R,House
E000110,2899,elkins,stephen,WV,R,Senate
F000307,3309,foster,john,IN,R,House
F000310,3312,foster,murphy,LA,D,Senate
F000398,3385,frye,william,ME,R,Senate
F000421,3408,fulton,elmer,OK,D,House
G000007,3425,gaines,john,TN,D,House
G000032,3447,gamble,robert,SD,R,Senate
G000187,3586,gilhams,clarence,IN,R,House
G000375,3749,granger,daniel,RI,D,House
G000520,3873,guggenheim,simon,CO,R,Senate
H000004,3894,hackett,richard,NC,D,House
H000007,3897,hackney,thomas,MO,D,House
H000017,3905,haggott,warren,CO,R,House
H000035,3923,hale,nathan,TN,R,House
H000066,3952,hall,philo,SD,R,House
H000107,3988,hamilton,daniel,IA,D,House
H000190,4058,harding,john,OH,R,House
H000322,4176,haskins,kittredge,VT,R,House
H000523,4348,hepburn,william,IA,R,House
H000614,4430,hill,wilson,MS,D,House
H000724,4523,holliday,elias,IN,R,House
J000029,4866,jackson,william,MD,R,House
J000043,4878,james,addison,KY,R,House
J000084,4913,jenkins,john,WI,R,House
K000184,5246,kimball,william,KY,D,House
K000252,5309,kitchin,william,NC,D,House
K000289,5340,knopf,philip,IL,R,House
L000028,5414,lamar,james,MO,D,House
L000031,5417,lamar,william,FL,D,House
L000050,5432,landis,charles,IN,R,House
L000079,5461,laning,jay,OH,R,House
L000175,5540,leake,eugene,NJ,D,House
L000239,5604,lenahan,john,PA,D,House
L000281,5638,lewis,elijah,GA,D,House
L000308,5661,lilley,george,CT,R,House
L000355,5705,littlefield,charles,ME,R,House
M000163,6009,marshall,thomas,ND,R,House
M000444,6248,mcgavin,charles,IL,R,House
M000533,6321,mclain,frank,MS,D,House
M000542,6330,mclaurin,anselm,MS,D,Senate
M000569,6354,mcmillan,samuel,NY,R,House
M000679,6448,meyer,adolph,LA,D,House
M001048,6768,mouser,grant,OH,R,House
M001095,6810,murphy,james,WI,D,House
O000144,7124,overstreet,jesse,IN,R,House
P000073,7206,parker,william,SD,R,House
P000156,7276,paynter,thomas,KY,D,Senate
P000413,7511,pollard,ernest,NE,R,House
P000445,7538,porter,peter,NY,O,House
P000491,7581,powers,llewellyn,ME,R,House
P000504,7594,pratt,le,NJ,D,House
R000168,7827,reyburn,john,PA,R,House
R000221,7876,richardson,harry,DE,R,Senate
R000287,7931,rixey,john,VA,D,House
R000563,8160,ryan,william,NY,D,House
S000345,8453,sherman,james,NY,R,House
S000485,8573,slemp,campbell,VA,R,House
S000541,8624,smith,george,IL,R,House
S000588,8664,smith,madison,MO,D,House
T000098,9229,taylor,robert,TN,D,Senate
W000036,9727,waldo,george,NY,R,House
W000249,9914,weems,capell,OH,R,House
W000466,10111,wiley,ariosto,AL,D,House
W000469,10114,wiley,oliver,AL,D,House
W000674,10307,wolf,harry,MD,D,House
G000090,3498,gary,frank,SC,D,Senate
M000788,6541,milton,william,FL,D,Senate
S000917,8943,stewart,john,VT,R,Senate
W000312,9970,wetmore,george,RI,R,Senate
A000091,79,alexander,de,NY,R,House
A000112,98,allen,amos,ME,R,House
B000135,427,barclay,charles,PA,R,House
B000155,445,barnard,william,IN,R,House
B000203,488,bartlett,george,NV,D,House
B000378,640,bennett,joseph,KY,R,House
B000672,887,boutell,henry,IL,R,House
B000689,903,bowers,eaton,MS,D,House
B000749,960,bradley,william,KY,R,Senate
B000844,1046,bristow,joseph,KS,R,Senate
B000962,1150,brownlow,walter,TN,R,House
B001207,1364,byrd,adam,MS,D,House
C000026,1400,calderhead,william,KS,R,House
C000135,1495,capron,adin,RI,R,House
C000238,1587,cassidy,james,OH,R,House
C000315,1657,chapman,pleasant,IL,R,House
C000478,1806,clay,alexander,GA,D,Senate
C000578,1894,cocks,william,NY,R,House
C000612,1926,cole,ralph,OH,R,House
C000718,2017,cook,joel,PA,R,House
C000745,2040,cooper,allen,PA,R,House
C000805,2090,coudrey,harry,MO,R,House
C000826,2107,cowles,charles,NC,R,House
C000861,2137,craig,william,AL,D,House
C000888,2158,crawford,coe,SD,R,Senate
C000897,2167,creager,charles,OK,R,House
C000937,2204,crow,charles,MO,R,House
C001018,2279,cushman,francis,WA,R,House
D000150,2425,dawson,albert,IA,R,House
D000167,2453,de armond,david,MO,D,House
D000232,2493,denby,edwin,MI,R,House
D000336,2586,diekema,gerrit,MI,R,House
D000449,2685,douglas,albert,OH,R,House
D000567,2787,durey,cyrus,NY,R,House
E000065,2862,edwards,don,KY,R,House
E000138,2927,ellis,william,OR,R,House
E000163,2951,elvins,politte,MO,R,House
E000183,2967,englebright,william,CA,R,House
F000042,3079,fassett,jacob,NY,R,House
F000139,3161,fish,hamilton,NY,R,House
F000231,3244,foelker,otto,NY,R,House
F000293,3295,foss,eugene,MA,D,House
F000318,3320,foulkrod,william,PA,R,House
F000320,3322,fowler,charles,NJ,R,House
G000008,3426,gaines,joseph,WV,R,House
G000062,3472,gardner,washington,MI,R,House
G000073,3481,garner,alfred,PA,R,House
G000188,3587,gill,john,MD,D,House
G000198,3596,gillespie,oscar,TX,D,House
G000223,3618,gilmore,samuel,LA,D,House
G000251,3642,goebel,herman,OH,R,House
G000312,3696,gordon,james,MS,D,Senate
G000351,3730,graff,joseph,IL,R,House
G000363,3740,graham,william,PA,R,House
G000383,3755,grant,john,NC,R,House
G000473,3832,griggs,james,GA,D,House
H000098,3979,hamer,thomas,ID,R,House
H000358,4203,havens,james,NY,D,House
H000554,4377,heyburn,weldon,ID,R,Senate
H000639,4449,hinshaw,edmund,NE,R,House
H000848,4635,howard,william,GA,D,House
H000857,4643,howell,benjamin,NJ,R,House
H000891,4675,hubbard,william,WV,R,House
H000911,4691,huff,george,PA,R,House
H000919,4698,hughes,charles,CO,D,Senate
H000942,4719,hull,john,IA,R,House
J000055,4889,jamieson,william,IA,D,House
J000113,4938,johnson,adna,OH,R,House
J000162,4981,johnson,martin,ND,R,Senate
J000193,5007,johnston,joseph,AL,D,Senate
J000276,5081,joyce,james,OH,R,House
K000048,5126,keifer,joseph,OH,R,House
K000055,5133,keliher,john,MA,D,House
K000106,5179,kennedy,james,OH,R,House
K000279,5331,knapp,charles,NY,R,House
K000331,5369,kronmiller,john,MD,R,House
K000346,5381,kustermann,gustav,WI,R,House
L000102,,larrinaga,tulio,PR,O,House
L000106,5486,lassiter,francis,VA,D,House
L000124,5501,law,charles,NY,R,House
L000361,5710,lively,robert,TX,D,House
L000368,5717,livingston,leonidas,GA,D,House
L000444,5781,lorimer,william,IL,R,Senate
L000465,5800,lovering,william,MA,R,House
L000472,5807,lowden,frank,IL,R,House
L000515,5840,lundin,frederick,IL,R,House
M000230,6067,massey,zachary,TN,R,House
M000283,6111,maynard,harry,VA,D,House
M000384,6196,mccredie,william,WA,R,House
M000429,6235,mcenery,samuel,LA,D,Senate
M000518,6309,mckinlay,duncan,CA,R,House
M000532,6320,mclachlan,james,CA,R,House
M000733,6488,miller,james,KS,R,House
M000772,6526,millington,charles,NY,R,House
M000940,6669,morehead,john,NC,R,House
M000944,6672,morgan,charles,MO,R,House
M001053,6773,moxley,william,IL,R,House
M001059,6777,mudd,sydney,MD,R,House
M001087,6804,murphy,arthur,MO,R,House
N000089,6916,nicholls,thomas,PA,D,House
O000026,7014,o'connell,joseph,MA,D,House
O000020,,ocampo,pablo,PI,O,House
O000059,7047,olcott,jacob,NY,R,House
P000040,7177,palmer,henry,PA,R,House
P000088,7220,parsons,herbert,NY,R,House
P000118,7244,patterson,james,SC,D,House
P000163,7284,pearre,george,MD,R,House
P000232,7345,perkins,george,CA,R,Senate
P000234,7347,perkins,james,NY,R,House
P000496,7586,pratt,charles,PA,R,House
R000131,7798,reeder,william,KS,R,House
R000142,7807,reid,charles,AR,D,House
R000176,7834,reynolds,john,PA,R,House
R000185,7842,rhinock,joseph,KY,D,House
R000430,8055,root,elihu,NY,R,Senate
R000526,8128,russell,gordon,TX,D,House
S000166,8293,scott,charles,KS,R,House
S000318,8430,sheffield,william,RI,R,House
S000650,8719,snapp,howard,IL,R,House
S000691,8754,southwick,george,NY,R,House
S000733,8793,sperry,nehemiah,CT,R,House
S000734,8794,spight,thomas,MS,D,House
S000863,8893,stephenson,isaac,WI,R,Senate
S001049,9064,sturgiss,george,WV,R,House
S001098,9110,swasey,john,ME,R,House
T000060,9194,tawney,james,MN,R,House
T000123,9252,tener,john,PA,R,House
T000159,9287,thomas,charles,NC,D,House
T000186,9310,thomas,william,OH,R,House
T000199,9321,thompson,fountain,ND,D,Senate
T000287,9399,tirrell,charles,MA,R,House
T000318,9426,tou velle,william,OH,D,House
W000082,9768,wallace,robert,AR,D,House
W000122,9803,wanger,irving,PA,R,House
W000171,9849,washburn,charles,MA,R,House
W000259,9922,weisse,charles,WI,D,House
W000340,9994,wheeler,nelson,PA,R,House
W000470,10115,wiley,william,NJ,R,House
W000481,10126,willett,william,NY,D,House
Y000049,10452,young,richard,NY,R,House
P000223,7337,percy,le,MS,D,Senate
P000570,7652,purcell,william,ND,D,Senate
T000131,9260,terrell,joseph,GA,D,Senate
T000241,9359,thornton,john,LA,D,Senate
Y000046,10449,young,lafayette,IA,R,Senate
A000071,60,akin,theron,NY,O,House
A000173,153,ames,butler,MA,R,House
A000182,161,anderson,carl,OH,D,House
A000252,,andrews,william,NM,R,House
A000254,204,andrus,john,NY,R,House
A000353,308,ayres,steven,NY,D,House
B000230,510,bates,arthur,PA,R,House
B000469,715,bingham,henry,PA,R,House
B000587,819,boehne,john,IN,D,House
B000703,917,bowman,charles,PA,R,House
B000747,958,bradley,thomas,NY,R,House
B000770,979,brantley,william,GA,D,House
B000992,1177,bryan,nathan,FL,D,Senate
C000252,1600,catlin,theron,MO,R,House
C000360,1697,chilton,william,WV,D,Senate
C000414,1746,clapp,moses,MN,R,Senate
C000425,1757,clark,clarence,WY,R,Senate
C000686,1988,connell,richard,NY,D,House
C000835,2115,cox,james,OH,D,House
C000958,2225,crumpacker,edgar,IN,R,House
C000999,2260,currier,frank,NH,R,House
C001002,2263,curry,george,NM,R,House
D000016,2310,dalzell,john,PA,R,House
D000066,2348,daugherty,james,MO,D,House
D000189,2461,de forest,henry,NY,R,House
D000262,2519,denver,matthew,OH,D,House
D000334,2584,dickson,william,MS,D,House
D000392,2638,dodds,francis,MI,R,House
D000489,2720,draper,william,NY,R,House
D000502,2731,driscoll,michael,NY,R,House
D000581,2799,dwight,john,NY,R,House
E000113,2902,ellerbe,james,SC,D,House
E000252,3017,evans,lynden,IL,D,House
F000277,3280,fornes,charles,NY,D,House
F000300,3302,foster,david,VT,R,House
G000057,3468,gardner,john,NJ,R,House
G000060,3471,gardner,obadiah,ME,D,Senate
G000191,3590,gill,patrick,MO,D,House
G000310,3694,gordon,george,TN,D,House
G000343,3724,gould,samuel,ME,D,House
G000443,3806,gregg,curtis,PA,D,House
H000112,3993,hamilton,john,WV,D,House
H000162,4038,hanna,louis,ND,R,House
H000251,4112,harris,robert,MA,R,House
H000301,4158,hartman,jesse,PA,R,House
H000422,4260,heald,william,DE,R,House
H000505,4331,henry,edward,CT,R,House
H000578,4398,higgins,edwin,CT,R,House
H000871,4657,howland,leonard,OH,R,House
H000882,4666,hubbard,elbert,IA,R,House
J000011,4849,jackson,fred,KS,R,House
J000124,4947,johnson,charles,ME,D,Senate
K000096,5170,kendall,nathan,IA,R,House
K000132,5201,kern,john,IN,D,Senate
K000232,5289,kipp,george,PA,D,House
K000313,5357,kopp,arthur,WI,R,House
L000033,5419,lamb,john,VA,D,House
L000117,5496,latta,james,NE,D,House
L000133,5510,lawrence,george,MA,R,House
L000165,5533,lea,luke,TN,D,Senate
L000218,,legarda y tuason,benito,PI,O,House
L000324,5676,lindsay,george,NY,D,House
L000343,5693,lippitt,henry,RI,R,Senate
L000359,5709,littleton,martin,NY,D,House
L000450,5786,loudenslager,henry,NJ,R,House
M000035,5896,macon,robert,AR,D,House
M000042,5902,madison,edmond,KS,R,House
M000077,5936,malby,george,NY,R,House
M000205,6045,martine,james,NJ,D,Senate
M000252,6083,matthews,charles,PA,R,House
M000289,6116,mays,dannite,FL,D,House
M000305,6130,mccall,samuel,MA,R,House
M000381,6193,mccreary,george,PA,R,House
M000470,6271,mchenry,john,PA,D,House
M000524,6314,mckinney,james,IL,R,House
M000576,6360,mcmorran,henry,MI,R,House
M000803,6552,mitchell,alexander,KS,R,House
M000886,6620,moon,reuben,PA,R,House
M000904,6638,moore,john,TX,D,House
M001008,6733,morse,elmer,WI,R,House
N000021,6854,needham,james,CA,R,House
N000114,6937,nixon,george,NV,R,Senate
N000175,6990,nye,frank,MN,R,House
O000050,7038,o'gorman,james,NY,D,Senate
O000073,7060,oliver,george,PA,R,Senate
O000079,7066,olmsted,marlin,PA,R,House
P000077,7210,parran,thomas,MD,R,House
P000325,7429,pickett,charles,IA,R,House
P000508,7598,pray,charles,MT,R,House
P000538,7624,prince,george,IL,R,House
P000567,7650,pujo,arsene,LA,D,House
R000042,7718,randell,choice,TX,D,House
R000086,7757,rayner,isidor,MD,D,Senate
R000105,7775,redfield,william,NY,D,House
R000133,7800,rees,rollin,KS,R,House
R000169,7828,reyburn,william,PA,R,House
R000492,8101,rucker,atterson,CO,D,House
S000418,8517,simmons,james,NY,R,House
S000614,8684,smith,sylvester,CA,R,House
S000623,8692,smith,walter,IA,R,House
S000712,8774,speer,peter,PA,R,House
S000771,8820,stack,edmund,IL,D,House
S001065,9080,sulzer,william,NY,D,House
S001080,9092,sutherland,george,UT,R,Senate
S001107,9117,sweet,edwin,MI,D,House
T000071,9204,taylor,edward,OH,R,House
T000147,9275,thayer,john,MA,D,House
T000154,9282,thistlewood,napoleon,IL,R,House
T000413,9508,turnbull,robert,VA,D,House
U000035,9579,utter,george,RI,R,House
V000122,9691,vreeland,edward,NY,R,House
W000124,9805,warburton,stanton,WA,R,House
W000198,9870,watson,clarence,WV,D,Senate
W000242,9907,wedemeyer,william,MI,R,House
W000443,10089,wickliffe,robert,LA,D,House
W000620,10259,wilson,william,PA,D,House
W000695,10325,wood,ira,NJ,R,House
W000743,10372,works,john,CA,R,Senate
Y000039,10442,young,isaac,KS,R,House
D000559,2781,du pont,henry,DE,R,Senate
C000253,1601,catron,thomas,NM,R,Senate
J000030,4867,jackson,william,MD,R,Senate
M000229,6066,massey,william,NV,R,Senate
P000238,7351,perky,kirtland,ID,D,Senate
S000038,8200,sanders,newell,TN,R,Senate
A000065,55,ainey,william,PA,R,House
A000259,209,ansberry,timothy,OH,D,House
A000348,303,avis,samuel,WV,R,House
B000014,322,bacon,augustus,GA,D,Senate
B000065,365,baker,jacob,NJ,D,House
B000107,401,baltz,william,IL,D,House
B000196,482,bartholdt,richard,MO,R,House
B000199,485,bartlett,charles,GA,D,House
B000216,498,barton,silas,NE,R,House
B000270,545,beall,james,TX,D,House
B000334,600,bell,charles,CA,R,House
B000635,859,borchers,charles,IL,D,House
B000679,894,bowdle,stanley,OH,D,House
B000796,1002,bremner,robert,NJ,D,House
B000853,1053,brockson,franklin,DE,D,House
B000937,1127,brown,lathrop,NY,D,House
B000987,1172,bryan,james,WA,O,House
B001087,1261,burke,charles,SD,R,House
B001093,1266,burke,james,PA,R,House
B001105,1276,burleigh,edwin,ME,R,Senate
B001110,1281,burleson,albert,TX,D,House
C000125,1487,cantor,jacob,NY,D,House
C000180,1531,carr,wooda,PA,D,House
C000411,1743,clancy,john,NY,D,House
C000495,1821,clayton,henry,AL,D,House
C000699,2001,connolly,maurice,IA,D,House
C000816,2098,covington,james,MD,D,House
D000121,2400,davis,john,WV,D,House
D000201,2471,deitrick,frederick,MA,D,House
D000268,2524,dershem,franklin,PA,D,House
D000343,2593,difenderfer,robert,PA,D,House
D000418,2659,donohoe,michael,PA,D,House
D000422,2663,donovan,jeremiah,CT,D,House
E000102,2891,elder,james,LA,D,House
F000008,3051,faison,john,NC,D,House
F000009,3052,falconer,jacob,WA,O,House
F000083,3112,fergusson,harvey,NM,D,House
F000172,3190,fitzhenry,louis,IL,D,House
F000222,3235,floyd,john,AR,D,House
F000321,3323,fowler,hiram,IL,D,House
F000337,3336,francis,william,OH,D,House
G000126,3531,george,henry,NY,D,House
G000190,3589,gill,michael,MO,D,House
G000221,3616,gilmore,edward,MA,D,House
G000228,3621,gittins,robert,NY,D,House
G000252,3643,goeke,john,OH,D,House
G000255,3646,goff,nathan,WV,R,Senate
G000298,3683,goodwin,forrest,ME,R,House
G000327,3710,gorman,george,IL,D,House
G000357,3735,graham,james,IL,D,House
G000514,3868,gudger,james,NC,D,House
H000135,4014,hammond,winfield,MN,D,House
H000235,4099,harris,christopher,AL,D,House
H000268,4129,harrison,francis,NY,D,House
H000457,4287,heiskell,john,AR,D,Senate
H000633,4445,hinebaugh,william,IL,O,House
H000667,4474,hobson,richmond,AL,D,House
H000727,4525,hollis,henry,NH,D,Senate
H000873,4659,hoxworth,stephen,IL,D,House
H000929,4707,hughes,william,NJ,D,Senate
J000051,4885,james,ollie,KY,D,Senate
J000141,4963,johnson,jacob,UT,R,House
J000196,5010,johnston,rienzi,TX,D,Senate
K000023,5104,kavanaugh,william,AR,D,Senate
K000117,5187,kennedy,william,CT,D,House
K000189,5250,kindel,george,CO,D,House
K000222,5279,kinkead,eugene,NJ,D,House
K000237,5294,kirkpatrick,sanford,IA,D,House
K000291,5342,knowland,joseph,CA,R,House
K000308,5354,konig,george,MD,D,House
K000316,5360,korbly,charles,IN,D,House
L000548,5605,l'engle,claude,FL,D,House
L000015,5397,lafferty,abraham,OR,R,House
L000059,5441,lane,harry,OR,D,Senate
L000071,5453,langham,jonathan,PA,R,House
L000202,5566,lee,robert,PA,D,House
L000219,5587,legare,george,SC,D,House
L000268,5627,levy,jefferson,NY,D,House
L000283,5640,lewis,fred,PA,R,House
L000323,5675,lindquist,francis,MI,R,House
L000407,5750,logue,james,PA,D,House
M000006,5874,macdonald,william,MI,O,House
M000060,5919,maguire,john,NE,D,House
M000061,5920,mahan,bryan,CT,D,House
M000093,5949,manahan,james,MN,R,House
M000176,6020,martin,eben,SD,R,House
M000193,6035,martin,lewis,NJ,D,House
M000200,6040,martin,thomas,VA,D,Senate
M000330,6149,mcclellan,george,NY,D,House
M000376,6188,mccoy,walter,NJ,D,House
M000464,6266,mcguire,bird,OK,R,House
M000660,6433,merritt,edwin,NY,R,House
M000677,6447,metz,herman,NY,D,House
M000820,6567,mitchell,john,MA,D,House
M001070,6788,mulkey,william,AL,D,House
M001083,6801,murdock,victor,KS,R,House
M001117,6828,murray,william,MA,D,House
N000022,6855,neeley,george,KS,D,House
O000012,7000,o'brien,james,NY,D,House
O000052,7040,o'hair,frank,IL,D,House
O000064,7052,o'leary,denis,NY,D,House
P000035,7172,palmer,alexander,PA,D,House
P000136,7260,patton,charles,PA,R,House
P000153,7273,payne,sereno,NY,R,House
P000220,7335,pepper,irvin,IA,D,House
P000251,7364,peters,andrew,MA,D,House
P000262,7373,peterson,john,IN,D,House
P000396,7496,plumley,frank,VT,R,House
P000454,7545,post,james,OH,D,House
P000551,7636,prouty,solomon,IA,R,House
R000116,7784,reed,eugene,NH,D,House
R000156,7817,reilly,thomas,CT,D,House
R000227,7882,richardson,william,AL,D,House
R000370,8006,roddenbery,seaborn,GA,D,House
R000461,8081,rothermel,john,PA,D,House
R000511,8116,rupley,arthur,PA,R,House
S000073,8224,saulsbury,willard,DE,D,Senate
S000234,8355,seldomridge,harry,CO,D,House
S000279,8394,shafroth,john,CO,D,Senate
S000296,8408,sharp,william,OH,D,House
S000535,8618,smith,frank,MD,D,House
S000613,8683,smith,samuel,MI,R,House
S000629,8698,smith,william,MI,R,Senate
S000878,8908,stevens,frederick,MN,R,House
S000885,8915,stevens,raymond,NH,D,House
S001005,9024,stringer,lawrence,IL,D,House
S001061,9076,sullivan,timothy,NY,D,House
T000023,9164,talcott,charles,NY,D,House
T000066,9200,taylor,benjamin,NY,D,House
T000078,9209,taylor,george,AL,D,House
T000140,9269,thacher,thomas,MA,D,House
T000226,9347,thompson,william,KS,D,Senate
T000228,9349,thomson,charles,IL,O,House
T000274,9386,tillman,benjamin,SC,D,Senate
T000332,9436,townsend,edward,NJ,D,House
T000439,9532,tuttle,william,NJ,D,House
U000007,9554,underhill,edwin,NY,D,House
V000070,9646,vardaman,james,MS,D,Senate
V000075,9651,vaughan,horace,TX,D,House
V000113,9682,vollmer,henry,IA,D,House
W000090,9776,wallin,samuel,NY,R,House
W000095,9780,walsh,allan,NJ,D,House
W000224,9893,weaver,claude,OK,D,House
W000232,9899,webb,william,TN,D,Senate
W000246,9911,weeks,john,MA,R,Senate
W000347,10001,whitacre,john,OH,D,House
W000462,10107,wilder,william,MA,R,House
W000580,10220,wilson,frank,NY,D,House
Y000038,10441,young,horace,MI,R,House
C000063,1433,camden,johnson,KY,D,Senate
H000193,4060,hardwick,thomas,GA,D,Senate
L000189,5554,lee,blair,MD,D,Senate
W000305,9963,west,william,GA,D,Senate
W000368,10021,white,francis,AL,D,Senate
A000013,11,abercrombie,john,AL,D,House
A000027,21,adair,john,IN,D,House
A000064,54,aiken,wyatt,SC,D,House
A000111,97,allen,alfred,OH,D,House
B000050,352,bailey,warren,PA,D,House
B000133,426,barchfeld,andrew,PA,R,House
B000269,544,beales,cyrus,PA,R,House
B000293,564,beckham,john,KY,D,Senate
B000359,623,benedict,henry,CA,R,House
B000370,632,bennet,william,NY,R,House
B000753,964,brady,james,ID,R,Senate
B000896,1092,broussard,robert,LA,D,Senate
B000949,1138,brown,william,WV,D,House
B001001,1183,buchanan,frank,IL,D,House
B001083,1257,burgess,george,TX,D,House
B001095,1268,burke,michael,WI,D,House
C000056,1427,callaway,oscar,TX,D,House
C000277,1622,chamberlain,george,OR,D,Senate
C000323,1663,charles,william,NY,R,House
C000463,1793,clarke,james,AR,D,Senate
C000521,1844,cline,cyrus,IN,D,House
C000622,1934,coleman,william,PA,R,House
C000975,2241,cullop,william,IN,D,House
D000029,2321,danforth,henry,NY,R,House
D000074,2356,davenport,james,OK,D,House
D000110,2390,davis,james,TX,D,House
D000500,2729,driscoll,daniel,NY,D,House
E000015,,earnshaw,manuel,PI,O,House
F000021,3062,farley,michael,NY,D,House
G000023,3439,gallinger,jacob,NH,R,Senate
G000344,3725,goulden,joseph,NY,D,House
G000491,3849,gronna,asle,ND,R,Senate
G000517,3870,guernsey,frank,ME,R,House
H000283,4141,hart,archibald,NJ,D,House
H000382,4225,hay,james,VA,D,House
H000516,4341,henry,robert,TX,D,House
H000630,4442,hinds,asher,ME,R,House
H000785,4578,hopwood,robert,PA,R,House
H000866,4652,howell,joseph,UT,R,House
H000920,4699,hughes,dudley,GA,D,House
H000958,4732,humphrey,william,WA,R,House
H001006,4776,husting,paul,WI,D,Senate
J000128,4950,johnson,edwin,SD,D,Senate
J000156,4975,johnson,joseph,SC,D,House
K000052,5130,keister,abraham,PA,R,House
K000127,5196,kent,william,CA,O,House
K000310,5355,konop,thomas,WI,D,House
L000014,5396,lafean,daniel,PA,R,House
L000302,5657,lieb,charles,IN,D,House
L000303,5658,liebel,michael,PA,D,House
L000320,5673,lindbergh,charles,MN,R,House
L000380,5727,lloyd,james,MO,D,House
L000399,5742,loft,george,NY,D,House
L000449,5785,loud,george,MI,R,House
M000254,6085,matthews,nelson,OH,R,House
M000363,6176,mccorkle,paul,SC,D,House
M000378,6190,mccracken,robert,ID,R,House
M000405,6213,mcdermott,james,IL,D,House
M000448,6252,mcgillicuddy,daniel,ME,D,House
M000753,6507,miller,samuel,PA,R,House
M000758,6512,miller,thomas,DE,R,House
M000888,6622,mooney,william,OH,R,House
M000955,6683,morgan,lewis,LA,D,House
M000998,6724,morrison,martin,IN,D,House
M001034,6755,moss,hunter,WV,R,House
M001037,6758,moss,ralph,IN,D,House
M001118,6829,murray,william,OK,D,House
N000069,6897,newlands,francis,NV,D,Senate
N000141,6962,north,solomon,PA,R,House
O000002,6993,oakey,peter,CT,R,House
O000049,7037,oglesby,woodson,NY,D,House
P000022,7160,page,robert,NC,D,House
P000109,7236,patten,thomas,NY,D,House
P000217,7332,penrose,boies,PA,R,Senate
P000290,7395,phelan,james,CA,D,Senate
Q000009,,quezon,manuel,PI,O,House
R000070,7743,rauch,george,IN,D,House
R000279,,rivera,luis,PR,O,House
R000311,7952,roberts,ernest,MA,R,House
R000493,8102,rucker,tinsley,GA,D,House
R000534,8136,russell,joshua,OH,R,House
S000348,8456,sherman,lawrence,IL,R,Senate
S000371,8478,shively,benjamin,IN,D,Senate
S000540,8623,smith,george,MN,R,House
S000551,8633,smith,hoke,GA,D,Senate
S000577,8658,smith,john,MD,D,Senate
S000589,8665,smith,marcus,AZ,D,Senate
S000636,8705,smith,william,TX,D,House
S000702,8765,sparkman,stephen,FL,D,House
S000837,8873,steele,thomas,IA,D,House
S000858,8889,stephens,john,TX,D,House
S000861,8891,stephens,william,CA,O,House
S000954,8976,stone,claudius,IL,D,House
S000968,8989,stone,william,MO,D,Senate
S000982,9003,stout,tom,MT,D,House
T000011,9153,taggart,joseph,KS,D,House
T000059,9193,tavenner,clyde,IL,D,House
T000160,9288,thomas,charles,CO,D,Senate
T000366,9467,tribble,samuel,GA,D,House
W000535,10177,williams,seward,OH,R,House
W000548,10190,williams,william,IL,D,House
W000575,10215,wilson,emmett,FL,D,House
W000662,10298,witherspoon,samuel,MS,D,House
K000233,5290,kirby,william,AR,D,Senate
T000013,9155,taggart,thomas,IN,D,Senate
A000051,44,adamson,william,GA,D,House
A000341,295,austin,richard,TN,R,House
B000018,326,bacon,mark,MI,R,House
B000164,453,barnhart,henry,IN,D,House
B000240,519,bathrick,elsworth,OH,D,House
B000264,539,beakes,samuel,MI,D,House
B000421,676,beshlin,earl,PA,D,House
B000476,721,birch,william,NJ,R,House
B000552,790,bleakley,orrin,PA,R,House
B000643,866,borland,william,MO,D,House
B000846,1047,britt,james,NC,R,House
B000855,1055,brodbeck,andrew,PA,D,House
B000974,1159,bruckner,henry,NY,D,House
C000025,1399,calder,william,NY,R,Senate
C000136,1496,capstick,john,NJ,R,House
C000205,1554,carter,william,MA,R,House
C000218,1567,cary,william,WI,R,House
C000433,1765,clark,henry,PA,R,House
C000490,1817,claypool,horatio,OH,D,House
C000663,1968,comstock,daniel,IN,R,House
C000689,1991,connelly,john,KS,D,House
C000707,2007,conry,michael,NY,D,House
C000748,2043,cooper,edward,WV,R,House
C000840,2119,cox,william,IN,D,House
C000963,2229,culberson,charles,TX,D,Senate
D000008,2301,dale,harry,NY,D,House
D000084,2366,davidson,james,WI,R,House
D000184,2457,decker,perl,MO,D,House
D000258,2516,denton,george,IN,D,House
D000337,2587,dies,martin,TX,D,House
D000348,2598,dillon,charles,SD,R,House
D000374,2621,dixon,lincoln,IN,D,House
D000427,2667,doolittle,dudley,KS,D,House
D000505,2734,drukker,dow,NJ,R,House
E000219,2991,essen,frederick,MO,R,House
F000005,3048,fairchild,george,NY,R,House
F000131,3153,finley,david,SC,D,House
F000165,3183,fitzgerald,john,NY,D,House
F000228,3241,flynn,joseph,NY,D,House
F000295,3297,foss,george,IL,R,House
F000309,3311,foster,martin,IL,D,House
F000333,3332,france,joseph,MD,R,Senate
F000335,3334,francis,george,NY,R,House
F000370,3363,frelinghuysen,joseph,NJ,R,Senate
G000050,3463,gardner,augustus,MA,R,House
G000317,3702,gordon,william,OH,D,House
G000393,3762,gray,edward,NJ,R,House
G000401,3770,gray,oscar,AL,D,House
G000441,3804,gregg,alexander,TX,D,House
G000460,3819,griffin,daniel,NY,D,House
H000104,3985,hamilton,charles,NY,R,House
H000119,3999,hamlin,courtney,MO,D,House
H000389,4230,hayes,everis,CA,R,House
H000433,4271,heaton,robert,PA,R,House
H000455,4286,heintz,victor,OH,R,House
H000459,4289,helgesen,henry,ND,R,House
H000466,4294,helvering,guy,KS,D,House
H000522,4347,hensley,walter,MO,D,House
H000591,4409,hill,ebenezer,CT,R,House
H000620,4435,hilliard,benjamin,CO,D,House
H000645,4454,hitchcock,gilbert,NE,D,Senate
H000726,4524,hollingsworth,david,OH,R,House
H000755,4550,hood,george,NC,D,House
H000829,4617,houston,william,TN,D,House
H000849,4636,howard,william,GA,D,House
H000934,4711,hulbert,george,NY,D,House
J000259,5067,jones,william,VA,D,House
K000035,5115,keating,edward,CO,D,House
K000046,5124,kehoe,james,FL,D,House
K000065,5143,kellogg,frank,MN,R,Senate
K000157,5223,key,john,OH,D,House
K000296,5347,knox,philander,PA,R,Senate
L000006,5403,la follette,william,WA,R,House
L000358,5708,littlepage,adam,WV,D,House
L000385,5730,lobeck,charles,NE,D,House
L000518,5841,lunn,george,NY,D,House
M000170,6016,martin,charles,IL,D,House
M000397,6208,mccumber,porter,ND,R,Senate
M000554,6342,mclemore,atkins,TX,D,House
M000629,6404,meeker,jacob,MO,R,House
M000717,6476,miller,clarence,MN,R,House
M001129,6837,myers,henry,MT,D,Senate
N000059,6887,new,harry,IN,R,Senate
N000156,6975,norton,patrick,ND,R,House
O000117,7098,o'shaunessy,george,RI,D,House
O000071,7058,oliver,daniel,NY,D,House
O000141,7121,overmyer,arthur,OH,D,House
P000014,7152,page,carroll,VT,R,Senate
P000403,7502,poindexter,miles,WA,R,Senate
P000407,7505,polk,albert,DE,D,House
P000420,7516,pomerene,atlee,OH,D,Senate
P000487,7577,powers,caleb,KY,R,House
P000500,7590,pratt,harry,NY,R,House
P000527,7614,price,jesse,MD,D,House
R000309,7950,roberts,edwin,NV,R,House
R000480,8096,rowland,charles,PA,R,House
R000533,8135,russell,joseph,MO,D,House
S000170,8297,scott,george,IA,R,House
S000180,8307,scott,john,PA,R,House
S000274,8390,shackleford,dorsey,MO,D,House
S000343,8452,sherley,joseph,KY,D,House
S000384,8490,shouse,jouett,KS,D,House
S000482,8570,slayden,james,TX,D,House
S000520,8605,smith,charles,NY,D,House
S000657,8726,snook,john,OH,D,House
S000856,8887,stephens,dan,NE,D,House
S000869,8899,sterling,bruce,PA,D,House
S000870,8900,sterling,john,IL,R,House
S001063,9078,sulloway,cyrus,NH,R,House
S001081,9093,sutherland,howard,WV,R,Senate
S001118,9126,swift,oscar,NY,R,House
S001124,9131,switzer,robert,OH,R,House
T000021,9163,talbott,joshua,MD,D,House
T000121,9251,templeton,thomas,PA,R,House
T000330,9434,townsend,charles,MI,R,Senate
W000039,9729,waldow,william,NY,R,House
W000060,9748,walker,john,GA,D,House
W000117,9799,walton,william,NM,D,House
W000370,10023,white,george,OH,D,House
W000521,10165,williams,john,MS,D,Senate
W000669,10304,wolcott,josiah,DE,D,Senate
W000721,10351,woods,frank,IA,R,House
B000052,354,baird,david,NJ,R,Senate
B000360,624,benet,christie,SC,D,Senate
D000495,2725,drew,irving,NH,R,Senate
G000104,3512,gay,edward,LA,D,Senate
G000522,3875,guion,walter,LA,D,Senate
H000477,4305,henderson,charles,NV,D,Senate
M000181,6025,martin,george,KY,D,Senate
M001069,6787,mulkey,frederick,OR,R,Senate
N000169,6986,nugent,john,ID,D,Senate
P000417,7514,pollock,william,SC,D,Senate
W000471,10116,wilfley,xenophon,MO,D,Senate
A000098,86,alexander,joshua,MO,D,House
A000253,203,andrews,william,MD,R,House
B000007,317,babka,john,OH,D,House
B000027,333,baer,john,ND,R,House
B000100,395,ball,lewis,DE,R,Senate
B000110,403,bankhead,john,AL,D,Senate
B000303,573,bee,carlos,TX,D,House
B000387,648,benson,carville,MD,D,House
B000547,787,bland,william,MO,D,House
B000626,850,booher,charles,MO,D,House
B000961,1149,browning,william,NJ,R,House
B000975,1160,brumbaugh,clement,OH,D,House
B001121,1291,burnett,john,AL,D,House
C000030,1404,caldwell,charles,NY,D,House
C000110,1473,candler,ezekiel,MS,D,House
C000151,1508,carlin,charles,VA,D,House
C000437,1769,clark,james,MO,D,House
C000541,1862,coady,charles,MD,D,House
C000651,1957,colt,lebaron,RI,R,Senate
C000796,2082,costello,peter,PA,R,House
C000998,2259,currie,gilbert,MI,R,House
D000256,2514,dent,stanley,AL,D,House
D000288,2536,dewalt,arthur,PA,D,House
D000298,2552,dial,nathaniel,SC,D,Senate
D000423,2664,donovan,jerome,NY,D,House
D000426,2666,dooling,peter,NY,D,House
D000431,2670,doremus,frank,MI,D,House
E000109,2898,elkins,davis,WV,R,Senate
E000145,2934,ellsworth,franklin,MN,R,House
E000171,2959,emerson,henry,OH,R,House
E000212,2988,esch,john,WI,R,House
E000224,2996,estopinal,albert,LA,D,House
E000234,3004,evans,charles,NV,D,House
F000011,3053,fall,albert,NM,R,Senate
F000029,3068,farr,john,PA,R,House
F000091,3119,ferris,scott,OK,D,House
F000164,3182,fitzgerald,john,MA,D,House
F000405,3391,fuller,alvan,MA,R,House
G000018,3435,gallagher,thomas,IL,D,House
G000037,3450,gandy,harry,SD,D,House
G000048,3459,gard,warren,OH,D,House
G000068,3478,garland,mahlon,PA,R,House
G000250,3641,godwin,hannibal,NC,D,House
G000260,3651,goldfogle,henry,NY,D,House
G000276,3665,goodall,louis,ME,R,House
G000304,3689,goodwin,william,AR,D,House
G000474,,grigsby,george,AK,O,House
H000099,3980,hamill,james,NJ,D,House
H000108,3989,hamilton,edward,MI,R,House
H000319,4173,haskell,reuben,NY,R,House
H000461,4291,helm,harvey,KY,D,House
H000532,4356,hernandez,benigno,NM,R,House
H000546,4370,hersman,hugh,CA,D,House
H000610,4427,hill,william,NY,R,House
H000716,4517,holland,edward,VA,D,House
H000939,4716,hulings,willis,PA,R,House
I000005,4794,igoe,william,MO,D,House
J000190,5004,johnston,john,NY,D,House
J000282,5087,juul,niels,IL,R,House
K000104,5178,kennedy,charles,IA,R,House
K000129,5198,kenyon,william,IA,R,Senate
K000155,5221,kettner,william,CA,D,House
L000250,5615,lesher,john,PA,D,House
L000259,5624,lever,asbury,SC,D,House
M000002,5870,maccrate,john,NY,R,House
M000063,5922,maher,james,NY,D,House
M000101,5956,mann,edward,SC,D,House
M000290,6117,mays,james,UT,D,House
M000369,6181,mccormick,joseph,IL,R,Senate
M000450,6254,mcglennon,cornelius,NJ,D,House
M000517,6308,mckiniry,richard,NY,D,House
M000536,6324,mclane,patrick,PA,D,House
M000849,6588,monahan,james,WI,R,House
M000884,6618,moon,john,TN,D,House
M000906,6640,moore,joseph,PA,R,House
M000947,6675,morgan,dick,OK,R,House
N000040,6870,nelson,knute,MN,R,Senate
N000062,6890,newberry,truman,MI,R,Senate
N000088,6915,nicholls,samuel,SC,D,House
N000090,6917,nichols,charles,MI,R,House
O000080,7067,olney,richard,MA,D,House
O000153,7133,owen,robert,OK,D,Senate
P000194,7311,pell,herbert,NY,D,House
P000291,7396,phelan,michael,MA,D,House
P000379,7479,platt,edmund,NY,R,House
R000010,7689,ragsdale,james,SC,D,House
R000027,7704,ramsey,john,NJ,R,House
R000036,7712,randall,charles,CA,O,House
R000038,7714,randall,clifford,WI,R,House
R000298,7941,robbins,edward,PA,R,House
R000348,7987,robinson,leonidas,NC,D,House
R000472,8088,rowan,joseph,NY,D,House
R000476,8092,rowe,frederick,NY,R,House
S000035,8197,sanders,jared,LA,D,House
S000053,8212,sanford,rollin,NY,R,House
S000077,8227,saunders,edward,VA,D,House
S000206,8330,scully,thomas,NJ,D,House
S000235,8356,sells,sam,TN,R,House
S000363,8471,shields,john,TN,D,Senate
S000441,8537,sims,thetus,TN,D,House
S000500,8588,small,john,NC,D,House
S000619,8689,smith,thomas,NY,D,House
S000796,8838,stanley,augustus,KY,D,Senate
S000831,8868,steele,henry,PA,D,House
S000872,8902,sterling,thomas,SD,R,Senate
S001064,,sulzer,charles,AK,O,House
S001121,9129,swindall,charles,OK,R,House
S001129,9136,swope,king,KY,R,House
T000210,9332,thompson,joseph,OK,D,House
V000034,9610,van dyke,carl,MN,D,House
V000086,9661,venable,william,MS,D,House
W000193,9867,watkins,john,LA,D,House
W000206,9878,watson,walter,VA,D,House
W000231,9898,webb,edwin,NC,D,House
W000278,9938,welling,milton,UT,D,House
W000291,9949,welty,benjamin,OH,D,House
W000319,9974,whaley,richard,SC,D,House
W000593,10233,wilson,james,TX,D,House
W000600,10240,wilson,john,PA,D,House
W000624,10263,wilson,william,IL,R,House
Y000004,,yangco,teodoro,PI,O,House
Y000040,10443,young,james,TX,D,House
C000657,1962,comer,braxton,AL,D,Senate
H000192,4059,harding,warren,OH,R,Senate
A000251,201,andrews,william,NE,R,House
A000260,210,ansorge,martin,NY,R,House
A000267,217,appleby,theodore,NJ,R,House
A000326,281,atkeson,william,MO,R,House
B000088,,baldwin,henry,HI,R,House
B000361,625,benham,john,IN,R,House
B000479,724,bird,richard,KS,R,House
B000514,757,blackmon,fred,AL,D,House
B000535,776,blakeney,albert,MD,R,House
B000542,782,bland,oscar,IN,R,House
B000610,840,bond,charles,NY,R,House
B000690,904,bowers,george,WV,R,House
B000769,978,brandegee,frank,CT,R,Senate
B000800,1005,brennan,vincent,MI,R,House
B000840,1042,brinson,samuel,NC,D,House
B000876,1073,brooks,edward,PA,R,House
B000877,1074,brooks,edwin,IL,R,House
B000935,1125,brown,joseph,TN,R,House
B001101,1274,burke,william,PA,R,House
B001138,1306,burroughs,sherman,NH,R,House
B001144,1312,bursum,holm,NM,R,Senate
C000066,1436,cameron,ralph,AZ,R,Senate
C000097,1462,campbell,philip,KS,R,House
C000121,1483,cannon,joseph,IL,R,House
C000295,1638,chandler,thomas,OK,R,House
C000297,1640,chandler,walter,NY,R,House
C000474,1804,classon,david,WI,R,House
C000532,1854,clouse,wynne,TN,R,House
C000579,1895,codd,george,MI,R,House
C000685,1987,connell,charles,PA,R,House
C000770,2063,copley,ira,IL,R,House
C000806,2091,coughlin,clarence,PA,R,House
C000853,2130,crago,thomas,PA,R,House
C000938,2205,crow,william,PA,R,Senate
C000988,2252,cummins,albert,IA,R,Senate
D000276,,de veyra,jaime,PI,O,House
D000347,2597,dillingham,william,VT,R,Senate
D000553,2776,dunn,thomas,NY,R,House
E000030,2834,echols,leonard,WV,R,House
E000161,2949,elston,john,CA,R,House
E000206,2983,ernst,richard,KY,R,Senate
E000256,3020,evans,robert,NE,R,House
F000210,3225,flood,henry,VA,D,House
F000271,3275,fordney,joseph,MI,R,House
F000341,3339,frankhauser,william,MI,R,House
G000004,3422,gahn,harry,OH,R,House
G000123,3528,gensman,lorraine,OK,R,House
G000137,3540,gernerd,fred,PA,R,House
G000275,3664,good,james,IA,R,House
G000308,3693,goodykoontz,wells,WV,R,House
G000342,3723,gould,norman,NY,R,House
H000198,4065,hardy,rufus,TX,D,House
H000227,4092,harreld,john,OK,R,Senate
H000403,4242,hays,edward,MO,R,House
H000510,4336,henry,lewis,NY,R,House
H000540,4364,herrick,manuel,OK,R,House
H000564,4385,hicks,frederick,NY,R,House
H000626,4439,himes,joseph,OH,R,House
H000693,4496,hogan,michael,NY,R,House
H000813,4602,houghton,alanson,NY,R,House
H000900,4683,huck,winnifred,IL,R,House
H000933,4710,hukriede,theodore,MO,R,House
H000949,4725,humphrey,augustin,NE,R,House
H001005,4775,husted,james,NY,R,House
H001012,4781,hutchinson,elijah,NJ,R,House
I000030,4815,ireland,clifford,IL,R,House
J000041,4876,jacoway,henderson,AR,D,House
J000052,4886,james,rorer,VA,D,House
J000067,4901,jefferis,albert,NE,R,House
J000166,4984,johnson,paul,MS,D,House
J000217,5028,jones,evan,PA,R,House
K000004,,kalanianaole,jonah,HI,R,House
K000061,5139,kelley,patrick,MI,R,House
K000100,5174,kennedy,ambrose,RI,R,House
K000221,5278,kinkaid,moses,NE,R,House
K000240,5297,kirkpatrick,william,PA,R,House
K000245,5302,kissel,john,NY,R,House
K000260,5316,kleczka,john,WI,R,House
K000266,5320,kline,ardolph,NY,R,House
K000267,5321,kline,isaac,PA,R,House
K000284,5336,knight,charles,OH,R,House
K000323,5364,kraus,milton,IN,R,House
K000327,5366,kreider,aaron,PA,R,House
L000012,5393,ladd,edwin,ND,R,Senate
L000135,5512,lawrence,henry,MO,R,House
L000151,5527,layton,caleb,DE,R,House
L000207,5571,lee,warren,NY,R,House
L000241,5607,lenroot,irvine,WI,R,Senate
L000408,5751,london,meyer,NY,O,House
L000503,5833,lufkin,willfred,MA,R,House
L000505,5834,luhring,oscar,IN,R,House
M000092,5948,maloney,robert,MA,R,House
M000104,5959,mann,james,IL,R,House
M000228,6065,mason,william,IL,R,House
M000298,6124,mcarthur,clifton,OR,R,House
M000373,6185,mccormick,washington,MT,R,House
M000521,6313,mckinley,william,IL,R,Senate
M000540,6328,mclaughlin,joseph,PA,R,House
M000592,6374,mcpherson,isaac,MO,R,House
M000781,6534,millspaugh,frank,MO,R,House
M000852,6590,mondell,franklin,WY,R,House
M000877,6612,montoya,nestor,NM,R,House
N000029,6861,nelson,adolphus,WI,R,House
N000101,6926,nicholson,samuel,CO,R,Senate
N000124,6947,nolan,john,CA,R,House
N000154,6973,norton,miner,OH,R,House
O000042,7030,ogden,charles,KY,R,House
O000082,7069,olpp,archibald,NJ,R,House
O000143,7123,overstreet,james,GA,D,House
P000012,7150,padgett,lemuel,TN,D,House
P000070,7203,parker,richard,NJ,R,House
P000083,7215,parrish,lucian,TX,D,House
P000143,7268,paul,john,VA,R,House
P000253,7366,peters,john,ME,R,House
P000257,7370,petersen,andrew,NY,R,House
P000542,7628,pringey,joseph,OK,R,House
R000005,7684,radcliffe,amos,NJ,R,House
R000017,7694,rainey,lilius,AL,D,House
R000101,7772,reavis,charles,NE,R,House
R000102,7773,reber,john,PA,R,House
R000190,7846,rhodes,marion,MO,R,House
R000236,7889,ricketts,edwin,OH,R,House
R000237,7890,riddick,carl,MT,R,House
R000318,7957,robertson,alice,OK,R,House
R000371,8007,rodenberg,william,IL,R,House
R000437,8060,rose,john,PA,R,House
R000457,8079,rossdale,albert,NY,R,House
R000494,8103,rucker,william,MO,D,House
R000560,8158,ryan,thomas,NY,R,House
S000181,8308,scott,lon,TN,R,House
S000306,8417,shaw,guy,IL,R,House
S000328,8438,shelton,samuel,MO,R,House
S000404,8505,siegel,isaac,NY,R,House
S000456,8551,sisson,thomas,MS,D,House
S000486,8574,slemp,campbell,VA,R,House
S000730,8790,spencer,selden,MO,R,Senate
S000791,8834,stanfield,robert,OR,R,Senate
S000842,8877,steenerson,halvor,MN,R,House
S000927,8953,stiness,walter,RI,R,House
S000951,8973,stoll,philip,SC,D,House
S001106,9116,sweet,burton,IA,R,House
T000069,9202,taylor,chester,AR,D,House
T000100,9231,taylor,samuel,AR,D,House
T000126,9256,ten eyck,peter,NY,D,House
T000245,9362,thorpe,roy,NE,R,House
U000013,9560,underwood,oscar,AL,D,Senate
V000111,9681,volk,lester,NY,R,House
V000114,9683,volstead,andrew,MN,R,House
W000101,9785,walsh,joseph,MA,R,House
W000205,9877,watson,thomas,GA,D,Senate
W000276,9936,weller,ovington,MD,R,Senate
W000723,10353,woods,james,VA,D,House
B000252,529,bayard,thomas,DE,D,Senate
F000069,3099,felton,rebecca,GA,D,Senate
P000219,7334,pepper,george,PA,R,Senate
R000075,7747,rawson,charles,IA,R,Senate
A000144,126,allen,robert,WV,D,House
A000233,182,anderson,sydney,MN,R,House
B000712,925,boyce,william,DE,D,House
B000954,1142,browne,charles,NJ,D,House
B000972,1157,bruce,william,MD,D,Senate
B001027,1207,buckley,james,IL,D,House
C000126,1488,cantrill,james,KY,D,House
C000430,1762,clark,frank,FL,D,House
C000575,1891,cockran,william,NY,D,House
C000613,1927,cole,raymond,OH,R,House
C000727,2025,cook,samuel,IN,D,House
C000923,2191,croll,william,PA,D,House
C000987,2251,cummings,herbert,PA,D,House
D000093,2375,davis,charles,MN,R,House
D000561,2783,dupre,henry,LA,D,House
E000001,2808,eagan,john,NJ,D,House
E000066,2863,edwards,edward,NJ,D,Senate
E000243,3009,evans,hiram,IA,R,House
F000007,3050,fairfield,louis,IN,R,House
F000048,3083,favrot,george,LA,D,House
F000092,3120,ferris,woodbridge,MI,D,Senate
F000113,3138,fields,william,KY,D,House
F000194,3210,fleetwood,frederick,VT,R,House
F000306,3308,foster,israel,OH,R,House
G000038,3451,ganly,james,NY,D,House
G000133,3537,geran,elmer,NJ,D,House
G000234,3627,glatfelter,samuel,PA,D,House
G000364,3741,graham,william,IL,R,House
G000430,3794,greene,william,MA,R,House
H000759,4554,hooker,james,VA,D,House
H000941,4718,hull,harry,IA,R,House
H000960,4734,humphreys,benjamin,MS,D,House
H000964,4738,humphreys,william,MS,D,House
J000210,5023,jones,andrieus,NM,D,Senate
J000273,5078,jost,henry,MO,D,House
K000003,5090,kahn,julius,CA,R,House
K000250,5307,kitchin,claude,NC,D,House
L000004,5401,la follette,robert,WI,R,Senate
L000104,5483,larson,oscar,MN,R,House
L000171,5537,leach,robert,MA,R,House
L000311,5664,lilly,thomas,WV,D,House
L000349,5699,little,edward,KS,R,House
L000393,5738,lodge,henry,MA,R,Senate
L000406,5749,logan,william,SC,D,House
M000028,5889,maclafferty,james,CA,R,House
M000281,6109,mayfield,earle,TX,D,Senate
M000506,6300,mckenzie,john,IL,R,House
M000547,6335,mclean,george,CT,R,Senate
M000588,6372,mcnulty,frank,NJ,D,House
M000723,6480,miller,edward,IL,R,House
M000789,6542,minahan,daniel,NJ,D,House
M000890,6624,moore,allen,IL,R,House
M000914,6648,moore,robert,GA,D,House
M000928,6659,moores,merrill,IN,R,House
M000981,6708,morris,joseph,KY,D,House
M001041,6762,mott,luther,NY,R,House
M001060,6778,mudd,sydney,MD,R,House
N000125,6948,nolan,mae,CA,R,House
O000008,6997,o'brien,charles,NJ,D,House
O000123,7104,o'sullivan,patrick,CT,D,House
O000112,7093,osborne,henry,CA,R,House
P000024,7162,paige,calvin,MA,R,House
P000051,7185,park,frank,GA,D,House
R000015,7692,rainey,john,IL,D,House
R000020,7697,ralston,samuel,IN,D,Senate
R000118,7786,reed,james,MO,D,Senate
R000127,7794,reed,stuart,WV,R,House
R000211,7866,richards,charles,NV,D,House
R000264,7911,riordan,daniel,NY,D,House
R000289,7933,roach,sidney,MO,R,House
R000441,8064,rosenbloom,benjamin,WV,R,House
S000019,8183,salmon,william,TN,D,House
S000034,8196,sanders,everett,IN,R,House
S000090,8238,sawyer,lewis,AR,D,House
S000355,8463,sherwood,isaac,OH,D,House
S000457,8552,sites,frank,PA,D,House
S000573,8654,smith,john,MI,R,House
S000666,8733,snyder,homer,NY,R,House
S000850,8882,stengle,charles,NY,D,House
T000014,9156,tague,peter,MA,D,House
T000325,9430,towner,horace,IA,R,House
T000455,9547,tyson,john,AL,D,House
W000129,9810,ward,charles,NY,R,House
W000132,9813,ward,hallett,NC,D,House
W000191,9866,watkins,elton,OR,D,House
W000240,9905,webster,john,WA,R,House
W000300,9958,wertz,george,PA,R,House
W000621,10260,wilson,william,IN,D,House
W000639,10277,winslow,samuel,MA,R,House
W000650,10287,wise,james,GA,D,House
W000679,10312,wolff,joseph,MO,D,House
Y000036,10439,young,george,ND,R,House
B001196,1356,butler,william,MA,R,Senate
M000621,6400,means,rice,CO,R,Senate
A000266,216,appleby,stewart,NJ,R,House
B000048,350,bailey,ralph,MO,R,House
B000493,737,bixler,harris,PA,R,House
B000553,791,blease,coleman,SC,D,Senate
C000168,1521,carpenter,edmund,PA,R,House
C000196,1546,carter,charles,OK,D,House
C000391,1724,churchill,george,MA,R,House
C000500,1826,cleary,william,NY,D,House
D000233,2494,deneen,charles,IL,R,Senate
E000044,2844,edge,walter,NJ,R,Senate
F000004,3047,fairchild,benjamin,NY,R,House
F000084,3113,fernald,bert,ME,R,Senate
F000182,3200,flaherty,lawrence,CA,R,House
F000358,3351,fredericks,john,CA,R,House
F000407,3393,fuller,charles,IL,R,House
F000428,3413,funk,frank,IL,R,House
G000201,3599,gillett,frederick,MA,R,Senate
G000254,3645,goff,guy,WV,R,Senate
G000329,3712,gorman,john,IL,R,House
H000446,4280,heflin,james,AL,D,Senate
H000597,4415,hill,john,MD,R,House
J000061,,jarrett,william,HI,D,House
J000118,4942,johnson,ben,KY,D,House
K000057,5135,keller,oscar,MN,R,House
K000234,5291,kirk,andrew,KY,R,House
L000072,5454,langley,john,KY,R,House
L000194,5558,lee,gordon,GA,D,House
L000331,5683,lineberger,walter,CA,R,House
L000348,5698,little,chauncey,KS,D,House
M000046,5906,magee,james,PA,R,House
M000541,6329,mclaughlin,melvin,NE,R,House
M000563,6349,mcmaster,william,SD,R,Senate
M000776,6530,mills,ogden,NY,R,House
M000870,6606,montgomery,samuel,OK,R,House
N000075,6903,newton,cleveland,MO,R,House
P000114,7240,patterson,francis,NJ,R,House
P000239,7352,perlman,nathan,NY,R,House
P000314,7419,phillips,thomas,PA,R,House
P000317,7422,phipps,lawrence,CO,R,Senate
P000360,7461,pine,william,OK,R,Senate
R000019,7696,raker,john,CA,D,House
R000059,7734,ransdell,joseph,LA,D,Senate
R000400,8031,rogers,john,MA,R,House
R000466,8083,rouse,arthur,KY,D,House
S000006,8167,sackett,frederic,KY,R,Senate
S000169,8296,scott,frank,MI,R,House
S000415,8514,simmons,furnifold,NC,D,Senate
S000643,8712,smithwick,john,FL,D,House
S000680,8743,sosnowski,john,MI,R,House
S001097,9109,swartz,joshua,PA,R,House
S001126,9133,swoope,william,PA,R,House
T000080,9211,taylor,herbert,NJ,R,House
T000082,9213,taylor,james,WV,D,House
T000146,9274,thayer,harry,MA,R,House
T000185,9309,thomas,robert,KY,D,House
T000282,9394,tincher,jasper,KS,R,House
T000299,9410,tolley,harold,NY,R,House
T000456,9548,tyson,lawrence,TN,D,Senate
U000026,9571,upshaw,william,GA,D,House
V000110,9680,voigt,edward,WI,R,House
W000109,9792,walters,anderson,PA,R,House
W000164,9842,warren,francis,WY,R,Senate
W000251,9916,wefald,knud,MN,O,House
W000339,9993,wheeler,loren,IL,R,House
W000490,10135,williams,arthur,MI,R,House
W000499,10144,williams,george,MO,R,Senate
W000737,10367,woodyard,harry,WV,R,House
D000560,2782,du pont,thomas,DE,R,Senate
G000340,3721,gould,arthur,ME,R,Senate
H000362,4207,hawes,harry,MO,D,Senate
S000534,8617,smith,frank,IL,R,House
S000826,8863,steck,daniel,IA,D,Senate
S000906,8933,stewart,david,IA,R,Senate
A000261,211,anthony,daniel,KS,R,House
B000291,562,beck,joseph,WI,R,House
B000314,583,begg,james,OH,R,House
B000407,665,berger,victor,WI,O,House
B000470,716,bingham,hiram,CT,R,Senate
B000495,739,black,eugene,TX,D,House
B000520,761,blaine,john,WI,R,Senate
B000597,827,boies,william,IA,R,House
B000700,914,bowles,henry,MA,R,House
B000702,916,bowling,william,AL,D,House
B000873,1070,brookhart,smith,IA,R,Senate
B000895,1091,broussard,edwin,LA,D,Senate
B001171,1333,bushong,robert,PA,R,House
B001192,1352,butler,thomas,PA,R,House
C000139,1498,caraway,thaddeus,AR,D,Senate
C000194,1544,carss,william,MN,O,House
C000599,1913,cohen,william,NY,D,House
C000654,1959,combs,george,MO,D,House
C000959,2226,crumpacker,maurice,OR,R,House
C001008,2269,curtis,charles,KS,R,Senate
D000009,2302,dale,porter,VT,R,Senate
D000080,2362,davey,martin,OH,D,House
D000169,2442,deal,joseph,VA,D,House
E000180,2964,england,edward,WV,R,House
F000047,3082,faust,charles,MO,R,House
F000170,3188,fitzgerald,william,OH,R,House
F000395,3382,frothingham,louis,MA,R,House
F000433,3417,furlow,allen,MN,R,House
G000024,3440,gallivan,james,MA,D,House
G000053,3466,gardner,frank,IN,D,House
G000082,3490,garrett,finis,TN,D,House
G000288,3676,gooding,frank,ID,R,Senate
G000422,3786,green,william,IA,R,House
H000277,4136,harrison,thomas,VA,D,House
H000421,,hazlett,james,PA,R,House
H000544,4368,hersey,ira,ME,R,House
H000837,4625,howard,everette,OK,D,House
J000040,4875,jacobstein,meyer,NY,D,House
J000257,5065,jones,wesley,WA,R,Senate
K000124,5193,kent,everett,PA,D,House
K000191,5251,kindred,john,NY,D,House
K000200,5259,king,edward,IL,R,House
L000153,5529,lazaro,ladislas,LA,D,House
L000484,5816,lowrey,bill,MS,D,House
L000543,5865,lyon,homer,NC,D,House
M000009,5877,macgregor,clarence,NY,R,House
M000038,5899,madden,martin,IL,R,House
M000049,5909,magee,walter,NY,R,House
M000850,6589,monast,louis,RI,R,House
M000912,6646,moore,paul,NJ,D,House
M000931,6662,moorman,henry,KY,D,House
M000961,6688,morin,john,PA,R,House
M001004,6730,morrow,john,NM,D,House
M001028,6750,moses,george,NH,R,Senate
O000018,7006,o'brien,william,WV,D,House
O000035,7023,oddie,tasker,NV,R,Senate
O000062,7050,oldfield,william,AR,D,House
O000140,7120,overman,lee,NC,D,Senate
P000037,7174,palmer,cyrus,PA,R,House
P000186,7304,peery,george,VA,D,House
R000068,7741,rathbone,henry,IL,R,House
R000119,7787,reed,james,AR,D,House
R000491,8100,rubey,thomas,MO,D,House
S000380,8487,shortridge,samuel,CA,R,Senate
S000450,8546,sinnott,nicholas,OR,R,House
S000644,8713,smoot,reed,UT,R,Senate
S000855,8886,stephens,ambrose,OH,R,House
S001024,9044,strother,james,WV,R,House
S001109,9119,sweet,thaddeus,NY,R,House
T000049,9186,tatgenhorst,charles,OH,R,House
T000276,9388,tillman,john,AR,D,House
U000020,9565,updike,ralph,IN,R,House
V000004,9585,vaile,william,CO,R,House
V000071,9647,vare,william,PA,R,Senate
V000102,9674,vincent,earl,IA,R,House
W000149,9828,ware,orie,KY,D,House
W000186,9862,waterman,charles,CO,R,Senate
W000203,9875,watson,james,IN,R,Senate
W000374,10027,white,hays,KS,R,House
W000393,10044,white,sebastian,CO,D,House
W000561,10203,willis,frank,OH,R,Senate
W000617,10256,wilson,thomas,MS,D,House
W000643,10281,winter,charles,WY,R,House
B001159,1322,burton,theodore,OH,R,Senate
G000238,3630,glenn,otis,IL,R,Senate
L000101,5480,larrazolo,octaviano,NM,R,Senate
L000386,5731,locher,cyrus,OH,D,Senate
A000126,110,allen,henry,KS,R,Senate
B000053,355,baird,david,NJ,R,Senate
B000054,356,baird,joseph,OH,R,House
B000348,614,bell,thomas,GA,D,House
B000509,752,blackburn,robert,KY,R,House
B000710,924,box,john,TX,D,House
B000832,1035,brigham,elbert,VT,R,House
B000850,1051,brock,william,TN,D,Senate
B000955,1143,browne,edward,WI,R,House
C000142,1500,carew,john,NY,D,House
C000223,1572,casey,john,PA,D,House
C000274,1619,chalmers,william,OH,R,House
C000446,1778,clark,linwood,MD,R,House
C000849,2126,craddock,john,KY,R,House
C000870,2144,cramton,louis,MI,R,House
C001000,2261,curry,charles,CA,R,House
C001028,2289,cutting,bronson,NM,R,Senate
D000229,2491,dempsey,stephen,NY,R,House
D000237,2497,denison,edward,IL,R,House
D000345,2595,dill,clarence,WA,D,Senate
D000440,2677,dorsey,john,KY,D,House
D000483,2714,doyle,thomas,IL,D,House
D000525,2754,dunbar,james,IN,R,House
E000127,2916,elliott,richard,IN,R,House
E000133,2922,ellis,edgar,MO,R,House
E000222,2994,esterly,charles,PA,R,House
F000072,3102,fenn,edward,CT,R,House
F000096,3124,fess,simeon,OH,R,Senate
F000149,3169,fisher,hubert,TN,D,House
F000166,3184,fitzgerald,roy,OH,R,House
F000287,3289,fort,franklin,NJ,R,House
G000001,,gabaldon,isauro,PI,O,House
G000045,3457,garber,jacob,VA,R,House
G000246,3637,glynn,james,CT,R,House
G000262,3653,goldsborough,phillips,MD,R,Senate
G000425,3789,greene,frank,VT,R,Senate
G000456,3816,griest,william,PA,R,House
G000510,3866,grundy,joseph,PA,R,Senate
H000042,3930,hall,albert,IN,R,House
H000091,3973,halsey,thomas,MO,R,House
H000123,4003,hammer,william,NC,D,House
H000342,4190,hatfield,henry,WV,R,Senate
H000436,4274,hebert,felix,RI,R,Senate
H000560,4383,hickey,andrew,IN,R,House
H000685,4489,hoffman,harold,NJ,R,House
H000868,4654,howell,robert,NE,R,Senate
H000908,4688,hudson,grant,MI,R,House
H000910,4690,hudspeth,claude,TX,D,House
H000924,4702,hughes,james,WV,R,House
I000040,4825,irwin,edward,IL,R,House
J000050,4884,james,hinton,NC,D,House
J000130,4953,johnson,fred,NE,R,House
J000197,5011,johnston,rowland,MO,R,House
J000205,5018,jonas,charles,NC,R,House
K000024,5105,kaynor,william,MA,R,House
K000026,5106,kean,hamilton,NJ,R,Senate
K000033,5113,kearns,charles,OH,R,House
K000091,5165,kendall,elva,KY,R,House
K000098,5172,kendrick,john,WY,D,Senate
K000167,5232,kiefner,charles,MO,R,House
K000168,5233,kiess,edgar,PA,R,House
K000187,5249,kincheloe,david,KY,D,House
K000317,5361,korell,franklin,OR,R,House
K000349,5383,kvale,ole,MN,O,House
L000041,5426,lampert,florian,WI,R,House
L000073,5455,langley,katherine,KY,R,House
L000181,5545,leatherwood,elmer,UT,R,House
L000203,5567,lee,robert,TX,D,House
L000258,5623,letts,fred,IA,R,House
M000201,6041,martin,whitmell,LA,D,House
M000341,6160,mccloskey,augustus,TX,D,House
M000372,6184,mccormick,ruth,IL,R,House
M000392,6203,mcculloch,roscoe,OH,R,Senate
M000640,6413,menges,franklin,PA,R,House
M000690,6453,michaelson,magne,IL,R,House
M000739,6494,miller,john,WA,R,House
M000915,6649,moore,robert,VA,D,House
M000959,6686,morgan,william,OH,R,House
N000067,6895,newhall,judson,KY,R,House
N000079,6907,newton,walter,MN,R,House
O000022,7010,o'connell,david,NY,D,House
O000023,7011,o'connell,jeremiah,RI,D,House
O000027,7015,o'connor,charles,OK,R,House
O000028,7016,o'connor,james,LA,D,House
O000061,7049,oldfield,pearl,AR,D,House
P000043,7180,palmer,john,MO,R,House
P000127,7252,patterson,roscoe,MO,R,Senate
P000447,7540,porter,stephen,PA,R,House
P000544,7630,pritchard,george,NC,R,House
Q000008,7669,quayle,john,NY,D,House
R000021,7698,ramey,frank,IL,R,House
R000114,7782,reed,david,PA,R,Senate
R000294,,roark,charles,KY,R,House
R000332,7972,robinson,arthur,IN,R,Senate
R000474,8090,rowbottom,harry,IN,R,House
S000212,8336,sears,willis,NE,R,House
S000278,8393,shaffer,joseph,VA,R,House
S000420,8519,simms,albert,NM,R,House
S000491,8579,sloan,charles,NE,R,House
S000707,8770,speaks,john,OH,R,House
S000708,8771,spearing,james,LA,D,House
S000758,8816,sproul,elliott,IL,R,House
S000759,8817,sproul,william,KS,R,House
S000827,8864,stedman,charles,NC,D,House
S000835,8872,steele,leslie,GA,D,House
S000857,8888,stephens,hubert,MS,D,Senate
S000931,8956,stobbs,george,MA,R,House
S000964,8985,stone,ulysses,OK,R,House
S001060,9074,sullivan,patrick,WY,R,Senate
S001079,,sutherland,daniel,AK,R,House
S001094,9106,swanson,claude,VA,D,Senate
T000194,9316,thompson,charles,OH,R,House
W000023,9715,wainwright,jonathan,NY,R,House
W000032,9724,walcott,frederic,CT,R,Senate
W000063,9751,walker,lewis,KY,R,House
W000196,9869,watres,laurence,PA,R,House
W000277,9937,weller,royal,NY,D,House
W000400,10051,whitehead,joseph,VA,D,House
W000542,10184,williams,thomas,IL,R,House
W000635,10274,wingo,otis,AR,D,House
W000684,10315,wolverton,john,WV,R,House
Z000007,10467,zihlman,frederick,MD,R,House
C000146,1503,carey,robert,WY,R,Senate
M001002,6727,morrow,dwight,NJ,R,Senate
P000091,7223,partridge,frank,VT,R,Senate
W000550,10192,williamson,ben,KY,D,Senate
A000021,16,ackerman,ernest,NJ,R,House
A000057,48,adkins,charles,IL,R,House
A000084,72,aldrich,richard,RI,R,House
A000131,114,allen,john,IL,R,House
A000277,228,arentz,samuel,NV,R,House
A000321,276,aswell,james,LA,D,House
B000012,321,bachmann,carl,WV,R,House
B000082,378,baldrige,howard,NE,R,House
B000126,419,barbour,henry,CA,R,House
B000217,499,barton,william,MO,D,House
B000312,581,beers,edward,PA,R,House
B000442,694,biddle,joseph,PA,R,House
B000596,826,bohn,frank,MI,R,House
B000766,975,brand,charles,OH,R,House
B000774,982,bratton,sam,NM,D,Senate
B001075,1251,burdick,clark,RI,R,House
B001146,1314,burtness,olger,ND,R,House
B001187,1347,butler,robert,OR,R,House
C000007,1382,cable,john,OH,R,House
C000081,1446,campbell,ed,IA,R,House
C000084,1449,campbell,guy,PA,R,House
C000114,1477,canfield,harry,IN,D,House
C000328,1668,chase,james,PA,R,House
C000361,1698,chindblom,carl,IL,R,House
C000364,1701,chiperfield,burnett,IL,R,House
C000378,1713,christgau,victor,MN,R,House
C000384,1718,christopherson,charles,SD,R,House
C000401,1734,clague,frank,MN,R,House
C000412,1744,clancy,robert,MI,R,House
C000608,1922,cole,cyrenus,IA,R,House
C000630,1942,collier,james,MS,D,House
C000652,1958,colton,don,UT,R,House
C000730,2028,cooke,edmund,NY,R,House
C000740,2035,coolidge,marcus,MA,D,Senate
C000752,2047,cooper,henry,WI,R,House
C000797,2083,costigan,edward,CO,D,Senate
C000812,2095,couzens,james,MI,R,Senate
C000844,2123,coyle,william,PA,R,House
C000864,2140,crail,joe,CA,R,House
C000909,2178,crisp,charles,GA,D,House
C001001,2262,curry,charles,CA,R,House
D000012,2306,dallinger,frederick,MA,R,House
D000070,2352,davenport,frederick,NY,R,House
D000098,2379,davis,ewin,TN,D,House
D000129,2406,davis,robert,PA,R,House
D000323,2575,dickinson,lester,IA,R,Senate
D000408,2651,dominick,frederick,SC,D,House
D000455,2690,douglas,lewis,AZ,D,House
D000486,2717,drane,herbert,FL,D,House
D000591,2807,dyer,leonidas,MO,R,House
D000090,,davila,felix,PR,O,House
E000027,2831,eaton,william,CO,R,House
E000062,2861,edwards,charles,GA,D,House
E000203,2981,erk,edmund,PA,R,House
E000216,2989,eslick,edward,TN,D,House
E000217,2990,eslick,willa,TN,D,House
E000221,2993,estep,harry,PA,R,House
E000247,3013,evans,john,MT,D,House
F000130,3152,finley,charles,KY,R,House
F000143,3163,fishburne,john,VA,D,House
F000211,3226,flood,joel,VA,D,House
F000359,3352,free,arthur,CA,R,House
F000366,3359,freeman,richard,CT,R,House
F000375,3367,french,burton,ID,R,House
F000400,3387,fulbright,james,MO,D,House
G000046,3458,garber,milton,OK,R,House
G000081,3489,garrett,daniel,TX,D,House
G000177,3577,gilbert,ralph,KY,D,House
G000193,3591,gillen,courtland,IN,D,House
G000259,3650,golder,benjamin,PA,R,House
G000299,3684,goodwin,godfrey,MN,R,House
G000323,3706,gore,thomas,OK,D,Senate
G000354,3732,graham,george,PA,R,House
G000370,3745,granata,peter,IL,R,House
H000008,3898,hadley,lindley,WA,R,House
H000030,3918,hale,fletcher,NH,R,House
H000053,3940,hall,homer,IL,R,House
H000069,3954,hall,robert,MS,D,House
H000071,3955,hall,thomas,ND,R,House
H000195,4062,hardy,guy,CO,R,House
H000259,4120,harris,william,GA,D,Senate
H000325,4177,hastings,daniel,DE,R,Senate
H000350,4195,haugen,gilbert,IA,R,House
H000379,4222,hawley,willis,OR,R,House
H000669,4476,hoch,homer,KS,R,House
H000702,4505,hogg,david,IN,R,House
H000704,4507,hogg,robert,WV,R,House
H000708,4510,holaday,william,IL,R,House
H000772,4566,hopkins,david,MO,R,House
H000793,4584,horr,ralph,WA,R,House
H000826,4614,houston,robert,DE,R,House
H000828,,houston,victor,HI,R,House
H000940,4717,hull,cordell,TN,D,Senate
H000944,4721,hull,morton,IL,R,House
H000946,4723,hull,william,IL,R,House
I000003,4792,igoe,james,IL,D,House
J000114,4939,johnson,albert,WA,R,House
J000171,4989,johnson,robert,MO,D,House
J000173,4991,johnson,royal,SD,R,House
J000181,4997,johnson,william,IL,R,House
K000001,5088,kading,charles,WI,R,House
K000010,5095,karch,charles,IL,D,House
K000097,5171,kendall,samuel,PA,R,House
K000151,5218,ketcham,john,MI,R,House
K000161,5227,keyes,henry,NH,R,Senate
K000314,5358,kopp,william,IA,R,House
K000342,5378,kunz,stanley,IL,D,House
L000007,5406,la guardia,fiorello,NY,R,House
L000080,5462,lankford,menalcus,VA,R,House
L000082,5464,lankford,william,GA,D,House
L000103,5482,larsen,william,GA,D,House
L000184,5548,leavitt,scott,MT,R,House
L000209,5573,leech,james,PA,R,House
L000300,5655,lichtenwalner,norton,PA,D,House
L000340,5691,linthicum,john,MD,D,House
L000433,5770,longworth,nicholas,OH,R,House
L000435,5772,loofbourow,frederick,UT,R,House
L000467,5802,lovette,oscar,TN,R,House
M000055,5915,magrady,frederick,PA,R,House
M000074,5933,major,samuel,MO,D,House
M000098,5954,manlove,joe,MO,R,House
M000339,6159,mcclintock,charles,OH,R,House
M000539,6327,mclaughlin,james,MI,R,House
M000670,6441,metcalf,jesse,RI,R,Senate
M000835,6578,mobley,william,GA,D,House
M000887,6621,mooney,charles,OH,D,House
M000894,6628,moore,charles,OH,R,House
M000905,6639,moore,john,KY,D,House
M001049,6769,mouser,grant,OH,R,House
M001089,6805,murphy,benjamin,OH,R,House
N000038,6868,nelson,john,ME,R,House
N000039,6869,nelson,john,WI,R,House
N000105,6929,niedringhaus,henry,MO,R,House
N000128,6950,nolan,william,MN,R,House
N000152,6971,norton,john,NE,D,House
O000154,7134,owen,ruth,FL,D,House
P000090,7222,partridge,donald,ME,R,House
P000125,7250,patterson,lafayette,AL,D,House
P000247,7360,person,seymour,MI,R,House
P000249,,pesquera,jose,PR,O,House
P000499,7589,pratt,harcourt,NY,R,House
P000505,7595,pratt,ruth,NY,R,House
P000573,7655,purnell,fred,IN,R,House
Q000014,7674,quin,percy,MS,D,House
R000031,7708,ramseyer,christian,IA,R,House
R000347,7986,robinson,joseph,AR,D,Senate
R000352,7992,robinson,thomas,IA,R,House
R000549,8149,rutherford,samuel,GA,D,House
S000032,8195,sanders,archie,NY,R,House
S000113,8254,schall,thomas,MN,R,Senate
S000229,8351,seiberling,francis,OH,R,House
S000236,8357,selvig,conrad,MN,R,House
S000387,8493,shreve,milton,PA,R,House
S000419,8518,simmons,robert,NE,R,House
S000511,8598,smith,addison,ID,R,House
S000659,8728,snow,donald,ME,R,House
S000703,8766,sparks,charles,KS,R,House
S000777,8823,stafford,william,WI,R,House
S000895,8923,stevenson,william,SC,D,House
S000919,8945,stewart,percy,NJ,D,House
S001011,9030,strong,james,KS,R,House
S001042,9059,stull,howard,PA,R,House
S001059,9075,sullivan,patrick,PA,R,House
S001067,9082,summers,john,WA,R,House
S001093,9105,swanson,charles,IA,R,House
S001123,9130,swing,philip,CA,R,House
T000119,9249,temple,henry,PA,R,House
T000142,9270,thatcher,maurice,KY,R,House
T000267,9379,tierney,william,CT,D,House
T000279,9391,tilson,john,CT,R,House
T000281,9393,timberlake,charles,CO,R,House
T000399,9498,tucker,henry,VA,D,House
U000006,9553,underhill,charles,MA,R,House
V000092,9666,vestal,albert,IN,R,House
V000101,9673,vincent,bird,MI,R,House
W000104,9788,walsh,thomas,MT,D,Senate
W000185,9861,wason,edward,NH,R,House
W000244,9909,weeks,john,VT,R,House
W000289,9948,welsh,george,PA,R,House
W000397,10048,white,wilbur,OH,R,House
W000438,,wickersham,james,AK,R,House
W000501,10146,williams,guinn,TX,D,House
W000553,10195,williamson,william,SD,R,House
W000634,10273,wingo,effiegene,AR,D,House
W000706,10336,wood,william,IN,R,House
W000773,10401,wright,william,GA,D,House
W000775,10403,wurzbach,harry,TX,R,House
W000776,10404,wyant,adam,PA,R,House
Y000011,10420,yates,richard,IL,R,House
Y000021,10428,yon,thomas,FL,D,House
C000597,1912,cohen,john,GA,D,Senate
G000366,3742,grammer,elijah,WA,R,Senate
L000418,5758,long,huey,LA,D,Senate
S000152,8280,schuyler,karl,CO,R,Senate
W000069,9755,walker,walter,CO,D,Senate
A000015,12,abernethy,charles,NC,D,House
A000050,43,adams,wilbur,DE,D,House
A000156,137,allgood,miles,AL,D,House
A000162,143,almon,edward,AL,D,House
A000276,227,arens,henry,MN,O,House
A000338,292,auf der heide,oscar,NJ,D,House
A000354,309,ayres,william,KS,D,House
B000010,319,bachman,nathan,TN,D,Senate
B000045,348,bailey,joseph,TX,D,House
B000079,376,bakewell,charles,CT,R,House
B000290,561,beck,james,PA,R,House
B000307,577,beedy,carroll,ME,R,House
B000499,743,black,hugo,AL,D,Senate
B000505,749,black,loring,NY,D,House
B000537,778,blanchard,george,WI,R,House
B000704,918,bowman,frank,WV,R,House
B000767,976,brand,charles,GA,D,House
B000826,1029,briggs,clay,TX,D,House
B000847,1048,britten,frederick,IL,R,House
B000916,1109,brown,fred,NH,D,Senate
B000934,1124,brown,john,KY,D,House
B000959,1147,browning,gordon,TN,D,House
B000978,1163,brumm,george,PA,R,House
B001045,1224,bulkley,robert,OH,D,Senate
B001094,1267,burke,john,CA,D,House
B001163,1326,busby,thomas,MS,D,House
C000013,1388,cady,claude,MI,D,House
C000149,1506,carley,patrick,NY,D,House
C000172,1525,carpenter,terry,NE,D,House
C000203,1552,carter,vincent,WY,R,House
C000331,1671,chase,ray,MN,R,House
C000387,1720,church,denver,CA,D,House
C000465,1795,clarke,john,NY,R,House
C000467,1797,clarke,marian,NY,R,House
C000566,1883,cochran,thomas,PA,R,House
C000592,1907,coffin,thomas,ID,D,House
C000698,2000,connolly,james,PA,R,House
C000955,2222,crump,edward,TN,D,House
D000263,2521,de priest,oscar,IL,R,House
D000316,2568,dickinson,clement,MO,D,House
D000339,2589,dieterich,william,IL,D,Senate
D000459,2694,douglass,john,MA,D,House
D000518,2747,duffy,francis,WI,D,Senate
D000570,2790,durgan,george,IN,D,House
E000053,2853,edmonds,george,PA,R,House
E000152,2940,ellzey,lawrence,MS,D,House
E000162,2950,eltse,ralph,CA,R,House
E000202,2980,erickson,john,MT,D,Senate
E000261,3023,evans,william,CA,R,House
F000171,3189,fitzgibbons,john,NY,D,House
F000200,3216,fletcher,duncan,FL,D,Senate
F000294,3296,foss,frank,MA,R,House
F000317,3319,foulkes,george,MI,D,House
F000355,3348,frear,james,WI,R,House
G000074,3482,garner,john,TX,D,House
G000197,3595,gillespie,james,IL,D,House
G000243,3634,glover,david,AR,D,House
G000334,3716,goss,edward,CT,R,House
H000109,3990,hamilton,finley,KY,D,House
H000290,4147,hart,michael,MI,D,House
H000333,4183,hastings,william,OK,D,House
H000501,4327,henney,charles,WI,D,House
H000706,4509,hoidale,einar,MN,D,House
H000764,4558,hooper,joseph,MI,R,House
H000792,4583,hornor,lynn,WV,D,House
H000836,4624,howard,edgar,NE,D,House
H000925,4703,hughes,james,WI,D,House
J000053,4887,james,william,MI,R,House
J000068,4902,jeffers,lamar,AL,D,House
J000161,4980,johnson,magnus,MN,O,House
K000076,5154,kelly,melville,PA,R,House
K000085,5161,kemp,bolivar,LA,D,House
K000344,5379,kurtz,jacob,PA,R,House
L000191,5556,lee,frank,MO,D,House
L000228,5593,lehr,john,MI,D,House
L000325,5677,lindsay,george,NY,D,House
L000409,5752,lonergan,augustine,CT,D,Senate
L000489,5820,lozier,ralph,MO,D,House
M000073,5932,major,james,IL,D,House
M000138,5987,marland,ernest,OK,D,House
M000173,6019,martin,charles,OR,D,House
M000293,6119,mcadoo,william,CA,D,Senate
M000307,,mccandless,lincoln,HI,D,House
M000338,6158,mcclintic,james,OK,D,House
M000434,6238,mcfadden,louis,PA,R,House
M000447,6251,mcgill,george,KS,D,Senate
M000463,6265,mcgugin,harold,KS,R,House
M000511,6304,mckeown,thomas,OK,D,House
M000766,6520,milligan,jacob,MO,D,House
M000939,6668,morehead,john,NE,D,House
M001055,6774,moynihan,patrick,IL,R,House
M001067,6785,muldowney,michael,PA,R,House
M001103,6815,murphy,richard,IA,D,Senate
M001122,6832,musselwhite,harry,MI,D,House
N000048,6878,nesbit,walter,IL,D,House
N000132,6954,norbeck,peter,SD,R,Senate
O000081,7068,o'loughlin mccarthy,kathryn,KS,D,House
O000072,7059,oliver,frank,NY,D,House
O000118,,osias,camilo,PI,O,House
P000056,7190,parker,homer,GA,D,House
P000062,7196,parker,james,NY,R,House
P000174,7292,peavey,hubert,WI,R,House
P000430,7524,pope,james,ID,D,Senate
P000474,7565,pou,edward,NC,D,House
P000495,7585,prall,anning,NY,D,House
R000009,7688,ragon,heartsill,AR,D,House
R000014,7691,rainey,henry,IL,D,House
R000145,7809,reid,frank,IL,R,House
R000498,8105,ruffin,james,MO,D,House
S000280,8395,shallenberger,ashton,NE,D,House
S000374,8481,shoemaker,francis,MN,O,House
S000431,8528,simpson,james,IL,R,House
S000442,8538,sinclair,james,ND,R,House
S000783,8827,stalker,gale,NY,R,House
S000848,8880,steiwer,frederick,OR,R,Senate
S000946,8969,stokes,edward,PA,R,House
S001015,9034,strong,nathan,PA,R,House
S001019,9038,strong,sterling,TX,D,House
S001041,9058,studley,elmer,NY,D,House
S001089,9102,swank,fletcher,OK,D,House
S001114,9123,swick,jesse,PA,R,House
T000129,9258,terrell,george,TX,D,House
T000225,9346,thompson,william,NE,D,Senate
T000349,9453,traeger,william,CA,R,House
U000037,9581,utterback,john,ME,D,House
W000040,9730,waldron,alfred,PA,R,House
W000201,9873,watson,henry,PA,R,House
W000254,9918,weideman,carl,MI,D,House
W000301,9959,west,charles,OH,D,House
W000420,10068,whitley,james,NY,R,House
W000485,10130,willford,albert,IA,D,House
H000987,,hunter,richard,NE,D,Senate
A000025,19,adair,jackson,IL,D,House
A000240,189,andrew,abram,MA,R,House
A000300,252,arnold,william,IL,D,House
A000319,273,ashurst,henry,AZ,D,Senate
A000352,307,ayers,roy,MT,D,House
B000009,318,bacharach,isaac,NJ,R,House
B000389,650,benson,elmer,MN,O,Senate
B000409,666,berlin,william,PA,D,House
B000549,788,blanton,thomas,TX,D,House
B000799,1004,brennan,martin,IL,D,House
B000882,1079,brooks,joshua,PA,D,House
B000981,1166,brunner,william,NY,D,House
B001020,1201,buckbee,john,IL,R,House
B001089,1263,burke,edward,NE,D,Senate
B001124,1294,burnham,george,CA,R,House
B001217,1372,byrns,joseph,TN,D,House
C000140,1499,carden,cap,KY,D,House
C000159,1514,carmichael,archibald,AL,D,House
C000173,1526,carpenter,william,KS,D,House
C000214,1563,cary,glover,KY,D,House
C000240,1589,castellow,bryant,GA,D,House
C000262,1609,cavicchia,peter,NJ,R,House
C000381,1715,christianson,theodore,MN,R,House
C000402,1735,claiborne,james,MO,D,House
C000643,1950,collins,samuel,CA,R,House
C000673,1976,condon,francis,RI,D,House
C000757,2051,cooper,john,OH,R,House
C000769,2062,copeland,royal,NY,D,Senate
C000785,2074,corning,parker,NY,D,House
C000931,2198,cross,oliver,TX,D,House
D000177,2450,dear,cleveland,LA,D,House
D000218,,delgado,francisco,PI,O,House
D000340,2590,dietrich,charles,PA,D,House
D000382,2629,dobbins,donald,IL,D,House
D000410,2652,donahey,alvin,OH,D,Senate
D000460,2695,doutrich,isaac,PA,R,House
D000501,2730,driscoll,denis,PA,D,House
D000517,2746,duffey,warren,OH,D,House
D000519,2748,duffy,james,NY,D,House
D000545,2770,dunn,aubert,MS,D,House
E000003,2810,eagle,joe,TX,D,House
E000006,2812,earhart,daniel,OH,D,House
E000098,2887,ekwall,william,OR,R,House
F000071,3101,fenerty,clare,PA,R,House
F000114,3139,fiesinger,william,OH,D,House
F000354,3347,frazier,lynn,ND,R,Senate
G000094,3502,gassaway,percy,OK,D,House
G000372,3746,granfield,william,MA,D,House
G000435,3799,greenway,isabella,AZ,D,House
G000448,3810,gregory,william,KY,D,House
G000457,3817,griffin,anthony,NY,D,House
G000518,,guevara,pedro,PI,O,House
H000031,3919,hale,frederick,ME,R,Senate
H000122,4002,hamlin,simon,ME,D,House
H000131,4010,hammond,peter,OH,D,House
H000580,4400,higgins,william,CT,R,House
H000607,4423,hill,samuel,WA,D,House
H000677,4481,hoeppel,john,CA,D,House
H000728,4526,hollister,john,OH,R,House
H000749,4545,holt,rush,WV,D,Senate
H000903,4685,huddleston,george,AL,D,House
I000004,4793,igoe,michael,IL,D,House
J000038,4873,jacobsen,bernhard,IA,D,House
K000002,5089,kahn,florence,CA,R,House
K000183,5245,kimball,henry,MI,R,House
K000216,5274,king,william,UT,D,Senate
L000222,5589,lehlbach,frederick,NJ,R,House
L000383,5728,lloyd,wesley,WA,D,House
M000071,5930,main,verner,MI,R,House
M000158,6004,marshall,leroy,OH,R,House
M000214,6051,mason,harry,IL,D,House
M000427,6233,mcduffie,john,AL,D,House
M000604,6385,mcswain,john,SC,D,House
M000663,6436,merritt,schuyler,CT,R,House
M000800,6549,minton,sherman,IN,D,Senate
M000848,6587,monaghan,joseph,MT,D,House
M000862,6599,montet,numa,LA,D,House
M000893,6627,moore,arthur,NJ,D,Senate
M000932,6663,moran,edward,ME,D,House
M000962,6689,moritz,theodore,PA,D,House
O000077,7064,oliver,william,AL,D,House
P000075,7208,parks,tilman,AR,D,House
P000237,7350,perkins,randolph,NJ,R,House
P000372,7473,pittman,key,NV,D,Senate
R000061,7736,ransley,harry,PA,R,House
R000230,7884,richardson,william,PA,D,House
R000408,8039,rogers,william,NH,D,House
R000496,8104,rudd,stephen,NY,D,House
R000537,8139,russell,richard,MA,D,House
S000043,8205,sandlin,john,LA,D,House
S000160,8287,schwellenbach,lewis,WA,D,Senate
S000211,8335,sears,william,FL,D,House
S000455,8550,sisson,frederick,NY,D,House
S000915,8941,stewart,john,DE,R,House
T000187,9311,thomas,william,NY,R,House
T000311,9421,tonry,richard,NY,D,House
T000335,9439,townsend,john,DE,R,Senate
T000353,9456,trammell,park,FL,D,Senate
T000386,9486,truax,charles,OH,D,House
T000433,9527,turpin,charles,PA,R,House
U000012,9559,underwood,mell,OH,D,House
U000036,9580,utterback,hubert,IA,D,House
W000299,9957,werner,theodore,SD,D,House
W000608,10247,wilson,riley,LA,D,House
W000622,10261,wilson,william,PA,R,House
Z000011,10469,zioncheck,marion,WA,D,House
B000941,1131,brown,prentiss,MI,D,Senate
H000612,4428,hill,william,FL,D,Senate
H000646,4455,hitchcock,herbert,SD,D,Senate
H000838,4626,howard,guy,MN,R,Senate
L000400,5743,loftin,scott,FL,D,Senate
L000427,5766,long,rose,LA,D,Senate
A000072,61,albaugh,walter,OH,R,House
A000088,76,aleshire,arthur,OH,D,House
A000151,132,allen,william,DE,D,House
A000176,156,amlie,thomas,WI,O,House
A000332,286,atkinson,richard,TN,D,House
B000019,327,bacon,robert,NY,R,House
B000411,667,bernard,john,MN,O,House
B000417,673,berry,george,TN,D,Senate
B000449,700,biermann,frederick,IA,D,House
B000454,704,bigelow,herbert,OH,D,House
B000466,713,binderup,charles,NE,D,House
B000598,828,boileau,gerald,WI,O,House
B000634,858,borah,william,ID,R,Senate
B000724,936,boyer,lewis,IL,D,House
B000726,938,boylan,john,NY,D,House
B001006,1188,buchanan,james,TX,D,House
B001055,1234,bulow,william,SD,D,Senate
B001215,1370,byrnes,james,SC,D,Senate
C000124,1486,cannon,raymond,WI,D,House
C000287,1631,champion,edwin,IL,D,House
C000397,1730,citron,william,CT,D,House
C000605,1919,colden,charles,CA,D,House
C000694,1996,connery,william,MA,D,House
C000928,2195,crosby,charles,PA,D,House
D000225,2492,de muth,peter,PA,D,House
D000187,2459,deen,braswell,GA,D,House
D000371,2619,dixon,joseph,OH,D,House
D000387,2634,dockweiler,john,CA,D,House
D000438,2675,dorsey,frank,PA,D,House
D000494,2724,drew,ira,PA,D,House
D000503,2732,driver,william,AR,D,House
E000032,2835,eckert,charles,PA,D,House
E000094,2884,eicher,edward,IA,D,House
E000111,2900,ellenbogen,henry,PA,D,House
F000019,3060,farley,james,IN,D,House
F000195,3211,fleger,anthony,OH,D,House
F000205,3221,fletcher,thomas,OH,D,House
F000230,3243,focht,benjamin,PA,R,House
F000382,3372,frey,oliver,PA,D,House
F000408,3394,fuller,claude,AR,D,House
G000035,3449,gambrill,stephen,MD,D,House
G000092,3500,gasque,allard,SC,D,House
G000093,3501,gasque,elizabeth,SC,D,House
G000182,3581,gildea,james,PA,D,House
G000224,3619,gingery,don,PA,D,House
G000302,3687,goodwin,philip,NY,R,House
G000391,3760,graves,dixie,AL,D,Senate
G000395,3764,gray,finly,IN,D,House
G000399,3768,gray,joseph,PA,D,House
G000437,3801,greenwood,arthur,IN,D,House
G000440,3803,greever,paul,WY,D,House
G000483,3841,griswold,glenn,IN,D,House
H000116,3996,hamilton,norman,VA,D,House
H000147,4025,hancock,franklin,NC,D,House
H000209,4075,harlan,byron,OH,D,House
H000265,4126,harrison,byron,MS,D,Senate
H000543,4367,herring,clyde,IA,D,Senate
H000579,4399,higgins,john,MA,D,House
H000584,4403,hildebrandt,fred,SD,D,House
H000606,4422,hill,robert,OK,D,House
H000754,4549,honeyman,nan,OR,D,House
H000926,4704,hughes,james,DE,D,Senate
J000077,4908,jenckes,virginia,IN,D,House
J000125,4948,johnson,dewey,MN,O,House
K000072,5150,kelly,george,NY,D,House
K000120,5189,kenney,edward,NJ,D,House
K000271,5324,kloeb,frank,OH,D,House
K000283,5335,kniffin,frank,OH,D,House
K000350,5384,kvale,paul,MN,O,House
L000038,5423,lambeth,john,NC,D,House
L000040,5425,lamneck,arthur,OH,D,House
L000091,5472,lanzetta,james,NY,D,House
L000198,5562,lee,joshua,OK,D,Senate
L000277,5634,lewis,david,MD,D,House
L000284,5641,lewis,james,IL,D,Senate
L000404,5747,logan,marvel,KY,D,Senate
L000424,5763,long,lewis,IL,D,House
L000499,5829,luckey,henry,NE,D,House
L000502,5832,luecke,john,MI,D,House
L000514,5839,lundeen,ernest,MN,O,Senate
M000064,5923,mahon,gabriel,SC,D,House
M000263,6092,maverick,fontaine,TX,D,House
M000440,6244,mcfarlane,william,TX,D,House
M000457,6261,mcgrath,john,CA,D,House
M000462,6264,mcgroarty,john,CA,D,House
M000631,6406,meeks,james,IL,D,House
M000709,6469,millard,charles,NY,R,House
M000738,6492,miller,john,AR,D,Senate
M000823,6570,mitchell,john,TN,D,House
M000861,6598,montague,andrew,VA,D,House
M001032,6753,mosier,harold,OH,D,House
N000139,6960,norris,george,NE,O,Senate
O000024,7012,o'connell,jerry,MT,D,House
O000025,7013,o'connell,john,RI,D,House
O000030,7018,o'connor,john,NY,D,House
O000087,7072,o'malley,thomas,WI,D,House
O000094,7077,o'neill,edward,NJ,D,House
P000046,7183,palmisano,vincent,MD,D,House
P000050,,paredes,quintin,PI,O,House
P000111,7238,patterson,edward,KS,D,House
P000268,7376,pettengill,samuel,IN,D,House
P000281,7386,peyser,theodore,NY,D,House
P000305,7410,phillips,alfred,CT,D,House
Q000017,7676,quinn,james,PA,D,House
R000155,7816,reilly,michael,WI,D,House
R000256,7906,rigney,hugh,IL,D,House
R000483,8097,roy,alphonse,NH,D,House
S000037,8199,sanders,morgan,TX,D,House
S000137,8269,schneider,george,WI,O,House
S000157,8285,schwartz,henry,WY,D,Senate
S000165,8292,scott,byron,CA,D,House
S000337,8446,sheppard,morris,TX,D,Senate
S000506,8594,smathers,william,NJ,D,Senate
S000543,8626,smith,gomer,OK,D,House
S000652,8721,snell,bertrand,NY,R,House
S000773,8821,stack,michael,PA,D,House
S001038,9057,stubbs,henry,CA,D,House
S001127,9134,swope,guy,PA,D,House
T000087,9218,taylor,john,SC,D,House
T000112,9243,teigan,henry,MN,O,House
T000197,9319,thompson,chester,IL,D,House
T000257,9372,thurston,lloyd,IA,R,House
T000323,9428,towey,frank,NJ,D,House
T000354,9457,transue,andrew,MI,D,House
V000106,9678,vinson,frederick,KY,D,House
W000221,9890,wearin,otha,IA,D,House
W000455,10100,wilcox,james,FL,D,House
B000187,473,barry,alexander,OR,R,Senate
M000787,6540,milton,john,NJ,D,Senate
P000581,7662,pyle,gladys,SD,R,Senate
R000099,7770,reames,alfred,OR,D,Senate
S000973,8994,storke,thomas,CA,D,Senate
A000028,22,adams,alva,CO,D,Senate
A000097,85,alexander,john,MN,R,House
A000145,127,allen,robert,PA,D,House
A000184,163,anderson,charles,MO,D,House
A000306,258,ashbrook,william,OH,D,House
A000339,293,austin,albert,CT,R,House
B000102,397,ball,thomas,CT,R,House
B000113,406,bankhead,william,AL,D,House
B000211,494,barton,bruce,NY,R,House
B000606,836,bolton,chester,OH,R,House
B000614,843,bone,homer,WA,D,Senate
B001122,1292,burney,william,CO,D,House
B001218,1373,byrns,joseph,TN,D,House
C000038,1412,caldwell,millard,FL,D,House
C000138,1497,caraway,hattie,AR,D,Senate
C000296,1639,chandler,walter,TN,D,House
C000428,1760,clark,david,ID,D,Senate
C000440,1772,clark,joel,MO,D,Senate
C000886,2156,cravens,william,AR,D,House
C000940,2207,crowe,eugene,IN,D,House
C000985,2249,cummings,fred,CO,D,House
C000995,2257,curley,edward,NY,D,House
D000014,2308,daly,john,PA,D,House
D000025,2317,danaher,john,CT,R,Senate
D000063,2347,darrow,george,PA,R,House
D000111,2391,davis,james,PA,R,Senate
D000265,2522,de rouen,rene,LA,D,House
D000468,2701,dowell,cassius,IA,R,House
D000551,2774,dunn,matthew,PA,D,House
E000026,2830,eaton,thomas,CA,R,House
E000253,3018,evans,marcellus,NY,D,House
F000082,3111,ferguson,phillip,OK,D,House
F000086,3115,fernandez,joachim,LA,D,House
F000385,3375,fries,frank,IL,D,House
G000080,3488,garrett,clyde,TX,D,House
G000087,3495,gartner,fred,PA,R,House
G000155,3555,gibbs,florence,GA,D,House
G000156,3556,gibbs,willis,GA,D,House
G000158,3558,gibson,ernest,VT,R,Senate
G000265,3656,goldsborough,thomas,MD,D,House
G000303,3688,goodwin,robert,IA,R,House
G000469,3828,griffith,john,LA,D,House
G000484,3842,griswold,harry,WI,R,House
H000295,4152,harter,john,NY,R,House
H000375,4218,hawks,charles,WI,R,House
H000454,4285,heinke,george,NE,R,House
H000731,4528,holman,rufus,OR,R,Senate
H000798,4588,horton,frank,WY,R,House
I000002,,iglesias,santiago,PR,O,House
J000075,4906,jeffries,walter,NJ,R,House
J000236,5051,jones,john,TX,D,House
K000056,5134,keller,kent,IL,D,House
K000101,5175,kennedy,ambrose,MD,D,House
K000248,5305,kitchens,wade,AR,D,House
L000439,5776,lord,bert,NY,R,House
L000498,5828,luce,robert,MA,R,House
M000119,5972,mapes,carl,MI,R,House
M000159,6005,marshall,lycurgus,OH,R,House
M000186,6028,martin,john,CO,D,House
M000187,6029,martin,john,IL,D,House
M000296,6122,mcandrews,james,IL,D,House
M000557,6344,mcleod,clarence,MI,R,House
M000565,6351,mcmillan,clara,SC,D,House
M000572,6356,mcmillan,thomas,SC,D,House
M000598,6380,mcreynolds,samuel,TN,D,House
M001051,6771,mouton,robert,LA,D,House
N000176,6991,nye,gerald,ND,R,Senate
O000149,7129,owen,emmett,GA,D,House
P000086,7218,parsons,claude,IL,D,House
P000338,7440,pierce,wallace,NY,R,House
R000179,7836,reynolds,robert,NC,D,Senate
R000269,7915,risk,charles,RI,R,House
R000470,8086,routzohn,harry,OH,R,House
R000555,8155,ryan,elmer,MN,D,House
S000031,8194,sandager,harry,RI,R,House
S000111,8253,schafer,john,WI,R,House
S000218,8340,seccombe,james,OH,R,House
S000228,8350,seger,george,NJ,R,House
S000452,8548,sirovich,william,NY,D,House
S000478,8568,slattery,james,IL,D,Senate
S000523,8607,smith,clyde,ME,R,House
S000530,8613,smith,ellison,SC,D,Senate
S000620,8690,smith,thomas,IL,D,House
S001051,9066,sullivan,christopher,NY,D,House
S001108,9118,sweet,john,NE,R,House
T000083,9214,taylor,james,TN,R,House
T000236,9355,thorkelson,jacob,MT,R,House
T000417,9512,turner,clarence,TN,D,House
V000050,9626,van nuys,frederick,IN,D,Senate
W000166,9844,warren,lindsay,NC,D,House
W000222,9891,weatherford,zadoc,AL,D,House
W000364,10017,white,dudley,OH,R,House
W000500,10145,williams,george,DE,R,House
W000702,10332,wood,reuben,MO,D,House
G000159,3559,gibson,ernest,VT,R,Senate
W000088,9774,wallgren,monrad,WA,D,Senate
A000244,193,andrews,charles,FL,D,Senate
A000290,242,arnold,laurence,IL,D,House
A000342,296,austin,warren,VT,R,Senate
B000112,405,bankhead,walter,AL,D,House
B000132,425,barbour,william,NJ,R,Senate
B000158,448,barnes,james,IL,D,House
B000274,548,beam,harry,IL,D,House
B000320,587,beiter,alfred,NY,D,House
B000380,642,bennett,philip,MO,R,House
B000460,710,bilbo,theodore,MS,D,Senate
B000588,820,boehne,john,IN,D,House
B000601,831,boland,patrick,PA,D,House
B000602,832,boland,veronica,PA,D,House
B000604,834,bolles,stephen,WI,R,House
B001017,1198,buck,frank,CA,D,House
B001023,1204,buckler,richard,MN,O,House
B001150,1317,burton,harold,OH,R,Senate
B001222,1375,byron,katharine,MD,D,House
B001206,1376,byron,william,MD,D,House
C000207,1556,cartwright,wilburn,OK,D,House
C000225,1574,casey,joseph,MA,D,House
C000489,1816,claypool,harold,OH,D,House
C000535,1857,cluett,ernest,NY,R,House
C000582,1897,coffee,harry,NE,D,House
C000616,1930,cole,william,MD,D,House
C000642,1949,collins,ross,MS,D,House
C000693,1995,connery,lawrence,MA,D,House
C000768,2061,copeland,oren,NE,R,House
C000948,2215,crowther,frank,NY,R,House
D000050,2335,darden,colgate,VA,D,House
D000108,2388,davis,jacob,OH,D,House
D000475,2707,downs,le,CT,D,House
D000480,2712,doxey,wall,MS,D,Senate
D000536,2761,duncan,richard,MO,D,House
E000041,2842,edelstein,morris,NY,D,House
E000051,2851,edmiston,andrew,WV,D,House
E000107,2896,eliot,thomas,MA,D,House
E000132,2921,ellis,clyde,AR,D,House
F000001,3044,faddis,charles,PA,D,House
F000169,3187,fitzgerald,william,CT,D,House
F000183,3201,flaherty,thomas,MA,D,House
F000192,3208,flannery,john,PA,D,House
F000240,3250,folger,alonzo,NC,D,House
F000258,3266,ford,aaron,MS,D,House
F000264,3270,ford,leland,CA,R,House
G000118,3525,gehrmann,bernard,WI,O,House
G000141,3544,gerry,peter,RI,D,Senate
G000147,3549,geyer,lee,CA,D,House
G000519,3872,guffey,joseph,PA,D,Senate
H000026,3914,haines,harry,PA,D,House
H000231,4095,harrington,vincent,IA,D,House
H000294,4151,harter,dow,OH,D,House
H000423,4261,healey,arthur,MA,D,House
H000600,4417,hill,knute,WA,D,House
H000709,4511,holbrock,greg,OH,D,House
H000821,4609,houston,andrew,TX,D,Senate
H000824,4612,houston,john,KS,D,House
H000983,4754,hunter,john,OH,D,House
I000010,4799,imhoff,lawrence,OH,D,House
J000039,4874,jacobsen,william,IA,D,House
J000060,4894,jarrett,benjamin,PA,R,House
J000090,4919,jenks,arthur,NH,R,House
J000111,4936,johns,joshua,WI,R,House
J000132,4954,johnson,george,WV,D,House
J000140,4962,johnson,hiram,CA,R,Senate
K000112,5184,kennedy,michael,NY,D,House
K000214,,king,samuel,HI,R,House
K000303,5353,kocialkowski,leo,IL,D,House
K000321,5363,kramer,charles,CA,D,House
L000005,5402,la follette,robert,WI,O,Senate
L000100,5479,larrabee,william,IN,D,House
L000185,5549,leavy,charles,WA,D,House
L000510,5835,lumpkin,alva,SC,D,Senate
M000016,5881,maciejewski,anton,IL,D,House
M000018,5883,maciora,lucien,CT,D,House
M000088,5945,maloney,francis,CT,D,Senate
M000231,6068,massingale,samuel,OK,D,House
M000297,6123,mcardle,joseph,PA,D,House
M000484,6281,mcintyre,john,WY,D,House
M000510,6303,mckeough,raymond,IL,D,House
M000538,6326,mclaughlin,charles,NE,D,House
M000615,6394,mead,james,NY,D,Senate
M000681,6450,meyer,john,MD,D,House
M000775,6529,mills,newt,LA,D,House
M000805,6554,mitchell,arthur,IL,D,House
M001026,6748,moser,guy,PA,D,House
M001082,6800,murdock,orrice,UT,D,Senate
N000006,6842,narey,harry,IA,R,House
N000046,6876,nelson,william,MO,D,House
O000033,7022,o'day,caroline,NY,D,House
P000011,7149,paddock,george,IL,R,House
P000159,7279,peace,roger,SC,D,Senate
P000165,7286,pearson,herron,TN,D,House
P000288,7393,pheiffer,william,NY,R,House
P000339,7441,pierce,walter,OR,D,House
P000385,7485,plauche,vance,LA,D,House
R000006,7685,radcliffe,george,MD,D,Senate
R000055,7730,rankin,jeannette,MT,R,House
R000362,7999,rockefeller,lewis,NY,R,House
R000405,8036,rogers,will,OK,D,House
R000418,8047,romjue,milton,MO,D,House
R000443,8065,rosier,joseph,WV,D,Senate
R000546,8146,rutherford,albert,PA,R,House
S000008,8169,sacks,leon,PA,D,House
S000036,8198,sanders,jared,LA,D,House
S000110,8252,schaefer,edwin,IL,D,House
S000145,8275,schulte,william,IN,D,House
S000162,8289,schwert,pius,NY,D,House
S000285,8399,shanley,james,CT,D,House
S000287,8400,shannon,joseph,MO,D,House
S000369,8476,shipstead,henrik,MN,R,Senate
S000433,8530,simpson,kenneth,NY,R,House
S000532,8615,smith,francis,PA,D,House
S000572,8653,smith,john,CT,D,House
S000591,8667,smith,martin,WA,D,House
S000683,8746,south,charles,TX,D,House
S000724,8784,spencer,george,AR,D,Senate
S001086,9098,sutphin,william,NJ,D,House
S001102,9113,sweeney,martin,OH,D,House
T000072,9205,taylor,edward,CO,D,House
T000124,9253,tenerowicz,rudolph,MI,D,House
T000133,9262,terry,david,AR,D,House
T000153,9281,thill,lewis,WI,R,House
T000283,9395,tinkham,george,MA,R,House
T000409,9506,tunnell,james,DE,D,Senate
V000121,9690,vreeland,albert,NJ,R,House
W000097,9782,walsh,david,MA,D,Senate
W000330,9984,wheeler,burton,MT,D,Senate
W000494,10139,williams,clyde,MO,D,House
W000563,10205,willis,raymond,IN,R,Senate
Y000059,10460,youngdahl,oscar,MN,R,House
N000030,6862,nelson,arthur,MN,R,Senate
S000196,8320,scrugham,james,NV,D,Senate
S000381,8488,shott,hugh,WV,R,Senate
B000046,349,bailey,josiah,NC,D,Senate
B000099,394,ball,joseph,MN,R,Senate
B000111,404,bankhead,john,AL,D,Senate
B000874,1071,brooks,charles,IL,R,Senate
B001013,1194,buck,clayton,DE,R,Senate
B001072,1248,burchill,thomas,NY,D,House
B001168,1330,bushfield,harlan,SD,R,Senate
C000132,1493,capozzoli,louis,NY,D,House
C000133,1494,capper,arthur,KS,R,Senate
C000181,1532,carrier,chester,KY,R,House
C000195,1545,carter,albert,CA,R,House
C000290,1634,chandler,albert,KY,D,Senate
C000661,1966,compton,c.,CT,R,House
C000795,2081,costello,john,CA,D,House
C000898,2168,creal,edward,KY,D,House
C000968,2234,culkin,francis,NY,R,House
C000970,2236,cullen,thomas,NY,D,House
D000160,2435,day,stephen,IL,R,House
D000292,2541,dewey,charles,IL,R,House
D000349,2599,dilweg,lavern,WI,D,House
D000353,,dimond,anthony,AK,D,House
D000362,2611,disney,wesley,OK,D,House
D000363,2612,ditter,john,PA,R,House
D000453,2688,douglas,fred,NY,R,House
E000108,,elizalde,joaquin,PI,O,House
E000141,2930,ellison,daniel,MD,R,House
E000157,2945,elmer,william,MO,R,House
E000182,2966,englebright,harry,CA,R,House
F000051,3085,fay,james,NY,D,House
F000142,3162,fish,hamilton,NY,R,House
F000175,3193,fitzpatrick,james,NY,D,House
F000267,3273,ford,thomas,CA,D,House
F000417,3404,fulmer,hampton,SC,D,House
F000418,3405,fulmer,willa,SC,D,House
F000432,3416,furlong,robert,PA,D,House
G000014,3432,gale,richard,MN,R,House
G000101,3509,gavagan,joseph,NY,D,House
G000181,3580,gilchrist,fred,IA,R,House
G000232,3625,glass,carter,VA,D,Senate
G000415,3781,green,robert,FL,D,House
G000538,3885,guyer,ulysses,KS,R,House
H000260,4121,harris,winder,VA,D,House
H000334,4184,hatch,carl,NM,D,Senate
H000365,4210,hawkes,albert,NJ,R,Senate
J000073,4905,jeffrey,harry,OH,R,House
J000121,4944,johnson,calvin,IL,R,House
J000183,4999,johnson,william,CA,R,House
K000111,5183,kennedy,martin,NY,D,House
K000257,5314,kleberg,richard,TX,D,House
L000037,5422,lambertson,william,KS,R,House
L000291,5647,lewis,lawrence,CO,D,House
M000001,5869,maas,melvin,MN,R,House
M000360,6173,mccord,jim,TN,D,House
M000454,6258,mcgranery,james,PA,D,House
M000545,6333,mclean,donald,NJ,R,House
M000579,6363,mcmurray,howard,WI,D,House
M000583,6367,mcnary,charles,OR,R,Senate
M000611,6390,mcwilliams,john,CT,R,House
M000661,6434,merritt,matthew,NY,D,House
M000745,6499,miller,louis,MO,R,House
M000756,6510,miller,thomas,PA,R,House
M000855,6593,monkiewicz,boleslaus,CT,R,House
M000895,6629,moore,edward,OK,R,Senate
M000993,6719,morrison,cameron,NC,D,House
M001058,6776,mruk,joseph,NY,R,House
N000073,6901,newsome,john,AL,D,House
N000092,6919,nichols,john,OK,D,House
O000014,7002,o'brien,joseph,NY,R,House
O000034,7021,o'daniel,wilbert,TX,D,Senate
O000065,7053,o'leary,james,NY,D,House
P000013,,pagan,bolivar,PR,O,House
P000142,7266,patton,nat,TX,D,House
P000494,7584,pracht,charles,PA,R,House
P000503,7593,pratt,joseph,PA,R,House
R000320,7960,robertson,edward,WY,R,Senate
R000406,8037,rogers,william,CA,D,House
R000413,8043,rolph,thomas,CA,R,House
R000475,8091,rowe,edmund,OH,R,House
S000079,8229,sauthoff,harry,WI,O,House
S000105,8250,scanlon,thomas,PA,D,House
S000126,8263,schiffler,andrew,WV,R,House
S000144,8274,schuetz,leonard,IL,D,House
S000580,8660,smith,joseph,WV,D,House
S000798,8840,stanley,winifred,NY,R,House
S000816,8855,starnes,joe,AL,D,House
S000820,8858,steagall,henry,AL,D,House
S000823,8860,stearns,foster,NH,R,House
S000901,8929,stewart,arthur,TN,D,Senate
S001058,9073,sullivan,maurice,NV,D,House
T000172,9298,thomas,john,ID,R,Senate
T000358,9460,treadway,allen,MA,R,House
T000384,9484,troutman,william,PA,R,House
V000100,9672,vincent,beverly,KY,D,House
W000096,9781,walsh,arthur,NJ,D,Senate
W000130,9811,ward,david,MD,D,House
W000294,9952,wene,elmer,NJ,D,House
W000327,9981,wheat,william,IL,R,House
W000343,9997,whelchel,benjamin,GA,D,House
W000396,10047,white,wallace,ME,R,Senate
W000483,10128,willey,earle,DE,R,House
W000581,10221,wilson,george,IA,R,Senate
W000762,10390,wright,james,PA,D,House
H000080,3962,hall,wilton,SC,D,Senate
J000026,4863,jackson,samuel,IN,D,Senate
W000248,9913,weeks,sinclair,MA,R,Senate
A000046,39,adams,sherman,NH,R,House
B000086,381,baldwin,harry,MD,D,House
B000093,388,baldwin,joseph,NY,R,House
B000191,477,barry,william,NY,D,House
B000367,629,bennet,augustus,NY,R,House
B000640,863,boren,lyle,OK,D,House
B000743,954,bradley,michael,PA,D,House
B000828,1031,briggs,frank,MO,D,Senate
B000976,1161,brumbaugh,david,PA,R,House
B001061,1239,bunker,berkeley,NV,D,House
B001084,1258,burgin,william,NC,D,House
C000085,1450,campbell,howard,PA,R,House
C000115,1478,cannon,arthur,FL,D,House
C000211,1560,carville,edward,NV,D,Senate
C000565,1882,cochran,john,MO,D,House
C000584,1899,coffee,john,WA,D,House
C000996,2258,curley,james,MA,D,House
D000067,2349,daughton,ralph,VA,D,House
D000206,2473,de lacy,emerson,WA,D,House
D000335,2585,dickstein,samuel,NY,D,House
D000414,2656,donnell,forrest,MO,R,Senate
D000452,2687,douglas,emily,IL,D,House
D000469,2702,downey,sheridan,CA,D,Senate
E000016,2821,earthman,harold,TN,D,House
E000210,2986,ervin,joseph,NC,D,House
G000019,3436,gallagher,william,MN,D,House
G000051,3464,gardner,edward,OH,D,House
G000117,3524,geelan,james,CT,D,House
G000163,3563,gibson,john,GA,D,House
G000194,3592,gillespie,dean,CO,R,House
G000337,3718,gossett,charles,ID,D,Senate
G000532,3882,gurney,john,SD,R,Senate
H000146,4024,hancock,clarence,NY,R,House
H000200,4067,hare,butler,SC,D,House
H000293,4150,hart,thomas,CT,R,Senate
H000426,4264,healy,ned,CA,D,House
H000450,4282,heidinger,james,IL,R,House
H000515,4340,henry,robert,WI,R,House
H000668,4475,hoch,daniel,PA,D,House
H000682,4486,hoffman,carl,PA,R,House
H000741,4538,holmes,pehr,MA,R,House
H000757,4552,hook,frank,MI,D,House
H000913,4692,huffman,james,OH,D,Senate
I000052,4836,izac,edouard,CA,D,House
J000150,4970,johnson,jed,OK,D,House
J000159,4978,johnson,luther,TX,D,House
K000071,5149,kelly,edward,IL,D,House
K000231,5288,kinzer,john,PA,R,House
K000315,5359,kopplemann,herman,CT,D,House
L000003,5400,la follette,charles,IN,R,House
L000076,5458,lanham,fritz,TX,D,House
L000334,5685,link,william,IL,D,House
L000493,5823,lucas,scott,IL,D,Senate
L000497,5827,luce,clare,CT,R,House
M000091,5947,maloney,paul,LA,D,House
M000097,5953,mankin,helen,GA,D,House
M000272,6100,may,andrew,KY,D,House
M000446,6250,mcgehee,daniel,MS,D,House
M000451,6255,mcglinchey,herbert,PA,D,House
M000504,6298,mckenzie,charles,LA,D,House
M001029,6751,moses,john,ND,D,Senate
M001040,6761,mott,james,OR,R,House
M001099,6813,murphy,john,PA,D,House
M001127,6836,myers,francis,PA,D,Senate
O000029,7017,o'connor,james,MT,D,House
O000089,7073,o'neal,emmet,KY,D,House
O000137,7117,outland,george,CA,D,House
O000146,7126,overton,john,LA,D,Senate
P000105,7233,patrick,luther,AL,D,House
P000113,7239,patterson,ellis,CA,D,House
P000260,7371,peterson,hugh,GA,D,House
P000371,7472,pittenger,william,MN,R,House
P000361,,pinero,jesus,PR,O,House
P000488,7578,powers,david,NJ,R,House
P000498,7588,pratt,eliza,NC,D,House
Q000019,7678,quinn,peter,NY,D,House
R000032,7709,ramspeck,robert,GA,D,House
R000112,7780,reed,clyde,KS,R,Senate
R000163,7823,resa,alexander,IL,D,House
R000341,7980,robinson,james,UT,D,House
R000373,8009,rodgers,robert,PA,R,House
R000381,8017,roe,dudley,MD,D,House
R000382,8018,roe,james,NY,D,House
R000394,8026,rogers,george,NY,D,House
R000419,,romulo,carlos,PI,O,House
R000473,8089,rowan,william,IL,D,House
R000538,8140,russell,sam,TX,D,House
R000565,8162,ryter,joseph,CT,D,House
S000069,8220,satterfield,dave,VA,D,House
S000080,8230,savage,charles,WA,D,House
S000293,8406,sharp,edgar,NY,R,House
S000342,8451,sheridan,john,PA,D,House
S000481,8569,slaughter,roger,MO,D,House
S000668,8735,snyder,john,PA,D,House
S000792,8835,stanfill,william,KY,R,Senate
S000812,8851,starkey,frank,MN,D,House
S000918,8944,stewart,paul,OK,D,House
S001071,9086,sumner,jessie,IL,R,House
S001072,9087,sumners,hatton,TX,D,House
T000018,9160,talbot,joseph,CT,R,House
T000045,9183,tarver,malcolm,GA,D,House
T000079,9210,taylor,glen,ID,D,Senate
T000155,9283,thom,william,OH,D,House
T000164,9291,thomas,elbert,UT,D,Senate
T000177,9303,thomas,john,OK,D,Senate
T000295,9406,tolan,john,CA,D,House
T000315,9424,torrens,james,NY,D,House
T000357,9459,traynor,philip,DE,D,House
T000446,9538,tydings,millard,MD,D,Senate
V000118,9687,voorhis,horace,CA,D,House
W000021,9713,wagner,robert,NY,D,Senate
W000183,9859,wasielewski,thaddeus,WI,D,House
W000230,9897,weaver,zebulon,NC,D,House
W000257,9921,weiss,samuel,PA,D,House
W000645,10283,winter,thomas,KS,R,House
W000678,10311,wolfenden,james,PA,R,House
W000720,10350,woodrum,clifton,VA,D,House
T000387,9487,truman,harry,MO,D,Senate
B000095,390,baldwin,raymond,CT,R,Senate
B001069,1245,burch,thomas,VA,D,Senate
C000021,1395,cain,harry,WA,R,Senate
S001117,9125,swift,george,AL,D,Senate
T000008,,taft,kingsley,OH,R,Senate
U000005,9552,umstead,william,NC,D,Senate
A000163,144,almond,james,VA,D,House
A000250,200,andrews,walter,NY,R,House
A000296,248,arnold,samuel,MO,R,House
B000119,412,banta,parke,MO,R,House
B000332,598,bell,charles,MO,D,House
B000379,641,bennett,marion,MO,R,House
B000742,953,bradley,frederick,MI,R,House
B000750,961,bradley,willis,CA,R,House
B000816,1021,brewster,ralph,ME,R,Senate
B000891,1088,brophy,john,WI,R,House
B001016,1197,buck,ellsworth,NY,R,House
B001096,1269,burke,raymond,OH,R,House
C000192,1542,carson,henderson,OH,R,House
C000268,1614,chadwick,e.,PA,R,House
C000439,1771,clark,jerome,NC,D,House
C000473,1803,clason,charles,MA,R,House
C000529,1851,clippinger,roy,IL,R,House
C000590,1905,coffin,howard,MI,R,House
C000684,1986,connally,thomas,TX,D,Senate
C000810,2093,courtney,william,TN,D,House
C000887,2157,cravens,william,AR,D,House
C000939,2206,crow,william,PA,R,House
D000007,2304,d'alesandro,thomas,MD,D,House
D000212,2477,delaney,john,NY,D,House
D000280,2534,devitt,edward,MN,R,House
D000406,2650,domengeaux,james,LA,D,House
D000496,2726,drewry,patrick,VA,D,House
E000037,2838,ecton,zales,MT,R,Senate
E000119,2908,elliott,alfred,CA,D,House
E000135,2924,ellis,hubert,WV,R,House
E000159,2947,elsaesser,edward,NY,R,House
F000191,3207,flannagan,john,VA,D,House
F000199,3215,fletcher,charles,CA,R,House
F000241,3251,folger,john,NC,D,House
F000250,3258,foote,ellsworth,CT,R,House
F000404,3396,fuller,hadwen,NY,R,House
G000017,3434,gallagher,james,PA,R,House
G000111,3518,gearhart,bertrand,CA,R,House
G000135,3538,gerlach,charles,PA,R,House
G000169,3569,gifford,charles,MA,R,House
G000207,3605,gillie,george,IN,R,House
G000253,3644,goff,abe,ID,R,House
G000384,3756,grant,robert,IN,R,House
G000472,3831,griffiths,percy,OH,R,House
G000493,3851,gross,chester,PA,R,House
G000543,3890,gwynne,john,IA,R,House
H000212,4078,harless,richard,AZ,D,House
H000217,4082,harness,forest,IN,R,House
H000298,4155,hartley,fred,NJ,R,House
H000492,4318,hendricks,joseph,FL,D,House
H000863,4648,howell,george,IL,R,House
I000046,4831,isacson,leo,NY,O,House
J000058,4892,jarman,peterson,AL,D,House
J000086,4915,jenkins,mitchell,PA,R,House
J000117,4941,johnson,anton,IL,R,House
J000133,4955,johnson,glen,OK,D,House
J000165,4983,johnson,noble,IN,R,House
J000225,5036,jones,homer,WA,R,House
J000249,5059,jones,robert,OH,R,House
J000264,5072,jonkman,bartel,MI,R,House
K000082,5158,kem,james,MO,R,Senate
K000301,5352,knutson,harold,MN,R,House
L000052,5434,landis,gerald,IN,R,House
L000163,5531,lea,clarence,CA,D,House
L000279,5636,lewis,earl,OH,R,House
L000296,5650,lewis,william,KY,R,House
L000394,5739,lodge,henry,MA,R,Senate
L000454,5790,love,francis,WV,R,House
L000501,5831,ludlow,louis,IN,D,House
L000519,5842,lusk,georgia,NM,D,House
M000027,5888,mackinnon,george,MN,R,House
M000089,5946,maloney,franklin,PA,R,House
M000094,5950,manasco,carter,AL,D,House
M000112,5966,mansfield,joseph,TX,D,House
M000233,6070,mathews,frank,NJ,R,House
M000374,6186,mccowen,edward,OH,R,House
M000422,6228,mcdowell,john,PA,R,House
M000438,6242,mcfarland,ernest,AZ,D,Senate
M000442,6246,mcgarvey,robert,PA,R,House
M000456,6260,mcgrath,james,RI,D,Senate
M000499,6293,mckellar,kenneth,TN,D,Senate
M000560,6345,mcmahon,gregory,NY,R,House
M000617,6396,meade,hugh,MD,D,House
M000619,6398,meade,wendell,KY,R,House
M000764,6518,miller,william,CT,R,House
M000809,6557,mitchell,edward,IN,R,House
M001062,6780,muhlenberg,frederick,PA,R,House
N000121,6944,nodar,robert,NY,R,House
N000135,6957,norman,fred,WA,R,House
O000032,7020,o'conor,herbert,MD,D,Senate
O000160,7138,owens,thomas,IL,R,House
P000182,7300,peden,preston,OK,D,House
P000387,7487,ploeser,walter,MO,R,House
P000471,7563,potts,david,NY,R,House
P000524,7611,price,emory,FL,D,House
R000002,7683,rabin,benjamin,NY,D,House
R000022,7699,ramey,homer,OH,R,House
R000083,7754,rayfiel,leo,NY,D,House
R000137,7803,reeves,albert,MO,R,House
R000288,7932,rizley,ross,OK,R,House
R000319,7959,robertson,charles,ND,R,House
R000358,7996,robsion,john,KY,R,House
R000369,8005,rockwell,robert,CO,R,House
R000410,8040,rohrbough,edward,WV,R,House
R000522,8125,russell,charles,NV,R,House
S000063,8217,sarbacher,george,PA,R,House
S000156,8284,schwabe,max,MO,R,House
S000163,8290,scoblick,james,PA,R,House
S000670,8736,snyder,melvin,WV,R,House
S000755,8813,springer,raymond,IN,R,House
S000896,8924,stevenson,william,WI,R,House
S000998,9018,stratton,william,IL,R,House
S001076,9090,sundstrom,frank,NJ,R,House
T000189,9312,thomason,robert,TX,D,House
T000263,9377,tibbott,harve,PA,R,House
T000444,9537,twyman,robert,IL,R,House
V000025,9604,vandenberg,arthur,MI,R,Senate
W000304,9962,west,milton,TX,D,House
Y000058,10459,youngblood,harold,MI,R,House
Z000009,10468,zimmerman,orville,MO,D,House
B000894,1090,broughton,joseph,NC,D,Senate
B001169,,bushfield,vera,SD,R,Senate
F000057,3090,feazel,william,LA,D,Senate
B000232,512,bates,george,MA,R,House
B000399,659,benton,william,CT,D,Senate
B000448,699,biemiller,andrew,WI,D,House
B000545,785,bland,schuyler,VA,D,House
B000565,802,bloom,sol,NY,D,House
B000609,839,bolton,william,MD,D,House
B001028,1208,buckley,james,IL,D,House
B001056,1235,bulwinkle,alfred,NC,D,House
B001100,1273,burke,thomas,OH,D,House
C000259,1607,cavalcante,anthony,PA,D,House
C000317,1659,chapman,virgil,KY,D,Senate
C000347,1685,chesney,chester,IL,D,House
C000390,1723,church,ralph,IL,R,House
C000586,1901,coffey,robert,PA,D,House
C000774,2066,cordon,guy,OR,R,Senate
C000926,2193,crook,thurman,IN,D,House
D000048,2333,darby,harry,KS,R,Senate
D000071,2353,davenport,harry,PA,D,House
D000089,2371,davies,john,NY,D,House
D000454,2689,douglas,helen,CA,D,House
D000522,2751,dulles,john,NY,R,Senate
E000178,2963,engel,albert,MI,R,House
F000081,3110,ferguson,homer,MI,R,Senate
G000205,3603,gillette,guy,IA,D,Senate
G000219,3614,gilmer,william,OK,D,House
G000331,3714,gorski,chester,NY,D,House
G000332,3715,gorski,martin,IL,D,House
G000353,3731,graham,frank,NC,D,Senate
G000521,3874,guill,ben,TX,R,House
H000202,4069,hare,james,SC,D,House
H000495,4321,hendrickson,robert,NJ,R,Senate
H000663,4471,hobbs,samuel,AL,D,House
H000898,4681,huber,walter,OH,D,House
H000975,4747,hunt,lester,WY,D,Senate
J000034,4869,jacobs,andrew,IN,D,House
J000096,4925,jennings,john,TN,R,House
J000127,4949,johnson,edwin,CO,D,Senate
K000012,5096,karst,raymond,MO,D,House
K000041,5119,keefe,frank,WI,R,House
K000334,5371,kruse,edward,IN,D,House
L000161,5580,le fevre,jay,NY,R,House
L000173,5539,leahy,edward,RI,D,Senate
L000238,5602,lemke,william,ND,R,House
L000251,5616,lesinski,john,MI,D,House
L000301,5656,lichtenwalter,franklin,PA,R,House
L000332,5684,linehan,neil,IL,D,House
L000395,5740,lodge,john,CT,R,House
L000537,5859,lynch,walter,NY,D,House
M000037,5898,macy,william,NY,R,House
M000122,5974,marcantonio,vito,NY,O,House
M000144,5991,marsalis,john,CO,D,House
M000279,6107,maybank,burnet,SC,D,Senate
M000574,6358,mcmillen,rolla,IL,R,House
M000606,6387,mcsweeney,john,OH,D,House
M000680,6449,meyer,herbert,KS,R,House
M000693,6456,michener,earl,MI,R,House
M000705,6466,miles,john,NM,D,House
M000716,6475,miller,bert,ID,D,Senate
N000129,6951,noland,james,IN,D,House
N000153,6972,norton,mary,NJ,D,House
O000122,7103,o'sullivan,eugene,NE,D,House
P000002,7142,pace,stephen,GA,D,House
P000261,7372,peterson,james,FL,D,House
P000285,7390,pfeifer,joseph,NY,D,House
P000286,7391,pfeiffer,william,NY,R,House
P000306,7411,phillips,dayton,TN,R,House
P000395,7495,plumley,charles,VT,R,House
R000209,7864,rich,robert,PA,R,House
S000011,8172,sadowski,george,MI,D,House
S000029,8193,sanborn,john,ID,R,House
S000439,8535,sims,hugo,SC,D,House
S000536,8619,smith,frederick,OH,R,House
S000676,8739,somers,andrew,NY,D,House
T000056,9192,tauriello,anthony,NY,D,House
T000175,9301,thomas,john,NJ,R,House
W000012,9705,wadsworth,james,NY,R,House
W000019,9711,wagner,earl,OH,D,House
W000100,9784,walsh,john,IN,D,House
W000265,9928,welch,richard,CA,R,House
W000344,9998,wherry,kenneth,NE,R,Senate
W000359,10013,white,cecil,CA,D,House
W000361,10015,white,compton,ID,D,House
W000430,10077,whittington,william,MS,D,House
W000582,10222,wilson,george,OK,D,House
W000714,10344,woodhouse,chase,CT,D,House
W000744,10373,worley,francis,TX,D,House
C000506,1831,clements,earle,KY,D,Senate
S000639,8708,smith,willis,NC,D,Senate
A000001,1,aandahl,fred,ND,R,House
A000114,100,allen,asa,LA,D,House
A000196,173,anderson,john,CA,R,House
A000218,235,armstrong,orland,MO,R,House
B000080,377,bakewell,claude,MO,R,House
B000237,516,bates,joseph,KY,D,House
B000515,758,blackney,william,MI,R,House
B000649,869,bosone,reva,UT,D,House
B000792,998,breen,edward,OH,D,House
B000794,1000,brehm,walter,OH,R,House
B001002,1184,buchanan,frank,PA,D,House
B001039,1218,buffett,howard,NE,R,House
B001148,1316,burton,clarence,VA,D,House
B001179,1340,butler,john,NY,R,House
B001214,1369,byrne,william,NY,D,House
C000504,1829,clemente,louis,NY,D,House
C000606,1920,cole,albert,KS,R,House
C000655,1960,combs,jesse,TX,D,House
C000831,2111,cox,edward,GA,D,House
C000889,2159,crawford,fred,MI,R,House
D000249,2507,denny,harmar,PA,R,House
D000448,2684,doughton,robert,NC,D,House
D000516,2745,duff,james,PA,R,Senate
E000023,2827,eaton,charles,NJ,R,House
E000160,2948,elston,charles,OH,R,House
F000066,3096,fellows,frank,ME,R,House
F000399,3386,fugate,thomas,VA,D,House
F000431,3415,furcolo,john,MA,D,House
G000131,3536,george,walter,GA,D,Senate
G000206,3604,gillette,wilson,PA,R,House
G000338,3719,gossett,ed,TX,D,House
G000379,3752,granger,walter,UT,D,House
G000438,3802,greenwood,ernest,NY,D,House
H000050,3937,hall,edwin,NY,R,House
H000060,3946,hall,leonard,NY,R,House
H000356,4201,havenner,franck,CA,D,House
H000442,4278,hedrick,erland,WV,D,House
H000443,4279,heffernan,james,NY,D,House
H000548,4371,herter,christian,MA,R,House
H000679,4483,hoey,clyde,NC,D,Senate
I000037,4822,irving,theodore,MO,D,House
J000080,4911,jenison,edward,IL,R,House
J000224,5035,jones,hamilton,NC,D,House
K000039,5117,kee,john,WV,D,House
K000138,5208,kerr,john,NC,D,House
L000095,5476,larcade,henry,LA,D,House
L000224,5591,lehman,herbert,NY,D,Senate
L000318,5671,lind,james,PA,D,House
M000045,5905,magee,clare,MO,D,House
M000308,6132,mccarran,patrick,NV,D,Senate
M000455,6259,mcgrath,christopher,NY,D,House
M000465,6267,mcguire,john,CT,D,House
M000528,6317,mckinnon,clinton,CA,D,House
M000559,6346,mcmahon,brien,CT,D,Senate
M000577,6361,mcmullen,chester,FL,D,House
M000771,6525,millikin,eugene,CO,R,Senate
M000814,6561,mitchell,hugh,WA,D,House
M000878,6613,moody,arthur,MI,D,Senate
M001081,6799,murdock,john,AZ,D,House
M001094,6809,murphy,james,NY,D,House
M001112,6823,murray,reid,WI,R,House
O000095,7078,o'neill,harry,PA,D,House
O000133,7114,o'toole,donald,NY,D,House
P000327,7430,pickett,thomas,TX,D,House
Q000021,7680,quinn,thomas,NY,D,House
R000025,7702,ramsay,robert,WV,D,House
R000056,7731,rankin,john,MS,D,House
R000104,7774,redden,monroe,NC,D,House
R000453,8075,ross,robert,NY,R,House
S000001,8163,sabath,adolph,IL,D,House
S000067,8219,sasscer,lansdale,MD,D,House
S000155,8283,schwabe,george,OK,R,House
S000172,8299,scott,hardie,PA,R,House
S000214,8337,seaton,frederick,NE,R,Senate
S000461,8556,sittler,edward,PA,R,House
S000845,8879,stefan,karl,NE,R,House
S000923,8949,stigler,william,OK,D,House
S000936,8960,stockman,lowell,OR,R,House
S001056,9071,sullivan,john,MO,D,House
T000005,9148,tackett,boyd,AR,D,House
T000009,9152,taft,robert,OH,R,Senate
T000289,9401,tobey,charles,NH,R,Senate
T000320,9427,towe,harry,NJ,R,House
U000015,9561,underwood,thomas,KY,D,Senate
V000003,9584,vail,richard,IL,R,House
V000077,9653,vaughn,albert,PA,R,House
W000264,9927,welch,philip,MO,D,House
W000269,9930,welker,herman,ID,R,Senate
W000298,9956,werdel,thomas,CA,R,House
W000348,10002,whitaker,john,KY,D,House
W000699,10329,wood,john,GA,D,House
W000700,10330,wood,john,ID,R,House
W000718,10348,woodruff,roy,MI,R,House
D000198,2468,degraffenried,edward,AL,D,House
G000481,3839,griswold,dwight,NE,R,Senate
P000460,7551,potter,charles,MI,R,Senate
A000257,207,angell,homer,OR,R,House
B000176,464,barrett,frank,WY,R,Senate
B000242,520,battle,laurie,AL,D,House
B000486,731,bishop,cecil,IL,R,House
B000618,845,bonin,edward,PA,R,House
B000762,971,bramblett,ernest,CA,R,House
B000820,1024,bricker,john,OH,R,Senate
B000999,1181,bryson,joseph,SC,D,House
B001099,1272,burke,thomas,OH,D,Senate
B001161,1324,busbey,fred,IL,R,House
B001177,1338,butler,hugh,NE,R,Senate
C000070,1439,camp,albert,GA,D,House
C000080,1445,campbell,courtney,FL,D,House
C000416,1748,clardy,kit,MI,R,House
C000614,1928,cole,william,MO,R,House
C000674,1977,condon,robert,CA,D,House
C000932,2199,crosser,robert,OH,D,House
D000281,2538,d'ewart,wesley,MT,R,House
D000036,2326,daniel,marion,TX,D,Senate
F000034,,farrington,joseph,HI,R,House
F000190,3206,flanders,ralph,VT,R,Senate
G000258,3649,golden,james,KY,R,House
G000297,3682,goodwin,angier,MA,R,House
G000360,3737,graham,louis,PA,R,House
H000014,3902,hagen,harold,MN,R,House
H000284,4142,hart,edward,NJ,D,House
H000460,4290,heller,louis,NY,D,House
H000616,4431,hillelson,jeffrey,MO,R,House
H000858,4644,howell,charles,NJ,D,House
H000943,4720,hull,merlin,WI,R,House
H000979,4751,hunter,allan,CA,R,House
I000050,4834,ives,irving,NY,R,Senate
J000093,4922,jenner,william,IN,R,Senate
J000207,5020,jonas,edgar,IL,R,House
K000150,5217,kersten,charles,WI,R,House
K000176,5240,kilgore,harley,WV,D,Senate
K000292,5343,knowland,william,CA,R,Senate
L000070,5452,langer,william,ND,R,Senate
L000089,5471,lantaff,william,FL,D,House
L000496,5826,lucas,wingate,TX,D,House
L000525,5847,lyle,john,TX,D,House
M000086,5944,malone,george,NV,R,Senate
M000177,6021,martin,edward,PA,R,Senate
M000315,6137,mccarthy,joseph,WI,R,Senate
M000656,6429,merrill,d.,IN,R,House
M000729,6485,miller,howard,KS,D,House
O000009,6998,o'brien,george,MI,D,House
O000004,6995,oakman,charles,MI,R,House
P000107,7234,patten,harold,AZ,D,House
P000150,7271,payne,frederick,ME,R,Senate
P000475,7566,poulson,c.,CA,R,House
P000575,7656,purtell,william,CT,R,Senate
R000100,7771,reams,henry,OH,O,House
R000140,7806,regan,kenneth,TX,D,House
R000391,8023,rogers,dwight,FL,D,House
R000425,8050,roosevelt,franklin,NY,D,House
S000277,8392,shafer,paul,MI,R,House
S000499,8587,small,frank,MD,R,House
S000553,8635,smith,howard,NJ,R,Senate
S000797,8839,stanley,thomas,VA,D,House
S001006,9025,stringfellow,douglas,UT,R,House
S001087,9099,sutton,james,TN,D,House
T000259,9374,thye,edward,MN,R,Senate
U000032,9576,upton,robert,NH,R,Senate
W000123,9804,warburton,herbert,DE,R,House
W000190,9865,watkins,arthur,UT,R,Senate
W000252,9917,weichel,alvin,OH,R,House
W000342,9996,wheeler,william,GA,D,House
W000604,10244,wilson,joseph,TX,D,House
W000658,10294,withers,garrett,KY,D,House
Y000024,10431,yorty,samuel,CA,D,House
A000010,9,abel,hazel,NE,R,Senate
B000356,621,bender,george,OH,R,Senate
B000709,923,bowring,eva,NE,R,Senate
B000913,1106,brown,ernest,NV,R,Senate
C000906,2175,crippa,edward,WY,R,Senate
D000031,2322,daniel,charles,SC,D,Senate
O000088,7070,o'mahoney,joseph,WY,D,Senate
R000180,7837,reynolds,samuel,NE,R,Senate
S000187,8313,scott,william,NC,D,Senate
B000145,437,barkley,alben,KY,D,Senate
B000342,608,bell,john,TX,D,House
B000823,1027,bridges,henry,NH,R,Senate
B001009,1190,buchanan,vera,PA,D,House
B001131,1300,burnside,maurice,WV,D,House
C000156,1512,carlyle,frank,NC,D,House
C000327,1667,chase,jackson,NE,R,House
C000336,1676,chatham,richard,NC,D,House
C000743,2038,coon,samuel,OR,R,House
C000960,2227,crumpacker,shepard,IN,R,House
D000083,2365,davidson,irwin,NY,D,House
D000175,2448,deane,charles,NC,D,House
D000354,2604,dingell,john,MI,D,House
D000403,2647,dolliver,james,IA,R,House
D000411,2653,dondero,george,MI,R,House
D000421,2662,donovan,james,NY,D,House
E000146,2935,ellsworth,mathew,OR,R,House
F000035,,farrington,mary,HI,R,House
F000085,3114,fernandez,antonio,NM,D,House
F000126,3149,fine,sidney,NY,D,House
F000179,3197,fjare,orvin,MT,R,House
F000356,3349,frear,joseph,DE,D,Senate
G000031,3446,gamble,ralph,NY,R,House
G000124,3529,gentry,brady,TX,D,House
G000369,3744,granahan,william,PA,D,House
G000418,3783,green,theodore,RI,D,Senate
H000154,4031,hand,thomas,NJ,R,House
H000412,4251,hayworth,donald,MI,D,House
H000640,4450,hinshaw,john,CA,R,House
H000689,4493,hoffman,richard,IL,R,House
H000768,4562,hope,clifford,KS,R,House
J000157,4976,johnson,justin,CA,R,House
J000263,5071,jones,woodrow,NC,D,House
K000208,5267,king,karl,PA,R,House
K000261,5317,klein,arthur,NY,D,House
L000468,5803,lovre,harold,SD,R,House
M000199,6039,martin,thomas,IA,R,Senate
M001107,6819,murray,james,IL,D,House
M001108,6820,murray,james,MT,D,Senate
N000023,6856,neely,matthew,WV,D,Senate
N000031,6863,nelson,charles,ME,R,House
N000053,6882,neuberger,richard,OR,D,Senate
P000309,7415,phillips,john,CA,R,House
P000536,7622,priest,james,TN,D,House
R000111,7779,reed,chauncey,IL,R,House
R000214,7869,richards,james,SC,D,House
S000377,8484,short,dewey,MO,R,House
T000216,9338,thompson,ruth,MI,R,House
T000408,9505,tumulty,thomas,NJ,D,House
V000082,9657,velde,harold,IL,R,House
W000668,10303,wolcott,jesse,MI,R,House
Y000032,10437,young,clarence,NV,R,House
H000963,4737,humphreys,robert,KY,D,Senate
L000025,5411,laird,william,WV,D,Senate
R000167,7826,revercomb,william,WV,R,Senate
W000666,10301,wofford,thomas,SC,D,Senate
A000133,116,allen,john,CA,R,House
A000239,188,andresen,august,MN,R,House
B000276,550,beamer,john,IN,R,House
B000698,912,bowler,james,IL,D,House
B000964,1152,brownson,charles,IN,R,House
B001079,1254,burdick,usher,ND,R,House
B001167,1329,bush,prescott,CT,R,Senate
B001180,1341,butler,john,MD,R,Senate
B001211,1367,byrne,emmet,IL,R,House
C000128,1489,capehart,homer,IN,R,Senate
C000182,1533,carrigg,joseph,PA,R,House
C000189,1540,carroll,john,CO,D,Senate
C000221,1570,case,francis,SD,R,Senate
C000386,1719,chudoff,earl,PA,D,House
C000515,1839,clevenger,cliff,OH,R,House
C000617,1931,cole,william,NY,R,House
C000755,2049,cooper,jere,TN,D,House
C000804,2089,coudert,frederic,NY,R,House
C000905,2174,cretella,albert,CT,R,House
C000993,2256,cunningham,paul,IA,R,House
D000155,2430,dawson,william,UT,R,House
D000219,2484,dellay,vincent,NJ,D,House
D000228,2490,dempsey,john,NM,D,House
D000246,2504,dennison,david,OH,R,House
D000278,2531,devereux,james,MD,R,House
D000338,2588,dies,martin,TX,D,House
E000029,2833,eberharter,herman,PA,D,House
G000129,3534,george,myron,KS,R,House
G000316,3700,gordon,thomas,IL,D,House
G000447,3809,gregory,noble,KY,D,House
G000541,3888,gwinn,ralph,NY,R,House
H000036,3924,hale,robert,ME,R,House
H000182,4050,harden,cecil,IN,R,House
H000275,4134,harrison,robert,NE,R,House
H000318,4172,haskell,harry,DE,R,House
H000405,4244,hays,lawrence,AR,D,House
H000502,4328,hennings,thomas,MO,D,Senate
H000549,4372,heselton,john,MA,R,House
H000613,4429,hill,william,CO,R,House
H000623,4437,hillings,patrick,CA,R,House
H000740,4537,holmes,otis,WA,R,House
H001021,4785,hyde,dewitt,MD,R,House
J000045,4880,james,benjamin,PA,R,House
J000088,4917,jenkins,thomas,OH,R,House
K000029,5109,kean,robert,NJ,R,House
K000030,5110,kearney,bernard,NY,R,House
K000042,5120,keeney,russell,IL,R,House
K000058,5136,kelley,augustine,PA,D,House
K000300,5351,knutson,coya,MN,D,House
K000332,5370,krueger,otto,ND,R,House
L000077,5459,lanham,henderson,GA,D,House
L000108,5488,latham,henry,NY,R,House
L000157,5552,le compte,karl,IA,R,House
L000416,5757,long,george,LA,D,House
M000274,6102,may,edwin,CT,R,House
M000354,6169,mcconnell,samuel,PA,R,House
M000460,6262,mcgregor,j.,OH,R,House
M000483,6280,mcintosh,robert,MI,R,House
M000609,6389,mcvey,william,IL,R,House
M000715,6474,miller,arthur,NE,R,House
M000724,6481,miller,edward,MD,R,House
M000935,6664,morano,albert,CT,R,House
N000017,6851,neal,william,WV,R,House
N000097,6922,nicholson,donald,MA,R,House
N000110,6933,nimtz,f.,IN,R,House
O000056,7044,o'hara,joseph,MN,R,House
P000119,7245,patterson,james,CT,R,House
R000008,7687,radwan,edmund,NY,R,House
R000329,7969,robeson,edward,VA,D,House
R000359,7997,robsion,john,KY,R,House
S000009,8170,sadlak,antoni,CT,R,House
S000194,8318,scrivner,errett,KS,R,House
S000198,8322,scudder,hubert,CA,R,House
S000315,8426,sheehan,timothy,IL,R,House
S000390,8495,shuford,george,NC,D,House
S000405,8506,sieminski,alfred,NJ,D,House
S000437,8533,simpson,sidney,IL,R,House
S000585,8663,smith,lawrence,WI,R,House
S000819,8857,stauffer,simon,PA,R,House
T000028,9168,talle,henry,IA,R,House
T000139,9267,tewes,donald,WI,R,House
V000119,9688,vorys,john,OH,R,House
V000125,9693,vursell,charles,IL,R,House
W000450,10095,wigglesworth,richard,MA,R,House
W000465,10110,wiley,alexander,WI,R,Senate
W000549,10191,williams,william,NY,R,House
W000683,10314,wolverton,charles,NJ,R,House
H000665,4473,hoblitzell,john,WV,R,Senate
A000138,121,allen,leo,IL,R,House
A000200,177,anderson,leroy,MT,D,House
B000139,431,barden,graham,NC,D,House
B000170,458,barr,joseph,IN,D,House
B000245,521,baumhart,albert,OH,R,House
B000271,546,beall,james,MD,R,Senate
B000391,652,bentley,alvin,MI,R,House
B000646,868,bosch,albert,NY,R,House
B000699,913,bowles,chester,CT,D,House
B000727,939,boyle,charles,IL,D,House
B000849,1050,brock,lawrence,NE,D,House
B000908,1103,brown,charles,MO,D,House
B000940,1130,brown,paul,GA,D,House
B000982,1167,brunsdale,clarence,ND,R,Senate
B001035,1215,budge,hamer,ID,R,House
B001127,,burns,john,HI,D,House
B001165,1328,bush,alvin,PA,R,House
B001208,1365,byrd,harry,VA,D,Senate
C000113,1476,canfield,gordon,NJ,R,House
C000162,1517,carnahan,albert,MO,D,House
C000199,1549,carter,steven,IA,D,House
C000338,1678,chavez,dennis,NM,D,Senate
C000383,1717,christopher,george,MO,D,House
C000589,1904,coffin,frank,ME,D,House
D000368,2616,dixon,henry,UT,R,House
D000402,2646,dollinger,isidore,NY,D,House
D000433,2671,dorn,francis,NY,R,House
D000571,2791,durham,carl,NC,D,House
E000121,2910,elliott,douglas,PA,R,House
E000181,2965,engle,clair,CA,D,Senate
F000227,3240,flynn,gerald,WI,D,House
F000237,3249,foley,john,MD,D,House
F000255,3264,forand,aime,RI,D,House
G000130,3535,george,newell,KS,D,House
H000048,3936,hall,david,NC,D,House
H000204,4071,hargis,denver,KS,D,House
H000216,4081,harmon,randall,IN,D,House
H000484,4311,henderson,john,OH,R,House
H000550,4373,hess,william,OH,R,House
H000690,4494,hogan,earl,IN,D,House
H000746,4543,holt,joseph,CA,R,House
J000008,4846,jackson,donald,CA,R,House
J000119,4943,johnson,byron,CO,D,House
K000015,5099,kasem,george,CA,D,House
K000036,5116,keating,kenneth,NY,R,Senate
L000018,5404,lafore,john,PA,R,House
L000260,5625,levering,robert,OH,D,House
L000425,5764,long,oren,HI,D,Senate
M000021,5885,mack,russell,WA,R,House
M000449,6253,mcginley,donald,NE,D,House
M000682,6451,meyer,william,VT,D,House
M000759,,miller,ward,OH,R,House
M000812,6559,mitchell,harlan,GA,D,House
M000991,6718,morris,toby,OK,D,House
O000074,7061,oliver,james,ME,D,House
P000408,7506,polk,james,OH,D,House
P000439,7533,porter,charles,OR,D,House
P000516,7605,preston,prince,GA,D,House
P000549,7634,prokop,stanley,PA,D,House
Q000012,7673,quigley,james,PA,D,House
R000113,7781,reed,daniel,NY,R,House
R000132,7799,rees,edward,KS,R,House
R000392,8024,rogers,edith,MA,R,House
S000430,8527,simpson,edna,IL,R,House
S000436,8532,simpson,richard,PA,R,House
S000640,8709,smith,wint,KS,R,House
T000070,9203,taylor,dean,NY,R,House
T000118,9248,teller,ludwig,NY,D,House
T000229,9350,thomson,edwin,WY,R,House
W000024,9716,wainwright,stuyvesant,NY,R,House
W000120,9801,wampler,fred,IN,D,House
W000446,10092,wier,roy,MN,D,House
W000663,10299,withrow,gardner,WI,R,House
W000675,10308,wolf,leonard,IA,D,House
L000520,5843,lusk,hall,OR,D,Senate
N000052,6881,neuberger,maurine,OR,D,Senate
S000517,10822,smith,benjamin,MA,D,Senate
A000054,46,addonizio,hugh,NJ,D,House
A000094,82,alexander,hugh,NC,D,House
A000105,92,alford,thomas,AR,D,House
A000179,158,andersen,herman,MN,R,House
A000255,205,anfuso,victor,NY,D,House
B000035,339,bailey,cleveland,WV,D,House
B000222,503,bass,perkins,NH,R,House
B000536,777,blakley,william,TX,D,Senate
B000561,798,blitch,iris,GA,D,House
B000725,937,boykin,frank,AL,D,House
B000791,997,breeding,james,KS,D,House
B000884,1081,brooks,overton,LA,D,House
B001090,1264,burke,frank,KY,D,House
C000365,1702,chiperfield,robert,IL,R,House
C000389,1722,church,marguerite,IL,R,House
C000540,1861,coad,merwin,IA,D,House
C000725,2023,cook,robert,OH,D,House
C001011,2272,curtis,laurence,MA,R,House
D000109,2389,davis,james,GA,D,House
D000425,2665,dooley,edwin,NY,R,House
D000456,2691,douglas,paul,IL,D,Senate
D000575,10515,durno,edwin,OR,R,House
D000585,2803,dworshak,henry,ID,R,Senate
F000075,3105,fenton,ivor,PA,R,House
F000353,3346,frazier,james,TN,D,House
G000069,10519,garland,peter,ME,R,House
G000368,3743,granahan,kathryn,PA,D,House
H000264,4125,harrison,burr,VA,D,House
H000561,10806,hickey,john,WY,D,Senate
H000568,4388,hiestand,edgar,CA,R,House
H000683,4487,hoffman,clare,MI,R,House
H000753,4548,holtzman,lester,NY,D,House
I000007,4796,ikard,frank,TX,D,House
J000176,4993,johnson,thomas,MD,D,House
J000278,5083,judd,walter,MN,R,House
K000032,5112,kearns,carroll,PA,R,House
K000044,5122,kefauver,carey,TN,D,Senate
K000144,5213,kerr,robert,OK,D,Senate
K000171,5236,kilday,paul,TX,D,House
K000249,5306,kitchin,alvin,NC,D,House
K000320,5362,kowalski,frank,CT,D,House
L000065,5447,lane,thomas,MA,D,House
L000446,5783,loser,joseph,TN,D,House
M000014,5880,machrowicz,thaddeus,MI,D,House
M000020,5884,mack,peter,IL,D,House
M000052,5912,magnuson,donald,WA,D,House
M000152,5998,marshall,fred,MN,D,House
M000224,6061,mason,noah,IL,R,House
M000414,6220,mcdonough,gordon,CA,R,House
M000582,6366,mcnamara,patrick,MI,D,Senate
M000605,6386,mcsween,harold,LA,D,House
M000608,10536,mcvey,walter,KS,R,House
M000664,6437,merrow,chester,NH,R,House
M000719,6477,miller,clement,CA,D,House
M000927,10537,moorehead,tom,OH,R,House
M001045,6765,moulder,morgan,MO,D,House
M001077,6795,mumma,walter,PA,R,House
M001100,10815,murphy,maurice,NH,R,Senate
N000136,10541,norrell,catherine,AR,D,House
N000137,6958,norrell,william,AR,D,House
P000264,10544,peterson,morris,UT,D,House
P000287,7392,pfost,gracie,ID,D,House
R000001,7682,rabaut,louis,MI,D,House
R000077,7749,ray,john,NY,R,House
R000082,7753,rayburn,samuel,TX,D,House
R000108,7777,reece,brazilla,TN,R,House
R000109,10547,reece,louise,TN,R,House
R000259,10549,riley,corinne,SC,D,House
R000260,7908,riley,john,SC,D,House
R000317,7958,robertson,absalom,VA,D,Senate
R000547,8147,rutherford,j.,TX,D,House
S000021,8185,saltonstall,leverett,MA,R,Senate
S000057,8214,santangelo,alfred,NY,D,House
S000075,8225,saund,dalip,CA,D,House
S000120,8260,scherer,gordon,OH,R,House
S000138,8270,schoeppel,andrew,KS,R,Senate
S000193,10558,scranton,william,PA,R,House
S000224,8346,seely-brown,horace,CT,R,House
S000533,8616,smith,frank,MS,D,House
S000717,8778,spence,brent,KY,D,House
T000001,9144,taber,john,NY,R,House
U000002,9549,udall,stewart,AZ,D,House
V000069,9645,van zandt,james,PA,R,House
W000228,9895,weaver,phillip,NE,R,House
W000256,9920,weis,jessica,NY,R,House
Z000003,10464,zelenko,herbert,NY,D,House
K000107,5180,kennedy,john,MA,D,Senate
B000656,10801,bottum,joseph,SD,R,Senate
M000623,10811,mechem,edwin,NM,R,Senate
S000434,10820,simpson,milward,WY,R,Senate
A000011,10568,abele,homer,OH,R,House
A000106,93,alger,bruce,TX,R,House
A000227,291,auchincloss,james,NJ,R,House
A000228,301,avery,william,KS,R,House
B000062,364,baker,howard,TN,R,House
B000064,10570,baker,irene,TN,R,House
B000190,476,barry,robert,NY,R,House
B000292,563,becker,frank,NY,R,House
B000310,10504,beermann,ralph,NE,R,House
B000377,639,bennett,john,MI,R,House
B000608,838,bolton,oliver,OH,R,House
B000813,1018,brewster,daniel,MD,D,Senate
B000867,10506,bromwell,james,IA,R,House
B000969,10507,bruce,donald,IN,R,House
B001024,1205,buckley,charles,NY,D,House
B001104,10575,burkhalter,everett,CA,D,House
C000117,1479,cannon,clarence,MO,D,House
C000154,1510,carlson,frank,KS,R,Senate
C000346,1684,chenoweth,john,CO,R,House
C000444,1776,clark,joseph,PA,D,Senate
D000094,2376,davis,clifford,TN,D,House
D000266,2523,derounian,steven,NY,R,House
D000360,2609,dirksen,everett,IL,R,Senate
D000481,2713,doyle,clyde,CA,D,House
E000055,10803,edmondson,james,OK,D,Senate
E000120,2909,elliott,carl,AL,D,House
F000087,,fernos-isern,antonio,PR,O,House
F000135,10518,finnegan,edward,IL,D,House
F000283,3286,forrester,elijah,GA,D,House
G000091,3499,gary,julian,VA,D,House
G000102,3510,gavin,leon,PA,R,House
G000192,10589,gill,thomas,HI,D,House
G000237,3629,glenn,milton,NJ,R,House
G000381,3754,grant,george,AL,D,House
G000421,3785,green,william,PA,D,House
G000508,3864,gruening,ernest,AK,D,Senate
H000191,10524,harding,ralph,ID,D,House
H000385,4227,hayden,carl,AZ,D,Senate
H000424,4262,healey,james,NY,D,House
H000471,4299,hemphill,robert,SC,D,House
H000559,4382,hickenlooper,bourke,IA,R,Senate
H000598,4418,hill,joseph,AL,D,Senate
H000678,4482,hoeven,charles,IA,R,House
H000684,4488,hoffman,elmer,IL,R,House
H000786,4579,horan,walter,WA,R,House
H000904,4686,huddleston,george,AL,D,House
J000100,4928,jensen,benton,IA,R,House
J000109,4935,johansen,august,MI,R,House
J000158,4977,johnson,lester,WI,D,House
J000195,5009,johnston,olin,SC,D,Senate
K000040,5118,kee,maude,WV,D,House
K000170,5235,kilburn,clarence,NY,R,House
K000177,5241,kilgore,joe,TX,D,House
K000298,5349,knox,victor,MI,R,House
K000335,5372,kuchel,thomas,CA,R,Senate
L000081,5463,lankford,richard,MD,D,House
L000122,5500,lausche,frank,OH,D,Senate
L000252,5617,lesinski,john,MI,D,House
L000299,5654,libonati,roland,IL,D,House
L000415,5756,long,edward,MO,D,Senate
M000197,10604,martin,patrick,CA,R,House
M000478,6276,mcintire,clifford,ME,R,House
M000558,10608,mcloskey,robert,IL,R,House
M000620,6399,meader,george,MI,R,House
M000762,6516,miller,william,NY,R,House
M000770,6524,milliken,william,PA,R,House
M000859,6597,monroney,almer,OK,D,Senate
M001014,6738,morse,wayne,OR,D,Senate
M001022,6745,morton,thruston,KY,R,Senate
N000133,6955,norblad,albin,OR,R,House
N000178,10542,nygaard,hjalmar,ND,R,House
O000016,7004,o'brien,thomas,IL,D,House
O000120,7101,osmers,frank,NJ,R,House
O000121,7102,ostertag,harold,NY,R,House
P000349,7450,pilcher,john,GA,D,House
P000352,7453,pillion,john,NY,R,House
R000018,7695,rains,albert,AL,D,House
R000206,10619,rich,carl,OH,R,House
R000250,7901,riehlman,roy,NY,R,House
R000314,7954,roberts,kenneth,AL,D,House
R000556,10554,ryan,harold,MI,D,House
S000117,8258,schenck,paul,OH,R,House
S000327,8437,shelley,john,CA,D,House
S000335,8444,sheppard,harry,CA,D,House
S000378,8485,short,don,ND,R,House
S000395,10560,sibal,abner,CT,R,House
S000408,8508,siler,eugene,KY,R,House
S000505,8593,smathers,george,FL,D,Senate
S000764,8177,st. george,katharine,NY,R,House
S000775,10628,staebler,neil,MI,D,House
S000928,10629,stinson,k.,WA,R,House
T000237,9356,thornberry,william,TX,D,House
T000298,9409,tollefson,thor,WA,R,House
V000051,9627,van pelt,william,WI,R,House
V000105,9677,vinson,carl,GA,D,House
W000089,9775,wallhauser,george,NJ,R,House
W000108,9791,walter,francis,PA,D,House
W000110,10825,walters,herbert,TN,D,Senate
W000226,10635,weaver,james,PA,R,House
W000310,9968,westland,alfred,WA,R,House
W000323,9978,wharton,james,NY,R,House
W000439,10085,wickersham,victor,OK,D,House
W000572,10212,wilson,earl,IN,R,House
W000641,10279,winstead,william,MS,D,House
J000160,4979,johnson,lyndon,TX,D,Senate
B000223,504,bass,ross,TN,D,Senate
S000016,10821,salinger,pierre,CA,D,Senate
A000204,10702,andrews,arthur,AL,R,House
B000092,387,baldwin,john,CA,R,House
B000108,10704,bandstra,bert,IA,D,House
B000296,567,beckworth,lindley,TX,D,House
B000621,846,bonner,herbert,NC,D,House
B000909,1104,brown,clarence,OH,R,House
C000054,10708,callan,clair,NE,D,House
C000055,10709,callaway,howard,GA,R,House
C000067,10578,cameron,ronald,CA,D,House
C000342,1682,chelf,frank,KY,D,House
C000516,10711,clevenger,raymond,MI,D,House
C000736,2032,cooley,harold,NC,D,House
C000866,10714,craley,nathaniel,PA,D,House
C001005,2266,curtin,willard,PA,R,House
D000004,2298,dague,paul,PA,R,House
D000260,2517,denton,winfield,IN,D,House
D000390,2636,dodd,thomas,CT,D,Senate
D000588,10720,dyal,kenneth,CA,D,House
E000148,10516,ellsworth,robert,KS,R,House
F000023,10724,farnsley,charles,KY,D,House
F000025,10725,farnum,billie,MI,D,House
G000208,10729,gilligan,john,OH,D,House
G000320,3704,gore,albert,TN,D,Senate
G000348,10590,grabowski,bernard,CT,D,House
G000450,10730,greigg,stanley,IA,D,House
G000454,10731,grider,george,TN,D,House
H000013,3901,hagen,harlan,CA,D,House
H000173,10735,hansen,john,IA,D,House
H000249,4110,harris,oren,AR,D,House
H000310,4165,harvey,ralph,IN,R,House
H000720,4520,holland,spessard,FL,D,Senate
H001001,10741,huot,joseph,NH,D,House
J000098,4927,jennings,william,VA,D,House
J000151,10743,johnson,jed,OK,D,House
J000246,5056,jones,paul,MO,D,House
K000114,10809,kennedy,robert,NY,D,Senate
K000130,5199,keogh,eugene,NY,D,House
K000199,5258,king,david,UT,D,House
K000326,10745,krebs,paul,NJ,D,House
K000341,5377,kunkel,john,PA,R,House
L000326,5678,lindsay,john,NY,R,House
L000458,10747,love,rodney,OH,D,House
M000022,10753,mackay,james,GA,D,House
M000026,10754,mackie,john,MI,D,House
M000182,10755,martin,james,AL,R,House
M000191,6033,martin,joseph,MA,R,House
M000253,6084,matthews,donald,FL,D,House
M000311,6134,mccarthy,eugene,MN,D,Senate
M000418,6224,mcdowell,harris,DE,D,House
M000459,10750,mcgrath,thomas,NJ,D,House
M000610,10751,mcvicker,roy,CO,D,House
M000836,6579,moeller,walter,OH,D,House
M000995,6721,morrison,james,LA,D,House
M001092,10814,murphy,george,CA,R,Senate
M001114,6826,murray,thomas,TN,D,House
O000015,7003,o'brien,leo,NY,D,House
O000084,10612,olson,alec,MN,D,House
P000552,7637,prouty,winston,VT,R,Senate
R000003,10761,race,john,WI,D,House
R000107,10762,redlin,rolland,ND,D,House
R000282,7926,rivers,ralph,AK,D,House
R000404,8035,rogers,walter,TX,D,House
R000426,8051,roosevelt,james,CA,D,House
R000525,10819,russell,donald,SC,D,Senate
S000128,10769,schisler,darwin,IL,D,House
S000131,10770,schmidhauser,john,IA,D,House
S000184,8311,scott,ralph,NC,D,House
S000219,8341,secrest,robert,OH,D,House
S000243,10623,senner,george,AZ,D,House
S000401,10624,sickles,carlton,MD,D,House
S000554,8636,smith,howard,VA,D,House
S000782,10772,stalbaum,lynn,WI,D,House
S001103,10774,sweeney,robert,OH,D,House
T000156,9284,thomas,albert,TX,D,House
T000178,10792,thomas,lera,TX,D,House
T000198,9320,thompson,clark,TX,D,House
T000218,9339,thompson,theo,LA,D,House
T000294,10776,todd,paul,MI,D,House
T000297,9408,toll,herman,PA,D,House
T000373,9473,trimble,james,AR,D,House
T000411,10565,tupper,stanley,ME,R,House
T000436,10632,tuten,james,GA,D,House
T000445,10824,tydings,joseph,MD,D,Senate
V000109,10779,vivian,weston,MI,D,House
W000065,10781,walker,prentiss,MS,R,House
W000290,10636,weltner,charles,GA,D,House
W000362,10637,white,compton,ID,D,House
W000518,10163,williams,john,DE,R,Senate
Y000006,10414,yarborough,ralph,TX,D,Senate
Y000053,10454,young,stephen,OH,D,Senate
S000739,11206,spong,william,VA,D,Senate
A000161,142,allott,gordon,CO,R,Senate
A000186,165,anderson,clinton,NM,D,Senate
A000223,270,ashmore,robert,SC,D,House
B000201,486,bartlett,edward,AK,D,Senate
B000593,823,boggs,james,DE,R,Senate
B000607,837,bolton,frances,OH,R,House
C000758,2052,cooper,john,KY,R,Senate
C001014,2275,curtis,thomas,MO,R,House
E000112,2901,ellender,allen,LA,D,Senate
F000137,3158,fino,paul,NY,R,House
F000233,3246,fogarty,john,RI,D,House
G000055,11018,gardner,james,NC,R,House
G000098,3506,gathings,ezekiel,AR,D,House
H000081,3963,halleck,charles,IN,R,House
H000197,4064,hardy,porter,VA,D,House
H000237,10805,harris,fred,OK,D,Senate
H000278,4139,harrison,william,WY,R,House
H000530,4354,herlong,albert,FL,D,House
H000717,4518,holland,elmer,PA,D,House
I000039,4824,irwin,donald,CT,D,House
J000267,5073,jordan,benjamin,NC,D,Senate
J000269,10807,jordan,leonard,ID,R,Senate
K000013,5097,karsten,frank,MO,D,House
K000070,5148,kelly,edna,NY,D,House
K000196,5255,king,cecil,CA,D,House
K000318,10531,kornegay,horace,NC,D,House
K000343,10789,kupferman,theodore,NY,R,House
M000011,10752,machen,hervey,MD,D,House
M000730,10812,miller,jack,IA,R,Senate
M000892,6626,moore,arch,WV,R,House
M000990,6717,morris,thomas,NM,D,House
M001074,6792,multer,abraham,NY,D,House
M001078,6796,mundt,karl,SD,R,Senate
O000053,7041,o'hara,barratt,IL,D,House
P000405,,polanco-abreu,santiago,PR,O,House
P000426,10615,pool,joe,TX,D,House
R000164,10764,resnick,joseph,NY,D,House
R000187,7844,rhodes,george,PA,D,House
R000536,8138,russell,richard,GA,D,Senate
S000232,8353,selden,armistead,AL,D,House
S000560,11049,smith,james,OK,R,House
S000590,8666,smith,margaret,ME,R,Senate
T000128,10775,tenzer,herbert,NY,D,House
T000395,9494,tuck,william,VA,D,House
W000049,10780,walker,e.,NM,D,House
W000410,10060,whitener,basil,NC,D,House
W000517,10162,williams,john,MS,D,House
W000559,10201,willis,edwin,LA,D,House
Y000060,10461,younger,jesse,CA,R,House
C000721,12102,cook,marlow,KY,R,Senate
G000282,3670,goodell,charles,NY,R,Senate
A000024,18,adair,edwin,IN,R,House
A000062,52,aiken,george,VT,R,Senate
A000229,310,ayres,william,OH,R,House
B000239,518,bates,william,MA,R,House
B000241,10503,battin,james,MT,R,House
B000384,645,bennett,wallace,UT,R,Senate
B000416,672,berry,ellis,SD,R,House
B000436,688,bible,alan,NV,D,Senate
B001155,10576,burton,laurence,UT,R,House
B001201,11009,button,daniel,NY,R,House
C000019,1393,cahill,william,NJ,R,House
C000596,1911,cohelan,jeffery,CA,D,House
C000823,11010,cowger,william,KY,R,House
C000869,2143,cramer,william,FL,R,House
C000991,2255,cunningham,glenn,NE,R,House
D000001,2295,daddario,emilio,CT,D,House
D000158,2433,dawson,william,IL,D,House
D000239,11012,denney,robert,NE,R,House
D000409,10514,dominick,peter,CO,R,Senate
E000211,2987,ervin,samuel,NC,D,Senate
E000266,3028,everett,robert,TN,D,House
F000012,3054,fallon,george,MD,D,House
F000015,3056,farbstein,leonard,NY,D,House
F000060,3092,feighan,michael,OH,D,House
F000272,10584,foreman,edgar,NM,R,House
F000384,3374,friedel,samuel,MD,D,House
F000401,3388,fulbright,james,AR,D,Senate
G000175,3575,gilbert,jacob,NY,D,House
G000531,10593,gurney,edward,FL,R,Senate
H000922,12106,hughes,harold,IA,D,Senate
J000108,10529,joelson,charles,NJ,D,House
K000244,5301,kirwan,michael,OH,D,House
K000264,11024,kleppe,thomas,ND,R,House
L000024,5410,laird,melvin,WI,R,House
L000069,5451,langen,odin,MN,R,House
L000344,5694,lipscomb,glenard,CA,R,House
L000477,12021,lowenstein,allard,NY,D,House
M000010,10533,macgregor,clark,MN,R,House
M000148,10603,marsh,john,VA,D,House
M000273,6101,may,catherine,WA,R,House
M000318,10748,mccarthy,richard,NY,D,House
M000364,6177,mccormack,john,MA,D,House
M000530,12024,mckneally,martin,NY,R,House
M000667,11033,meskill,thomas,CT,R,House
M000832,10758,mize,chester,KS,R,House
M001104,6816,murphy,william,IL,D,House
O000090,10759,o'neal,maston,GA,D,House
O000083,10543,olsen,arnold,MT,D,House
P000303,7408,philbin,philip,MA,D,House
P000415,11039,pollock,howard,AK,R,House
P000477,7568,powell,adam,NY,D,House
R000152,10548,reifel,benjamin,SD,R,House
R000159,10763,reinecke,edwin,CA,R,House
R000280,7925,rivers,lucius,SC,D,House
R000389,8021,rogers,byron,CO,D,House
R000420,10765,ronan,daniel,IL,D,House
R000464,10552,roudebush,richard,IN,R,House
R000508,10622,rumsfeld,donald,IL,R,House
S000096,12108,saxbe,william,OH,R,Senate
S000108,10556,schadeberg,henry,WI,R,House
S000602,12110,smith,ralph,IL,R,Senate
S000769,10627,st. onge,william,CT,D,House
U000034,9578,utt,james,CA,R,House
W000192,10782,watkins,george,PA,R,House
W000197,10634,watson,albert,SC,R,House
W000671,12034,wold,john,WY,R,House
N000116,6939,nixon,richard,CA,R,Senate
A000002,2,abbitt,watkins,VA,D,House
A000016,13,abernethy,thomas,MS,D,House
A000203,10701,anderson,william,TN,D,House
A000205,13053,andrews,elizabeth,AL,D,House
A000206,195,andrews,george,AL,D,House
A000225,275,aspinall,wayne,CO,D,House
B000141,433,baring,walter,NV,D,House
B000272,12002,beall,john,MD,R,Senate
B000315,13006,begich,nicholas,AK,D,House
B000323,590,belcher,page,OK,R,House
B000426,680,betts,jackson,OH,R,House
B000548,11003,blanton,leonard,TN,D,House
B000594,824,boggs,thomas,LA,D,House
B000676,891,bow,frank,OH,R,House
B000851,10571,brock,william,TN,R,Senate
B001026,13100,buckley,james,NY,O,Senate
B001212,1368,byrne,james,PA,D,House
B001216,1371,byrnes,john,WI,R,House
C000002,10707,cabell,earle,TX,D,House
C000017,12005,caffery,patrick,LA,D,House
C000153,13054,carlson,cliffard,IL,R,House
C000264,1611,celler,emanuel,NY,D,House
C000645,1952,colmer,william,MS,D,House
C000702,13057,conover,william,PA,R,House
C000772,2065,corbett,robert,PA,R,House
C000997,13051,curlin,william,KY,D,House
C000775,,cordova diaz,jorge,PR,O,House
D000462,10718,dow,john,NY,D,House
D000467,2700,dowdy,john,TX,D,House
D000587,2804,dwyer,florence,NJ,R,House
E000054,2854,edmondson,edmond,OK,D,House
E000067,10787,edwards,edwin,LA,D,House
F000013,10804,fannin,paul,AZ,R,Senate
F000245,3255,fong,hiram,HI,R,Senate
F000422,3409,fulton,james,PA,R,House
G000015,11017,galifianakis,nick,NC,D,House
G000016,3433,gallagher,cornelius,NJ,D,House
G000034,13103,gambrell,david,GA,D,Senate
G000071,3480,garmatz,edward,MD,D,House
G000458,11065,griffin,charles,MS,D,House
H000010,10522,hagan,george,GA,D,House
H000049,10523,hall,durward,MO,R,House
H000085,3967,halpern,seymour,NY,R,House
H000291,4148,hart,philip,MI,D,Senate
H000297,4154,hartke,rupert,IN,D,Senate
H000566,13017,hicks,louise,MA,D,House
H000875,4660,hruska,roman,NE,R,Senate
H000947,4724,hull,william,MO,D,House
J000206,5019,jonas,charles,NC,R,House
K000038,10744,kee,james,WV,D,House
K000053,5131,keith,hastings,MA,R,House
K000351,5385,kyl,john,IA,R,House
L000240,5606,lennon,alton,NC,D,House
L000333,13022,link,arthur,ND,D,House
L000382,10600,lloyd,sherman,UT,R,House
L000429,10746,long,speedy,LA,D,House
M000113,5967,mansfield,michael,MT,D,Senate
M000393,6204,mcculloch,william,OH,R,House
M000410,11030,mcdonald,jack,MI,R,House
M000445,6249,mcgee,gale,WY,D,Senate
M000513,13028,mckevitt,james,CO,R,House
M000568,6353,mcmillan,john,SC,D,House
M000727,6483,miller,george,CA,D,House
M000847,6586,monagan,john,CT,D,House
M000876,6611,montoya,joseph,NM,D,Senate
M001009,10538,morse,frank,MA,R,House
M001021,10610,morton,rogers,MD,R,House
M001033,6754,moss,frank,UT,D,Senate
O000058,7046,o'konski,alvin,WI,R,House
P000100,7229,pastore,john,RI,D,Senate
P000196,7313,pelly,thomas,WA,R,House
P000366,7467,pirnie,alexander,NY,R,House
P000401,7500,poff,richard,VA,R,House
P000559,7642,pucinski,roman,IL,D,House
P000569,10546,purcell,graham,TX,D,House
R000143,10617,reid,charlotte,IL,R,House
R000562,10555,ryan,william,NY,D,House
S000133,12043,schmitz,john,CA,R,House
S000161,8288,schwengel,frederick,IA,R,House
S000174,8301,scott,hugh,PA,R,Senate
S000545,8628,smith,h.,CA,R,House
S000756,8814,springer,william,IL,R,House
S001136,9141,symington,william,MO,D,Senate
T000010,10630,taft,robert,OH,R,Senate
T000134,13044,terry,john,NY,R,House
T000217,11053,thompson,standish,GA,R,House
T000410,10777,tunney,john,CA,D,Senate
W000212,9882,watts,john,KY,D,House
W000320,9975,whalley,john,PA,R,House
E000068,13104,edwards,elaine,LA,D,Senate
A000017,13000,abourezk,james,SD,D,Senate
A000216,226,arends,leslie,IL,R,House
B000069,13005,baker,lamar,TN,R,House
B000200,14100,bartlett,dewey,OK,R,Senate
B000506,11002,blackburn,benjamin,GA,R,House
B000550,789,blatnik,john,MN,D,House
B000771,11004,brasco,frank,NY,D,House
B000778,986,bray,william,IN,R,House
B000871,11201,brooke,edward,MA,R,Senate
B000893,10572,brotzman,donald,CO,R,House
B000967,1154,broyhill,joel,VA,R,House
C000073,12006,camp,john,OK,R,House
C000143,10508,carey,hugh,NY,D,House
C000220,1569,case,clifford,NJ,R,Senate
C000275,1620,chamberlain,charles,MI,R,House
C000431,1763,clark,frank,PA,D,House
C000448,14102,clark,richard,IA,D,Senate
C000629,1941,collier,harold,IL,R,House
C000637,12045,collins,george,IL,D,House
C000925,14012,cronin,paul,MA,R,House
C001006,2267,curtis,carl,NE,R,Senate
D000102,2383,davis,glenn,WI,R,House
D000122,10512,davis,john,GA,D,House
D000220,11011,dellenback,john,OR,R,House
D000234,13012,denholm,frank,SD,D,House
D000241,12012,dennis,david,IN,R,House
D000419,2660,donohue,harold,MA,D,House
D000434,2672,dorn,william,SC,D,House
D000523,2752,dulski,thaddeus,NY,D,House
E000018,2822,eastland,james,MS,D,Senate
F000152,3171,fisher,ovie,TX,D,House
F000371,3364,frelinghuysen,peter,NJ,R,House
F000388,14014,froehlich,harold,WI,R,House
G000144,10728,gettys,thomas,SC,D,House
G000290,10521,goodling,george,PA,R,House
G000387,13016,grasso,ella,CT,D,House
G000407,3775,green,edith,OR,D,House
G000465,3824,griffin,robert,MI,R,Senate
G000471,3830,griffiths,martha,MI,D,House
G000495,3853,gross,harold,IA,R,House
G000504,10592,grover,james,NY,R,House
G000512,3867,gubser,charles,CA,R,House
G000528,14017,gunter,william,FL,D,House
H000164,10594,hanna,richard,CA,D,House
H000168,14019,hanrahan,robert,IL,R,House
H000170,11202,hansen,clifford,WY,R,Senate
H000174,4043,hansen,julia,WA,D,House
H000175,12016,hansen,orval,ID,R,House
H000306,10526,harvey,james,MI,R,House
H000317,14104,haskell,floyd,CO,D,Senate
H000346,10736,hathaway,william,ME,D,Senate
H000692,12018,hogan,lawrence,MD,R,House
H000713,4514,holifield,chester,CA,D,House
H000802,4592,hosmer,craig,CA,R,House
H000897,14023,huber,robert,MI,R,House
H000906,14024,hudnut,william,IN,R,House
H000972,11022,hunt,john,NJ,R,House
K000037,13019,keating,william,OH,R,House
K000195,10530,king,carleton,NY,R,House
K000348,11025,kuykendall,dan,TN,R,House
K000356,11027,kyros,peter,ME,D,House
L000049,12020,landgrebe,earl,IN,R,House
M000070,5929,mailliard,william,CA,R,House
M000078,13052,mallary,richard,VT,R,House
M000121,14034,maraziti,joseph,NJ,R,House
M000175,10534,martin,david,NE,R,House
M000242,11031,mathias,robert,CA,R,House
M000286,11032,mayne,wiley,IA,R,House
M000332,6151,mcclellan,john,AR,D,Senate
M000486,10810,mcintyre,thomas,NH,D,Senate
M000603,14032,mcspadden,clem,OK,D,House
M000671,6442,metcalf,lee,MT,D,Senate
M000779,13049,mills,william,MD,R,House
M000799,6548,minshall,william,OH,R,House
M000833,12026,mizell,wilmer,NC,R,House
M000851,10813,mondale,walter,MN,D,Senate
N000028,6860,nelsen,ancher,MN,R,House
P000166,10817,pearson,james,KS,R,Senate
P000399,11064,podell,bertram,NY,D,House
P000485,13034,powell,walter,OH,R,House
P000528,11062,price,robert,TX,R,House
R000065,11042,rarick,john,LA,D,House
R000150,10618,reid,ogden,NY,D,House
R000357,7995,robison,howard,NY,R,House
R000422,14047,roncallo,angelo,NY,R,House
R000424,8049,rooney,john,NY,D,House
R000484,13037,roy,william,KS,D,House
R000545,12028,ruth,earl,NC,R,House
S000045,11046,sandman,charles,NJ,R,House
S000102,8247,saylor,john,PA,R,House
S000121,11047,scherle,william,IA,R,House
S000189,11048,scott,william,VA,R,Senate
S000383,13041,shoup,richard,MT,R,House
S000548,10771,smith,henry,NY,R,House
S000701,8764,sparkman,john,AL,D,Senate
S000836,12047,steele,robert,CT,R,House
S001037,9056,stubblefield,frank,KY,D,House
T000109,9240,teague,charles,CA,R,House
T000233,10564,thomson,vernon,WI,R,House
T000265,11061,tiernan,robert,RI,D,House
T000321,14059,towell,david,NV,R,House
V000093,13046,veysey,victor,CA,R,House
W000035,10793,waldie,jerome,CA,D,House
W000147,12048,ware,john,PA,R,House
W000445,10091,widnall,william,NJ,R,House
W000525,11056,williams,lawrence,PA,R,House
W000778,10785,wyatt,wendell,OR,R,House
Y000035,14065,young,edward,SC,R,House
Y000052,14064,young,samuel,IL,R,House
Z000010,11059,zion,roger,IN,R,House
Z000016,11060,zwach,john,MN,R,House
W000782,10639,wyman,louis,NH,R,Senate
F000260,3268,ford,gerald,MI,R,House
A000018,13001,abzug,bella,NY,D,House
A000073,62,albert,carl,OK,D,House
A000127,12100,allen,james,AL,D,Senate
B000178,465,barrett,william,PA,D,House
B000254,10800,bayh,birch,IN,D,Senate
B000330,10505,bell,alphonzo,CA,R,House
B000351,12101,bellmon,henry,OK,R,Senate
B000362,,benitez,jaime,PR,O,House
B000451,11001,biester,edward,PA,R,House
C000228,1577,casey,robert,TX,D,House
C000388,1721,church,frank,ID,D,Senate
C000409,10510,clancy,donald,OH,R,House
C000682,14011,conlan,john,AZ,R,House
C000802,2087,cotton,norris,NH,R,Senate
C000979,10715,culver,john,IA,D,Senate
D000041,2329,daniels,dominick,NJ,D,House
D000474,2706,downing,thomas,VA,D,House
D000574,14310,durkin,john,NH,D,Senate
E000213,11015,esch,marvin,MI,R,House
E000214,11016,eshleman,edwin,PA,R,House
E000273,3034,evins,joseph,TN,D,House
F000424,10586,fulton,richard,TN,D,House
G000388,12105,gravel,maurice,AK,D,Senate
G000420,10591,green,william,PA,D,House
G000513,11019,gude,gilbert,MD,R,House
H000041,3929,haley,james,FL,D,House
H000073,14228,hall,tim,IL,D,House
H000327,12017,hastings,james,NY,R,House
H000392,14232,hayes,philip,IN,D,House
H000408,4247,hays,wayne,OH,D,House
H000438,4276,hechler,kenneth,WV,D,House
H000465,10737,helstoski,henry,NJ,D,House
H000479,10527,henderson,david,NC,D,House
H000563,10738,hicks,floyd,WA,D,House
H000638,14020,hinshaw,andrew,CA,R,House
H000851,14236,howe,allan,UT,D,House
H000965,10740,hungate,william,MO,D,House
H001011,10597,hutchinson,j.,MI,R,House
H000437,4275,hebert,felix,LA,D,House
J000057,4891,jarman,john,OK,R,House
J000064,4898,javits,jacob,NY,R,Senate
J000115,10598,johnson,albert,PA,R,House
J000248,5058,jones,robert,AL,D,House
K000014,5098,karth,joseph,MN,D,House
K000273,5326,kluczynski,john,IL,D,House
L000054,5436,landrum,phillip,GA,D,House
L000360,14030,litton,jerry,MO,D,House
M000005,5873,macdonald,torbert,MA,D,House
M000039,5900,madden,ray,IN,D,House
M000053,5913,magnuson,warren,WA,D,Senate
M000349,13025,mccollister,john,NE,R,House
M000452,6256,mcgovern,george,SD,D,Senate
M000686,14036,mezvinsky,edward,IA,D,House
M000778,6532,mills,wilbur,AR,D,House
M000956,14308,morgan,robert,NC,D,Senate
M000958,6685,morgan,thomas,PA,D,House
M001031,10539,mosher,charles,OH,R,House
N000033,10816,nelson,gaylord,WI,D,Senate
O000055,7043,o'hara,james,MI,D,House
P000098,7228,passman,otto,LA,D,House
P000103,7232,patman,john,TX,D,House
P000272,11038,pettis,jerry,CA,R,House
R000041,7717,randall,william,MO,D,House
R000134,10790,rees,thomas,CA,D,House
R000191,7847,ribicoff,abraham,CT,D,Senate
R000467,8084,roush,john,IN,D,House
S000135,8268,schneebeli,herman,PA,R,House
S000159,10557,schweiker,richard,PA,R,Senate
S000388,10559,shriver,garner,KS,R,House
S000803,13043,stanton,james,OH,D,House
S000841,14054,steelman,alan,TX,R,House
S000846,11050,steiger,sam,AZ,R,House
S000860,10563,stephens,robert,GA,D,House
S000890,13102,stevenson,adlai,IL,D,Senate
S000962,14309,stone,richard,FL,D,Senate
S001039,11052,stuckey,williamson,GA,D,House
S001057,9072,sullivan,leonor,MO,D,House
S001134,12031,symington,james,MO,D,House
T000022,10631,talcott,burt,CA,R,House
T000035,9174,talmadge,herman,GA,D,Senate
T000099,9230,taylor,roy,NC,D,House
V000029,14074,vander veen,richard,MI,D,House
V000098,10778,vigorito,joseph,PA,D,House
Y000047,10450,young,milton,ND,R,Senate
D000558,13014,du pont,pierre,DE,R,House
A000202,14513,anderson,wendell,MN,D,Senate
A000118,14286,allen,clifford,TN,D,House
A000177,14401,ammerman,joseph,PA,D,House
B000025,13004,badillo,herman,NY,D,House
B000408,13007,bergland,robert,MN,D,House
B000567,14207,blouin,michael,IA,D,House
B000788,14006,breckinridge,john,KY,D,House
B000917,11006,brown,garry,MI,R,House
B001091,11007,burke,j.,FL,R,House
B001092,1265,burke,james,MA,D,House
B001102,14008,burke,yvonne,CA,D,House
B001111,1282,burleson,omar,TX,D,House
B001209,10802,byrd,harry,VA,O,Senate
B001221,13008,byron,goodloe,MD,D,House
C000120,1482,cannon,howard,NV,D,Senate
C000137,14408,caputo,bruce,NY,R,House
C000164,12044,carney,charles,OH,D,House
C000263,1610,cederberg,elford,MI,R,House
C000476,10580,clawson,delwin,CA,R,House
C000782,14211,cornell,robert,WI,D,House
C000787,14412,cornwell,david,IN,D,House
C000992,14468,cunningham,john,WA,R,House
D000211,2476,delaney,james,NY,D,House
D000255,2513,dent,john,PA,D,House
E000096,11014,eilberg,joshua,PA,D,House
E000240,10723,evans,frank,CO,D,House
F000218,12014,flowers,walter,AL,D,House
F000229,3242,flynt,john,GA,D,House
F000350,10585,fraser,donald,MN,D,House
F000381,12015,frey,louis,FL,R,House
G000036,14420,gammage,robert,TX,D,House
H000166,14229,hannaford,mark,CA,D,House
H000230,12040,harrington,michael,MA,D,House
H000384,14504,hayakawa,samuel,CA,R,Senate
H000675,14514,hodges,kaneaster,AR,D,Senate
H000953,4728,humphrey,hubert,MN,D,Senate
J000266,14027,jordan,barbara,TX,D,House
K000153,14028,ketchum,william,CA,R,House
K000162,14244,keys,martha,KS,D,House
K000302,12019,koch,edward,NY,D,House
K000325,14246,krebs,john,CA,D,House
L000561,14433,lefante,joseph,NJ,D,House
L000221,10599,leggett,robert,CA,D,House
M000065,5924,mahon,george,TX,D,House
M000105,12023,mann,james,SC,D,House
M000436,6240,mcfall,john,CA,D,House
M000626,10756,meeds,lloyd,WA,D,House
M000675,13030,metcalfe,ralph,IL,D,House
M000685,14255,meyner,helen,NJ,D,House
M000708,14037,milford,dale,TX,D,House
M001035,6756,moss,john,CA,D,House
M001121,6831,muskie,edmund,ME,D,Senate
M001128,14261,myers,gary,PA,R,House
N000113,6936,nix,robert,PA,D,House
P000134,14267,pattison,edward,NY,D,House
P000273,14287,pettis,shirley,CA,R,House
P000348,10545,pike,otis,NY,D,House
P000398,7498,poage,william,TX,D,House
Q000010,7671,quie,albert,MN,R,House
R000268,14270,risenhoover,theodore,OK,D,House
R000401,8032,rogers,paul,FL,D,House
R000421,10766,roncalio,teno,WY,D,House
R000423,10620,rooney,frederick,PA,D,House
R000512,11045,ruppe,philip,MI,R,House
R000558,14049,ryan,leo,CA,D,House
S000062,14050,sarasin,ronald,CT,R,House
S000132,14510,schmitt,harrison,NM,R,Senate
S000367,8474,shipley,george,IL,D,House
S000406,8507,sikes,robert,FL,D,House
S000454,8549,sisk,bernice,CA,D,House
S000472,10625,skubitz,joe,KS,R,House
S000844,14452,steers,newton,MD,R,House
S000847,11051,steiger,william,WI,R,House
T000110,9241,teague,olin,TX,D,House
T000234,13045,thone,charles,NE,R,House
T000310,14455,tonry,richard,LA,D,House
T000400,14457,tucker,james,AR,D,House
W000018,10567,waggonner,joseph,LA,D,House
W000107,14061,walsh,william,NY,R,House
W000317,11054,whalen,charles,OH,R,House
W000448,11055,wiggins,charles,CA,R,House
W000502,10147,williams,harrison,NJ,D,Senate
Y000028,14063,young,andrew,GA,D,House
Y000043,10446,young,john,TX,D,House
A000139,14517,allen,maryon,AL,D,Senate
H000344,14515,hatfield,paul,MT,D,Senate
H000956,14516,humphrey,muriel,MN,D,Senate
S000907,14711,stewart,donald,AL,D,Senate
A000170,14200,ambro,jerome,NY,D,House
A000195,10501,anderson,john,IL,R,House
A000222,267,ashley,thomas,OH,D,House
B000063,11200,baker,howard,TN,R,Senate
B000083,14202,baldus,alvin,WI,D,House
B000244,14069,bauman,robert,MD,R,House
B000279,14204,beard,edward,RI,D,House
B000736,948,brademas,john,IN,D,House
B001008,10706,buchanan,john,AL,R,House
B001113,12004,burlison,william,MO,D,House
C000201,10710,carter,tim,KY,R,House
C000261,14409,cavanaugh,john,NE,D,House
C000512,10581,cleveland,james,NH,R,House
C000780,10511,corman,james,CA,D,House
D000125,13048,davis,mendel,SC,D,House
D000279,2533,devine,samuel,OH,R,House
D000344,2594,diggs,charles,MI,D,House
D000499,13013,drinan,robert,MA,D,House
D000537,10582,duncan,robert,OR,D,House
E000035,11013,eckhardt,robert,TX,D,House
E000254,,evans,melvin,VI,R,House
F000151,14215,fisher,joseph,VA,D,House
F000209,3224,flood,daniel,PA,D,House
G000151,3553,giaimo,robert,CT,D,House
G000515,14424,gudger,vonno,NC,D,House
H000158,10733,hanley,james,NY,D,House
H000241,14231,harris,herbert,VA,D,House
H000281,10525,harsha,william,OH,R,House
H000752,14022,holtzman,elizabeth,NY,D,House
H000905,14106,huddleston,walter,KY,D,Senate
H001013,14680,hutchinson,john,WV,D,House
I000001,10528,ichord,richard,MO,D,House
J000099,14241,jenrette,john,SC,D,House
J000101,14707,jepsen,roger,IA,R,Senate
J000135,4957,johnson,harold,CA,D,House
J000148,14025,johnson,james,CO,R,House
K000077,14243,kelly,richard,FL,R,House
L000167,14640,leach,anthony,LA,D,House
L000379,14250,lloyd,james,CA,D,House
M000058,14254,maguire,gene,NJ,D,House
M000244,13023,mathis,marvin,GA,D,House
M000365,13026,mccormack,mike,WA,D,House
M000433,10749,mcewen,robert,NY,R,House
M000490,13027,mckay,koln,UT,D,House
M000703,12025,mikva,abner,IL,D,House
M000930,6661,moorhead,william,PA,D,House
M001098,10611,murphy,john,NY,D,House
M001101,13032,murphy,morgan,IL,D,House
M001123,14678,musto,raphael,PA,D,House
M001132,14442,myers,michael,PA,D,House
N000019,10540,nedzi,lucien,MI,D,House
P000106,10613,patten,edward,NJ,D,House
P000222,11205,percy,charles,IL,R,Senate
P000520,12027,preyer,lunsford,NC,D,House
R000046,7722,randolph,jennings,WV,D,Senate
R000312,10550,roberts,herbert,TX,D,House
R000489,14676,royer,william,CA,R,House
R000510,13038,runnels,harold,NM,D,House
S000070,10767,satterfield,david,VA,D,House
S000217,12029,sebelius,keith,KS,R,House
S000473,8564,slack,john,WV,D,House
S000716,14278,spellman,gladys,MD,D,House
S000772,14663,stack,edward,FL,D,House
S000778,8824,staggers,harley,WV,D,House
S000829,8866,steed,thomas,OK,D,House
S000902,14665,stewart,bennett,IL,D,House
T000200,9322,thompson,frank,NJ,D,House
T000322,10823,tower,john,TX,R,Senate
T000362,14060,treen,david,LA,R,House
T000393,14279,tsongas,paul,MA,D,Senate
U000004,9551,ullman,albert,OR,D,House
V000024,10633,van deerlin,lionel,CA,D,House
V000047,9623,vanik,charles,OH,D,House
W000571,10640,wilson,charles,CA,D,House
W000610,10249,wilson,robert,CA,R,House
W000680,10784,wolff,lester,NY,D,House
W000777,14674,wyatt,joseph,TX,D,House
W000780,10638,wydler,john,NY,R,House
A000009,14000,abdnor,james,SD,R,Senate
A000208,10569,andrews,mark,ND,R,Senate
A000220,14878,ashbrook,jean,OH,R,House
A000221,10502,ashbrook,john,OH,R,House
A000329,14602,atkinson,eugene,PA,R,House
B000029,14003,bafalis,louis,FL,R,House
B000037,14603,bailey,donald,PA,D,House
B000047,14800,bailey,r.,MO,R,House
B000280,14004,beard,robin,TN,R,House
B000358,14801,benedict,cleveland,WV,R,House
B000363,14406,benjamin,adam,IN,D,House
B000472,10705,bingham,jonathan,NY,D,House
B000538,14206,blanchard,james,MI,D,House
B000605,835,bolling,richard,MO,D,House
B000682,14005,bowen,david,MS,D,House
B000839,11005,brinkley,jack,GA,D,House
B000862,14209,brodhead,william,MI,D,House
B000910,10786,brown,clarence,OH,R,House
B001080,14007,burgener,clair,CA,R,House
B001153,14076,burton,john,CA,D,House
B001182,13055,butler,manley,VA,R,House
C000158,14804,carman,gregory,NY,R,House
C000371,12008,chisholm,shirley,NY,D,House
C000475,10579,clausen,donald,CA,R,House
C000638,11066,collins,james,TX,R,House
C000799,13009,cotter,william,CT,D,House
C000845,14807,coyne,james,PA,R,House
D000037,14013,daniel,robert,VA,R,House
D000043,13010,danielson,george,CA,D,House
D000231,14811,denardis,lawrence,CT,R,House
D000183,14619,deckard,huey,IN,R,House
D000259,14901,denton,jeremiah,AL,R,Senate
D000269,2525,derwinski,edward,IL,R,House
D000446,14622,dougherty,charles,PA,R,House
D000548,14814,dunn,james,MI,R,House
E000004,12104,eagleton,thomas,MO,D,Senate
E000017,14903,east,john,NC,R,Senate
E000175,14218,emery,david,ME,R,House
E000198,14623,erdahl,arlen,MN,R,House
E000208,14416,ertel,allen,PA,D,House
E000233,14418,evans,billy,GA,D,House
E000239,14220,evans,david,IN,D,House
E000258,14417,evans,thomas,DE,R,House
F000040,14285,fary,john,IL,D,House
F000078,14221,fenwick,millicent,NJ,R,House
F000123,10517,findley,paul,IL,R,House
F000161,14222,fithian,floyd,IN,D,House
F000319,3321,fountain,lawrence,NC,D,House
G000226,14016,ginn,ronald,GA,D,House
G000267,3658,goldwater,barry,AZ,R,Senate
G000268,12037,goldwater,barry,CA,R,House
G000480,14630,grisham,wayne,CA,R,House
G000537,14018,guyer,tennyson,OH,R,House
H000012,14227,hagedorn,thomas,MN,R,House
H000287,14305,hart,gary,CO,D,Senate
H000374,14905,hawkins,paula,FL,R,Senate
H000440,11021,heckler,margaret,MA,R,House
H000641,14634,hinson,jon,MS,R,House
H000719,14235,holland,kenneth,SC,D,House
H000722,14426,hollenbeck,harold,NJ,R,House
J000074,14637,jeffries,james,KS,R,House
J000200,14836,johnston,walter,NC,R,House
L000148,14077,laxalt,paul,NV,R,Senate
L000547,14838,leboutillier,john,NY,R,House
L000187,14434,lederer,raymond,PA,D,House
L000192,14642,lee,gary,NY,R,House
L000428,5767,long,russell,LA,D,Senate
M000136,14436,marks,marc,PA,R,House
M000241,10535,mathias,charles,MD,R,Senate
M000257,14906,mattingly,mack,GA,R,Senate
M000260,14439,mattox,james,TX,D,House
M000340,10606,mcclory,robert,IL,R,House
M000343,11063,mccloskey,paul,CA,R,House
M000808,14038,mitchell,donald,NY,R,House
M000839,14258,moffett,anthony,CT,D,House
M000845,6584,mollohan,robert,WV,D,House
M001044,14260,mottl,ronald,OH,D,House
N000005,14848,napier,john,SC,R,House
N000027,14849,nelligan,james,PA,R,House
P000280,13033,peyser,peter,NY,D,House
R000012,11041,railsback,thomas,IL,R,House
R000165,7824,reuss,henry,WI,D,House
R000188,7845,rhodes,john,AZ,R,House
R000232,14269,richmond,frederick,NY,D,House
R000308,14851,roberts,clint,SD,R,House
R000469,10553,rousselot,john,CA,R,House
S000058,14272,santini,james,NV,D,House
S000282,14859,shamansky,robert,OH,D,House
S000514,14862,smith,albert,AL,R,House
S000579,14876,smith,joseph,PA,D,House
S000804,10773,stanton,john,OH,R,House
S000818,14865,staton,david,WV,R,House
S000935,14453,stockman,david,MI,R,House
W000121,9802,wampler,william,VA,R,House
W000235,14867,weber,edward,OH,R,House
W000390,10783,white,richard,TX,D,House
Z000002,14283,zeferetti,leo,NY,D,House
B000756,14911,brady,nicholas,NJ,R,Senate
A000076,14600,albosta,donald,MI,D,House
A000207,14001,andrews,ike,NC,D,House
B000422,14606,bethune,edwin,AR,R,House
B000845,15012,britt,charles,NC,D,House
B001156,10577,burton,phillip,CA,D,House
C000356,13101,chiles,lawton,FL,D,Senate
C000666,10712,conable,barber,NY,R,House
C000773,14411,corcoran,thomas,IL,R,House
C000788,,corrada-del rio,baltasar,PR,O,House
C000871,14615,crane,daniel,IL,R,House
D000017,14284,d'amours,norman,NH,D,House
E000084,10721,edwards,william,AL,R,House
E000204,10722,erlenborn,john,IL,R,House
E000236,14916,evans,daniel,WA,R,Senate
F000088,14625,ferraro,geraldine,NY,D,House
F000286,12046,forsythe,edwin,NJ,R,House
H000058,14880,hall,katie,IN,D,House
H000144,14633,hance,kent,TX,D,House
H000171,10734,hansen,george,ID,R,House
H000269,15027,harrison,frank,PA,D,House
H000439,14913,hecht,jacob,NV,R,Senate
H000582,14234,hightower,jack,TX,D,House
J000013,4851,jackson,henry,WA,D,Senate
K000025,11023,kazen,abraham,TX,D,House
K000304,14638,kogovsek,raymond,CO,D,House
L000265,14249,levitas,elliott,GA,D,House
L000413,10601,long,clarence,MD,D,House
M000143,14438,marriott,david,UT,R,House
M000183,14035,martin,james,NC,R,House
M000413,14252,mcdonald,lawrence,GA,D,House
M000589,15043,mcnulty,james,AZ,D,House
M000635,12039,melcher,john,MT,D,Senate
M000796,10609,minish,joseph,NJ,D,House
O000134,10760,ottinger,richard,NY,D,House
P000104,14850,patman,william,TX,D,House
P000121,14266,patterson,jerry,CA,D,House
P000230,7343,perkins,carl,KY,D,House
P000546,14044,pritchard,joel,WA,R,House
P000553,7638,proxmire,william,WI,D,Senate
R000067,14653,ratchford,william,CT,D,House
R000337,13036,robinson,james,VA,R,House
R000442,10551,rosenthal,benjamin,NY,D,House
S000087,14450,sawyer,harold,MI,R,House
S000286,14658,shannon,james,MA,D,House
S000776,10562,stafford,robert,VT,R,Senate
S000852,8883,stennis,john,MS,D,Senate
T000367,14456,trible,paul,VA,R,Senate
V000026,15074,vandergriff,tommy,TX,D,House
W000180,14866,washington,harold,IL,D,House
W000253,12032,weicker,lowell,CT,R,Senate
W000528,14671,williams,lyle,OH,R,House
W000636,11057,winn,edward,KS,R,House
W000686,,won pat,antonio,GU,D,House
Z000001,10463,zablocki,clement,WI,D,House
Z000013,14512,zorinsky,edward,NE,D,Senate
A000052,10500,addabbo,joseph,NY,D,House
A000219,14002,armstrong,william,CO,R,Senate
B000160,14604,barnes,michael,MD,D,House
B000298,14205,bedell,berkley,IA,D,House
B000647,14701,boschwitz,rudolph,MN,R,Senate
C000079,14609,campbell,carroll,SC,R,House
C000165,14610,carney,william,NY,R,House
C000322,14805,chappie,eugene,CA,R,House
C000555,15091,cobey,william,NC,R,House
E000033,15097,eckert,fred,NY,R,House
E000043,14217,edgar,robert,PA,D,House
E000259,14820,evans,thomas,IA,R,House
F000102,14821,fiedler,bobbi,CA,R,House
F000347,15025,franklin,william,MS,R,House
F000430,10587,fuqua,don,FL,D,House
G000499,15102,grotberg,john,IL,R,House
H000070,14291,hall,sam,TX,D,House
H000302,14830,hartnett,thomas,SC,R,House
H000449,14425,heftel,cecil,HI,D,House
H000490,14832,hendon,william,NC,R,House
H000624,13018,hillis,elwood,IN,R,House
H000747,14021,holt,marjorie,MD,R,House
H000951,14706,humphrey,gordon,NH,R,Senate
J000232,14026,jones,james,OK,D,House
K000190,14245,kindness,thomas,OH,R,House
K000322,14639,kramer,kenneth,CO,R,House
L000396,14645,loeffler,thomas,TX,R,House
L000411,15128,long,catherine,LA,D,House
L000417,10602,long,gillis,LA,D,House
L000516,14289,lundine,stanley,NY,D,House
M000346,11029,mcclure,james,ID,R,Senate
M000512,15042,mckernan,john,ME,R,House
M000826,13031,mitchell,parren,MD,D,House
M000860,15111,monson,david,UT,R,House
M000923,14259,moore,william,LA,R,House
O000010,14041,o'brien,george,IL,R,House
O000098,7081,o'neill,thomas,MA,D,House
R000495,14449,rudd,eldon,AZ,R,House
S000230,13040,seiberling,john,OH,D,House
S000409,14872,siljander,mark,MI,R,House
S000669,10626,snyder,marion,KY,R,House
S000991,15118,strang,michael,CO,R,House
W000038,15244,waldon,alton,NY,D,House
W000227,14281,weaver,james,OR,D,House
W000406,12033,whitehurst,george,VA,R,House
W000419,14464,whitley,charles,NC,D,House
Y000051,14465,young,robert,MO,D,House
Z000014,15078,zschau,edwin,CA,R,House
S000055,15504,sanford,james,NC,D,Senate
B000966,10574,broyhill,james,NC,R,Senate
A000031,10700,adams,brockman,WA,D,Senate
B000024,14403,badham,robert,CA,R,House
B000432,12003,biaggi,mario,NY,D,House
B000600,830,boland,edward,MA,D,House
B000615,14607,boner,william,TN,D,House
B000620,14208,bonker,don,WA,D,House
B000666,15087,boulter,eldon,TX,R,House
B001158,15080,burton,sala,CA,D,House
C000321,12007,chappell,william,FL,D,House
C000877,12103,cranston,alan,CA,D,Senate
D000038,12011,daniel,wilbur,VA,D,House
D000065,14810,daub,harold,NE,R,House
D000106,15409,davis,jack,IL,R,House
D000359,15095,dioguardi,joseph,NY,R,House
D000366,14902,dixon,alan,IL,D,Senate
D000466,14874,dowdy,charles,MS,D,House
D000534,10719,duncan,john,TN,R,House
F000329,14467,fowler,wyche,GA,D,Senate
G000072,14303,garn,edwin,UT,R,Senate
G000400,15101,gray,kenneth,IL,D,House
H000840,10739,howard,james,NJ,D,House
J000216,12038,jones,ed,TN,D,House
K000011,15505,karnes,david,NE,R,Senate
K000019,14242,kasten,robert,WI,R,Senate
K000086,13020,kemp,jack,NY,R,House
K000309,15428,konnyu,ernest,CA,R,House
L000116,5495,latta,delbert,OH,R,House
L000486,14646,lowry,michael,WA,D,House
L000506,12022,lujan,manuel,NM,R,House
M000023,15038,mackay,kenneth,FL,D,House
M000527,13029,mckinney,stewart,CT,R,House
M000688,14648,mica,daniel,FL,D,House
N000095,11037,nichols,william,AL,D,House
P000522,7610,price,charles,IL,D,House
Q000007,14447,quayle,james,IN,R,Senate
R000374,8010,rodino,peter,NJ,D,House
R000384,14853,roemer,charles,LA,D,House
R000497,14909,rudman,warren,NH,R,Senate
S000762,10561,st. germain,fernand,RI,D,House
S000997,9017,stratton,samuel,NY,D,House
S001077,,sunia,fofo,AS,D,House
S001101,15119,sweeney,david,TX,R,House
S001122,15120,swindall,patrick,GA,R,House
S001138,14056,symms,steven,ID,R,Senate
T000075,14057,taylor,gene,MO,R,House
W000647,14282,wirth,timothy,CO,D,Senate
W000752,14870,wortley,george,NY,R,House
B000236,15004,bates,jim,CA,D,House
B000401,660,bentsen,lloyd,TX,D,Senate
B000592,14067,boggs,corinne,LA,D,House
B000648,15009,bosco,douglas,CA,D,House
B000798,15404,brennan,joseph,ME,D,House
B001036,15405,buechner,john,MO,R,House
B001077,1252,burdick,quentin,ND,D,Senate
C000344,14611,cheney,richard,WY,R,House
C000462,15017,clarke,james,NC,D,House
C000581,14613,coelho,anthony,CA,D,House
C000809,14614,courter,james,NJ,R,House
C000919,14681,crockett,george,MI,D,House
D000030,14501,danforth,john,MO,R,Senate
D000185,14502,deconcini,dennis,AZ,D,Senate
D000451,15602,douglas,charles,NH,R,House
D000566,14703,durenberger,david,MN,R,Senate
D000593,14817,dyson,royden,MD,D,House
F000046,,fauntroy,walter,DC,D,House
F000208,14419,flippo,ronnie,AL,D,House
F000215,14223,florio,james,NJ,D,House
F000380,13015,frenzel,william,MN,R,House
G000047,14470,garcia,robert,NY,D,House
G000382,15415,grant,james,FL,R,House
H000367,10595,hawkins,augustus,CA,D,House
H000456,13050,heinz,henry,PA,R,Senate
H000586,14834,hiler,john,IN,R,House
K000020,5101,kastenmeier,robert,WI,D,House
L000180,14641,leath,james,TX,D,House
L000237,14643,leland,george,TX,D,House
L000508,14070,luken,thomas,OH,D,House
L000509,11028,lukens,donald,OH,R,House
M000195,14841,martin,lynn,IL,R,House
M000250,10605,matsunaga,spark,HI,D,Senate
M000678,14073,metzenbaum,howard,OH,D,Senate
M000811,14713,mitchell,george,ME,D,Senate
M000842,14846,molinari,guy,NY,R,House
M000992,15045,morrison,bruce,CT,D,House
N000106,15047,nielson,howard,UT,R,House
P000080,14043,parris,stanford,VA,R,House
P000097,14652,pashayan,charles,CA,R,House
P000218,7333,pepper,claude,FL,D,House
R000249,11043,riegle,donald,MI,D,Senate
R000354,15122,robinson,tommy,AR,R,House
R000482,15123,rowland,john,CT,R,House
S000014,15441,saiki,patricia,HI,R,House
S000068,14509,sasser,james,TN,D,Senate
S000136,14857,schneider,claudine,RI,R,House
S000143,15114,schuette,bill,MI,R,House
S000393,14660,shumway,norman,CA,R,House
S000527,14864,smith,dennis,OR,R,House
S000584,15625,smith,larkin,MS,R,House
S000601,15626,smith,peter,VT,R,House
S000622,14276,smith,virginia,NE,R,House
S000795,14466,stangeland,arlan,MN,R,House
T000053,14668,tauke,thomas,IA,R,House
W000044,14460,walgren,douglas,PA,D,House
W000092,14511,wallop,malcolm,WY,R,Senate
W000426,14670,whittaker,robert,KS,R,House
W000607,14915,wilson,pete,CA,R,Senate
W000763,10391,wright,james,TX,D,House
B001166,11008,bush,george,TX,R,House
A000103,12000,alexander,william,AR,D,House
A000189,12001,anderson,glenn,CA,D,House
A000212,10703,annunzio,frank,IL,D,House
A000213,14601,anthony,beryl,AR,D,House
A000226,15084,atkins,chester,MA,D,House
A000337,14201,aucoin,les,OR,D,House
B000153,14404,barnard,druie,GA,D,House
B000204,15002,bartlett,harry,TX,R,House
B000371,633,bennett,charles,FL,D,House
B000551,,blaz,ben,GU,R,House
B000639,14700,boren,david,OK,D,Senate
B001225,14702,bradley,william,NJ,D,Senate
B000890,1087,broomfield,william,MI,R,House
B000919,14803,brown,george,CO,R,Senate
B000971,15088,bruce,terry,IL,D,House
B001172,15089,bustamante,albert,TX,D,House
B001220,14608,byron,beverly,MD,D,House
C000293,15016,chandler,rodney,WA,R,House
C000598,14010,cohen,william,ME,R,Senate
C000618,14410,coleman,earl,MO,R,House
C000646,,colorado,antonio,PR,D,House
C000709,2009,conte,silvio,MA,R,House
C000807,12010,coughlin,robert,PA,R,House
C000836,29116,cox,john,IL,D,House
D000044,14616,dannemeyer,william,CA,R,House
D000131,14618,davis,robert,MI,R,House
D000326,10717,dickinson,william,AL,R,House
D000416,14621,donnelly,brian,MA,D,House
D000471,14214,downey,thomas,NY,D,House
D000586,14815,dwyer,bernard,NJ,D,House
D000592,14816,dymally,mervyn,CA,D,House
E000013,14216,early,joseph,MA,D,House
E000031,14818,eckart,dennis,OH,D,House
E000077,14415,edwards,marvin,OK,R,House
E000201,15022,erdreich,ben,AL,D,House
E000284,14704,exon,j.,NE,D,Senate
F000041,3078,fascell,dante,FL,D,House
F000059,15024,feighan,edward,OH,D,House
F000435,,fuster,jaime,PR,D,House
G000105,11067,gaydos,joseph,PA,D,House
G000321,14423,gore,albert,TN,D,Senate
G000402,14629,gray,william,PA,D,House
G000417,14471,green,sedgwick,NY,R,House
G000511,14631,guarini,frank,NJ,D,House
H000124,11020,hammerschmidt,john,AR,R,House
H000236,15416,harris,claude,AL,D,House
H000340,14831,hatcher,charles,GA,D,House
H000343,11203,hatfield,mark,OR,R,Senate
H000388,15079,hayes,charles,IL,D,House
H000445,14705,heflin,howell,AL,D,Senate
H000547,14833,hertel,dennis,MI,D,House
H000729,15422,holloway,clyde,LA,R,House
H000776,14635,hopkins,larry,KY,R,House
H000788,29128,horn,joan,MO,D,House
H000797,10596,horton,frank,NY,R,House
H000878,14237,hubbard,carroll,KY,D,House
H000901,14427,huckaby,thomas,LA,D,House
I000029,14428,ireland,andrew,FL,R,House
J000047,15608,james,craig,FL,R,House
J000083,14429,jenkins,edgar,GA,D,House
J000189,14107,johnston,john,LA,D,Senate
J000211,95120,jones,ben,GA,D,House
J000256,10788,jones,walter,NC,D,House
J000265,15426,jontz,james,IN,D,House
K000017,14708,kassebaum,nancy,KS,R,Senate
K000307,15031,kolter,joseph,PA,D,House
K000319,14431,kostmayer,peter,PA,D,House
L000020,14071,lagomarsino,robert,CA,R,House
L000226,14029,lehman,william,FL,D,House
L000243,13021,lent,norman,NY,O,House
L000264,15034,levine,meldon,CA,D,House
L000479,14839,lowery,william,CA,R,House
L000507,15823,luken,charles,OH,D,House
M000041,14033,madigan,edward,IL,R,House
M000139,14437,marlenee,ronald,MT,R,House
M000174,14840,martin,david,NY,R,House
M000264,14650,mavroules,nicholas,MA,D,House
M000432,14844,mcewen,bob,OH,R,House
M000458,14845,mcgrath,raymond,NY,R,House
M000473,14253,mchugh,matthew,NY,D,House
M000573,15432,mcmillen,charles,MD,D,House
M000718,11034,miller,clarence,OH,R,House
M000736,15110,miller,john,WA,R,House
M000881,15044,moody,jim,WI,D,House
M000999,14847,morrison,sidney,WA,R,House
M001057,15046,mrazek,robert,NY,D,House
N000003,15435,nagle,david,IA,D,House
N000094,29119,nichols,richard,KS,R,House
N000163,14264,nowak,henry,NY,D,House
N000171,14108,nunn,samuel,GA,D,Senate
O000001,14443,oakar,mary,OH,D,House
O000069,15048,olin,james,VA,D,House
O000156,14042,owens,douglas,UT,D,House
P000112,15171,patterson,elizabeth,SC,D,House
P000170,14445,pease,donald,OH,D,House
P000193,10818,pell,claiborne,RI,D,Senate
P000229,15228,perkins,carl,KY,D,House
P000513,14268,pressler,larry,SD,R,Senate
P000556,10791,pryor,david,AR,D,Senate
P000574,14446,pursell,carl,MI,R,House
R000080,15053,ray,richard,GA,D,House
R000189,15440,rhodes,john,AZ,R,House
R000262,14046,rinaldo,matthew,NJ,R,House
R000277,14654,ritter,donald,PA,R,House
R000383,12042,roe,robert,NJ,D,House
R000485,10621,roybal,edward,CA,D,House
R000543,14271,russo,martin,IL,D,House
S000081,14856,savage,gus,IL,D,House
S000124,10768,scheuer,james,NY,O,House
S000146,14273,schulze,richard,PA,R,House
S000269,49100,seymour,john,CA,R,Senate
S000407,15059,sikorski,gerald,MN,D,House
S000423,14275,simon,paul,IL,D,Senate
S000429,14710,simpson,alan,WY,R,Senate
S000479,15115,slaughter,daniel,VA,R,House
S000586,15062,smith,lawrence,FL,D,House
S000673,14277,solarz,stephen,NY,D,House
S000779,15065,staggers,harley,WV,D,House
S000785,15117,stallings,richard,ID,D,House
T000034,15068,tallon,robert,SC,D,House
T000184,15069,thomas,robert,GA,D,House
T000356,14075,traxler,jerome,MI,D,House
U000001,10566,udall,morris,AZ,D,House
V000027,10794,vander jagt,guy,MI,R,House
W000237,14868,weber,john,MN,R,House
W000258,14463,weiss,theodore,NY,D,House
W000665,49104,wofford,harris,PA,D,Senate
W000682,14673,wolpe,howard,MI,D,House
W000781,11058,wylie,chalmers,OH,R,House
Y000014,12035,yatron,gus,PA,D,House
B001076,,burdick,jocelyn,ND,D,Senate
A000209,15001,andrews,michael,TX,D,House
A000211,29121,andrews,thomas,ME,D,House
A000214,14402,applegate,douglas,OH,D,House
A000224,13003,aspin,leslie,WI,D,House
B000008,29112,bacchus,james,FL,D,House
B001226,39314,barca,peter,WI,D,House
B000151,29351,barlow,thomas,KY,D,House
B000392,15086,bentley,helen,MD,R,House
B000462,15403,bilbray,james,NV,D,House
B000517,29140,blackwell,lucien,PA,D,House
B000880,1077,brooks,jack,TX,D,House
B001057,14300,bumpers,dale,AR,D,Senate
B001213,39309,byrne,leslie,VA,D,House
C000178,14210,carr,milton,MI,D,House
C000767,29303,coppersmith,samuel,AZ,D,House
D000018,14900,d'amato,alfonse,NY,R,Senate
D000051,15081,darden,george,GA,D,House
D000267,14212,derrick,butler,SC,D,House
D000401,10513,dole,robert,KS,R,Senate
E000064,10583,edwards,william,CA,D,House
E000184,14219,english,glenn,OK,D,House
E000186,29304,english,karan,AZ,D,House
E000218,15411,espy,albert,MS,D,House
F000437,49304,faircloth,duncan,NC,R,Senate
F000128,29391,fingerhut,eric,OH,D,House
F000141,12013,fish,hamilton,NY,R,House
F000239,10726,foley,thomas,WA,D,House
F000268,14302,ford,wendell,KY,D,Senate
F000270,10727,ford,william,MI,D,House
G000025,15099,gallo,dean,NJ,R,House
G000236,14304,glenn,john,OH,D,Senate
G000240,14422,glickman,daniel,KS,D,House
G000349,14225,gradison,willis,OH,R,House
G000371,15414,grandy,frederick,IA,R,House
H000096,29308,hamburg,daniel,CA,D,House
H000514,15103,henry,paul,MI,R,House
H000652,15607,hoagland,peter,NE,D,House
H000670,15421,hochbrueckner,george,NY,D,House
H000912,29314,huffington,michael,CA,R,House
H000930,14238,hughes,william,NJ,D,House
H001018,14636,hutto,earl,FL,D,House
J000120,29343,johnson,clete,GA,D,House
K000088,49302,kempthorne,dirk,ID,R,Senate
K000262,29372,klein,herbert,NJ,D,House
K000312,29139,kopetski,michael,OR,D,House
K000328,39313,kreidler,myron,WA,D,House
K000333,14247,krueger,robert,TX,D,Senate
L000098,29114,larocco,larry,ID,D,House
L000045,15430,lancaster,h.,NC,D,House
L000225,15032,lehman,richard,CA,D,House
L000267,29376,levy,david,NY,R,House
L000295,15035,lewis,thomas,FL,R,House
L000381,14251,lloyd,marilyn,TN,D,House
L000420,15631,long thompson,jill,IN,D,House
M000015,15615,machtley,ronald,RI,R,House
M000100,29385,mann,david,OH,D,House
M000129,29398,margolies-mezvinsky,marjorie,PA,D,House
M000236,49305,mathews,harlan,TN,D,Senate
M000291,13024,mazzoli,romano,KY,D,House
M000306,15040,mccandless,alfred,CA,R,House
M000342,15041,mccloskey,francis,IN,D,House
M000398,14843,mccurdy,david,OK,D,House
M000566,15108,mcmillan,john,NC,R,House
M000692,6455,michel,robert,IL,R,House
M001025,49303,moseley braun,carol,IL,D,Senate
M001088,14441,murphy,austin,PA,D,House
N000009,6845,natcher,william,KY,D,House
N000016,14262,neal,stephen,NC,D,House
P000009,12107,packwood,robert,OR,R,Senate
P000047,14444,panetta,leon,CA,D,House
P000215,15052,penny,timothy,MN,D,House
P000328,10614,pickle,james,TX,D,House
R000072,15439,ravenel,arthur,SC,R,House
R000243,15056,ridge,thomas,PA,R,House
R000458,8080,rostenkowski,daniel,IL,D,House
R000481,15057,rowland,james,GA,D,House
S000056,15622,sangmeister,george,IL,D,House
S000066,15623,sarpalius,william,TX,D,House
S000119,29324,schenk,lynn,CA,D,House
S000294,14274,sharp,philip,IN,D,House
S000332,39306,shepherd,karen,UT,D,House
S000477,15061,slattery,james,KS,D,House
S000596,8672,smith,neal,IA,D,House
S001075,15066,sundquist,donald,TN,R,House
S001113,29131,swett,richard,NH,D,House
S001115,14666,swift,allan,WA,D,House
S001139,14667,synar,michael,OK,D,House
U000017,15629,unsoeld,jolene,WA,D,House
V000006,15073,valentine,itimous,NC,D,House
W000177,29145,washington,craig,TX,D,House
W000326,15076,wheat,alan,MO,D,House
W000428,10075,whitten,jamie,MS,D,House
D000209,,de lugo,ron,VI,D,House
A000355,49500,abraham,spencer,MI,R,Senate
A000356,49501,ashcroft,john,MO,R,Senate
B000078,29310,baker,william,CA,R,House
B000318,14405,beilenson,anthony,CA,D,House
B000431,11000,bevill,tom,AL,D,House
B000576,29357,blute,peter,MA,R,House
B000817,29138,brewster,william,OK,D,House
B000897,15632,browder,john,AL,D,House
B000993,15700,bryan,richard,NV,D,Senate
B000997,15013,bryant,john,TX,D,House
B001063,29558,bunn,jim,OR,R,House
C000269,14500,chafee,john,RI,R,Senate
C000312,15129,chapman,jim,TX,D,House
C000385,29530,chrysler,dick,MI,R,House
C000523,14612,clinger,william,PA,R,House
C000621,15018,coleman,ronald,TX,D,House
C000633,29125,collins,barbara-rose,MI,D,House
C000634,14068,collins,cardiss,IL,D,House
C000737,29557,cooley,wes,OR,R,House
C000903,29551,cremeans,frank,OH,R,House
D000435,14414,dornan,robert,CA,R,House
E000174,14819,emerson,norvell,MO,R,House
F000111,14822,fields,jack,TX,R,House
F000187,29515,flanagan,michael,IL,R,House
F000261,14224,ford,harold,TN,D,House
F000348,29110,franks,gary,CT,R,House
F000351,,frazer,victor,VI,O,House
F000387,29543,frisa,dan,NY,R,House
F000426,29545,funderburk,david,NC,R,House
G000134,15636,geren,preston,TX,D,House
G000153,10588,gibbons,sam,FL,D,House
G000333,14904,gorton,t.,WA,R,Senate
G000367,29367,grams,rod,MN,R,Senate
G000524,14827,gunderson,steven,WI,R,House
H000151,15606,hancock,melton,MO,R,House
H000390,15418,hayes,james,LA,R,House
H000452,29547,heineman,fred,NC,R,House
H000707,29388,hoke,martin,OH,R,House
J000033,10742,jacobs,andrew,IN,D,House
J000187,15609,johnston,harry,FL,D,House
K000146,15702,kerrey,j.,NE,D,Senate
L000119,15611,laughlin,gregory,TX,R,House
L000305,15106,lightfoot,james,IA,R,House
L000431,29527,longley,james,ME,R,House
M000019,15037,mack,connie,FL,R,Senate
M000207,29540,martini,william,NJ,R,House
M000684,15109,meyers,jan,KS,R,House
M000794,14257,mineta,norman,CA,D,House
M000865,11035,montgomery,gillespie,MS,D,House
M000926,14040,moorhead,carlos,CA,R,House
M001054,14508,moynihan,daniel,NY,D,Senate
M001130,11036,myers,john,IN,R,House
O000108,29146,orton,william,UT,D,House
P000152,15452,payne,lewis,VA,D,House
P000259,29111,peterson,douglas,FL,D,House
Q000013,10616,quillen,james,TN,R,House
R000178,29347,reynolds,mel,IL,D,House
R000295,15705,robb,charles,VA,D,Senate
R000436,14048,rose,charles,NC,D,House
R000459,14655,roth,toby,WI,R,House
R000460,11044,roth,william,DE,R,Senate
S000142,14051,schroeder,patricia,CO,D,House
S000213,29506,seastrand,andrea,CA,R,House
S001040,14055,studds,gerry,MA,D,House
T000048,29582,tate,randy,WA,R,House
T000243,14058,thornton,raymond,AR,D,House
T000314,29359,torkildsen,peter,MA,R,House
T000405,29319,tucker,walter,CA,D,House
V000112,14459,volkmer,harold,MO,D,House
V000124,15075,vucanovich,barbara,NV,R,House
G000408,29575,greene waldholtz,enid,UT,R,House
W000068,14461,walker,robert,PA,R,House
W000139,29526,ward,michael,KY,D,House
W000520,14672,williams,john,MT,D,House
W000570,14062,wilson,charles,TX,D,House
Z000004,29130,zeliff,william,NH,R,House
Z000008,29133,zimmer,richard,NJ,R,House
D000203,10716,de la garza,eligio,TX,D,House
F000438,49504,frahm,sheila,KS,R,Senate
B000028,29353,baesler,henry,KY,D,House
B000622,29507,bono,sonny,CA,R,House
C000134,29706,capps,walter,CA,D,House
C000377,29536,christensen,jon,NE,R,House
C001034,49701,cleland,j.,GA,D,Senate
D000222,13011,dellums,ronald,CA,D,House
F000049,15098,fawell,harris,IL,R,House
F000053,14624,fazio,victor,CA,D,House
F000184,15412,flake,floyd,NY,D,House
F000235,14823,foglietta,thomas,PA,D,House
F000332,29560,fox,jon,PA,R,House
F000434,29394,furse,elizabeth,OR,D,House
G000225,14627,gingrich,newton,GA,R,House
G000272,10520,gonzalez,henry,TX,D,House
G000365,14628,gramm,phil,TX,R,Senate
H000114,10732,hamilton,lee,IN,D,House
H000448,14233,hefner,willie,NC,D,House
H000463,14105,helms,jesse,NC,R,Senate
H001015,29306,hutchinson,tim,AR,R,Senate
J000149,29770,johnson,jay,WI,D,House
K000110,15427,kennedy,joseph,MA,D,House
K000118,14877,kennelly,barbara,CT,D,House
K000181,29322,kim,jay,CA,R,House
K000274,29150,klug,scott,WI,R,House
M000117,15107,manton,thomas,NY,D,House
M000399,10607,mcdade,joseph,PA,R,House
M000466,29399,mchale,paul,PA,D,House
M000843,15639,molinari,susan,NY,R,House
N000054,29583,neumann,mark,WI,R,House
P000049,29743,pappas,michael,NJ,R,House
P000066,15617,parker,michael,MS,R,House
P000148,15618,paxon,l.,NY,R,House
P000452,15620,poshard,glenn,IL,D,House
R000567,29772,redmond,william,NM,R,House
R000229,15055,richardson,william,NM,D,House
R000252,29103,riggs,frank,CA,R,House
R000417,,romero-barcelo,carlos,PR,D,House
S000109,15058,schaefer,daniel,CO,R,House
S000125,15624,schiff,steven,NM,R,House
S000462,15443,skaggs,david,CO,D,House
S000606,15116,smith,robert,NH,R,Senate
S000587,,smith,linda,WA,R,House
S000607,15063,smith,robert,OR,R,House
S000662,29724,snowbarger,vincent,KS,R,House
S000675,14662,solomon,gerald,NY,R,House
S000948,12030,stokes,louis,OH,D,House
T000113,39303,tejeda,frank,TX,D,House
T000457,49503,thompson,fred,TN,R,Senate
T000254,9369,thurmond,j.,SC,R,Senate
T000316,15070,torres,esteban,CA,D,House
T000317,15071,torricelli,robert,NJ,D,Senate
W000288,49101,wellstone,paul,MN,D,Senate
W000391,29577,white,richard,WA,R,House
Y000013,10421,yates,sidney,IL,D,House
A000215,13002,archer,bill,TX,R,House
B000179,29129,barrett,bill,NE,R,House
B000229,15003,bateman,herbert,VA,R,House
B000556,14802,bliley,tom,VA,R,House
B000780,13056,breaux,john,LA,D,Senate
B000918,10573,brown,george,CA,D,House
C000077,15407,campbell,ben,CO,R,Senate
C000100,15600,campbell,tom,CA,R,House
C000107,29332,canady,charles,FL,R,House
C000345,29514,chenoweth-hage,helen,ID,R,House
C000488,12009,clay,william,MO,D,House
C000722,29765,cook,merrill,UT,R,House
C000813,49301,coverdell,paul,GA,R,Senate
D000046,29370,danner,pat,MO,D,House
D000064,14617,daschle,thomas,SD,D,Senate
D000312,29307,dickey,jay,AR,R,House
D000373,14620,dixon,julian,CA,D,House
E000286,49902,edwards,john,NC,D,Senate
E000282,29115,ewing,thomas,IL,R,House
F000442,49900,fitzgerald,peter,IL,R,Senate
F000257,,forbes,michael,NY,D,House
F000328,29329,fowler,tillie,FL,R,House
F000349,29371,franks,bob,NJ,R,House
G000120,14825,gejdenson,sam,CT,D,House
G000291,14288,goodling,william,PA,R,House
G000352,15503,graham,bob,FL,D,Senate
H000605,29738,hill,rick,MT,R,House
H000725,11204,hollings,ernest,SC,D,Senate
K000016,15030,kasich,john,OH,R,House
K000270,29395,klink,ron,PA,D,House
K000357,29904,kuykendall,steven,CA,R,House
L000155,29374,lazio,rick,NY,R,House
L000371,14469,livingston,robert,LA,R,House
M000206,14879,martinez,matthew,CA,R,House
M000350,14842,mccollum,bill,FL,R,House
M000481,29518,mcintosh,david,IN,R,House
M000669,29578,metcalf,jack,WA,R,House
M000795,29366,minge,david,MN,D,House
M001085,14907,murkowski,frank,AK,R,Senate
N000102,14908,nickles,don,OK,R,Senate
P000005,15051,packard,ron,CA,R,House
P000171,29719,pease,edward,IN,R,House
P000326,15437,pickett,owen,VA,D,House
P000444,14677,porter,john,IL,R,House
R000386,29708,rogan,james,CA,R,House
V000087,14458,vento,bruce,MN,D,House
W000315,29753,weygand,robert,RI,D,House
W000654,15077,wise,robert,WV,D,House
M001141,49904,miller,zell,GA,D,Senate
A000121,29148,allen,george,VA,R,Senate
A000217,15125,armey,richard,TX,R,House
B000081,29528,baldacci,john,ME,D,House
B000134,29363,barcia,james,MI,D,House
B000169,29511,barr,bob,GA,R,House
B000177,39315,barrett,thomas,WI,D,House
B000400,29574,bentsen,ken,TX,D,House
B000518,29716,blagojevich,rod,IL,D,House
B000619,14407,bonior,david,MI,D,House
B000644,15008,borski,robert,PA,D,House
B000996,29569,bryant,ed,TN,R,House
B001126,15701,burns,conrad,MT,R,Senate
C000052,15090,callahan,h.,AL,R,House
C001043,40102,carnahan,jean,MO,D,Senate
C001040,49905,chafee,lincoln,RI,R,Senate
C000494,29382,clayton,eva,NC,D,House
C000503,15450,clement,robert,TN,D,House
C000670,15635,condit,gary,CA,D,House
C000735,29726,cooksey,john,LA,R,House
C001042,40104,corzine,jon,NJ,D,Senate
C000846,14808,coyne,william,PA,D,House
D000596,40101,dayton,mark,MN,D,Senate
D000294,15020,dewine,michael,OH,R,Senate
E000093,29529,ehrlich,robert,MD,R,House
F000439,49502,frist,william,TN,R,Senate
G000041,29521,ganske,greg,IA,R,House
G000121,15026,gekas,george,PA,R,House
G000212,14015,gilman,benjamin,NY,R,House
G000547,20128,grucci,felix,NY,R,House
H000074,14632,hall,tony,OH,D,House
H000172,14829,hansen,james,UT,R,House
H000615,29568,hilleary,van,TN,R,House
H000621,29302,hilliard,earl,AL,D,House
H000789,29320,horn,stephen,CA,R,House
H001014,29704,hutchinson,asa,AR,R,House
J000072,94240,jeffords,james,VT,O,Senate
K000359,20118,kerns,brian,IN,R,House
L000556,14248,lafalce,john,NY,D,House
L000096,29554,largent,steve,OK,R,House
L000521,29533,luther,william,MN,D,House
M000090,29712,maloney,james,CT,D,House
M000212,29562,mascara,frank,PA,D,House
M000628,29334,meek,carrie,FL,D,House
M000720,29333,miller,dan,FL,R,House
M000797,10757,mink,patsy,HI,D,House
M000834,14039,moakley,john,MA,D,House
M000941,15434,morella,constance,MD,R,House
P000584,29913,phelps,david,IL,D,House
R000258,29700,riley,bob,AL,R,House
R000281,29531,rivers,lynn,MI,D,House
R000385,29117,roemer,timothy,IN,D,House
R000465,14855,roukema,marge,NJ,R,House
S000059,29141,santorum,richard,PA,R,Senate
S000064,13039,sarbanes,paul,MD,D,Senate
S000094,15442,sawyer,thomas,OH,D,House
S000106,39508,scarborough,joe,FL,R,House
S000112,29711,schaffer,bob,CO,R,House
S001147,29920,shows,ronnie,MS,D,House
S000394,14052,shuster,elmer,PA,R,House
S000453,15060,sisisky,norman,VA,D,House
S000463,14861,skeen,joseph,NM,R,House
S000718,13042,spence,floyd,SC,R,House
S001044,14454,stump,robert,AZ,R,House
T000253,29330,thurman,karen,FL,D,House
T000350,15121,traficant,james,OH,D,House
U000014,,underwood,robert,GU,D,House
W000194,14462,watkins,wes,OK,R,House
W000210,29556,watts,j.c.,OK,R,House
B001237,40106,barkley,dean,MN,O,Senate
T000024,29369,talent,james,MO,R,Senate
A000359,,acevedo-vila,anibal,PR,O,House
A000109,29108,allard,wayne,CO,R,Senate
B001238,20339,ballance,frank,NC,D,House
B000104,15402,ballenger,cass,NC,R,House
B001241,20354,bell,chris,TX,D,House
B000403,14605,bereuter,douglas,NE,R,House
B001249,20320,burns,max,GA,R,House
C001044,20132,carson,brad,OK,D,House
C001057,40302,coleman,norm,MN,R,Senate
C000640,29340,collins,michael,GA,R,House
C000653,15093,combest,larry,TX,R,House
C000858,14809,craig,larry,ID,R,Senate
C000873,12041,crane,philip,IL,R,House
D000275,29335,deutsch,peter,FL,D,House
D000601,40303,dole,elizabeth,NC,R,Senate
D000407,14103,domenici,pete,NM,R,Senate
D000424,29105,dooley,calvin,CA,D,House
D000549,39312,dunn,jennifer,WA,R,House
F000441,29917,fletcher,ernest,KY,R,House
F000392,14626,frost,jonas,TX,D,House
G000132,14421,gephardt,richard,MO,D,House
G000336,15605,goss,porter,FL,R,House
G000439,29397,greenwood,james,PA,R,House
H001028,49704,hagel,charles,NE,R,Senate
H001031,29934,hoeffel,joseph,PA,D,House
H000814,15423,houghton,amory,NY,R,House
J000286,20348,janklow,william,SD,R,House
J000110,29727,john,christopher,LA,D,House
K000259,15082,kleczka,gerald,WI,D,House
L000342,15036,lipinski,william,IL,D,House
L000558,29916,lucas,kenneth,KY,D,House
M001145,20318,majette,denise,GA,D,House
M000249,14649,matsui,robert,CA,D,House
M000316,29535,mccarthy,karen,MO,D,House
M000477,29326,mcinnis,scott,CO,R,House
N000051,29581,nethercutt,george,WA,R,House
O000164,29902,ose,doug,CA,R,House
Q000016,29381,quinn,jack,NY,R,House
S000044,29757,sandlin,max,TX,D,House
S001151,20142,schrock,edward,VA,R,House
S001142,49705,smith,gordon,OR,R,Senate
S000597,29364,smith,nick,MI,R,House
S000851,14664,stenholm,charles,TX,D,House
S000888,12109,stevens,ted,AK,R,Senate
S001078,29740,sununu,john,NH,R,Senate
T000058,14679,tauzin,william,LA,R,House
T000424,29758,turner,james,TX,D,House
W000154,14712,warner,john,VA,R,Senate
B001233,49901,bayh,evan,IN,D,Senate
B001240,20312,beauprez,bob,CO,R,House
B000382,49307,bennett,robert,UT,R,Senate
B000463,15006,bilirakis,michael,FL,R,House
B000586,15007,boehlert,sherwood,NY,R,House
B000611,15501,bond,christopher,MO,R,Senate
B000617,39302,bonilla,henry,TX,R,House
B001246,20335,bradley,jeb,NH,R,House
B000953,29523,brownback,samuel,KS,R,Senate
B001066,15406,bunning,jim,KY,R,Senate
C001052,20324,chocola,chris,IN,R,House
C000830,15601,cox,c.,CA,R,House
C000994,29107,cunningham,randall,CA,R,House
D000114,29714,davis,james,FL,D,House
D000217,15094,delay,thomas,TX,R,House
D000388,14213,dodd,christopher,CT,D,Senate
D000432,14812,dorgan,byron,ND,D,Senate
E000250,15023,evans,lane,IL,D,House
F000061,49309,feingold,russell,WI,D,Senate
F000238,29510,foley,mark,FL,R,House
F000262,29756,ford,harold,TN,D,House
G000152,29739,gibbons,james,NV,R,House
G000545,29941,green,mark,WI,R,House
G000445,14826,gregg,judd,NH,R,Senate
G000536,29532,gutknecht,gilbert,MN,R,House
H001035,20314,harris,katherine,FL,R,House
H001033,20133,hart,melissa,PA,R,House
H000413,29502,hayworth,john,AZ,R,House
H000444,15419,hefley,joel,CO,R,House
H000807,29520,hostettler,john,IN,R,House
H001022,14239,hyde,henry,IL,R,House
I000047,29392,istook,ernest,OK,R,House
J000082,29755,jenkins,william,TN,R,House
J000163,15028,johnson,nancy,CT,R,House
K000078,29544,kelly,sue,NY,R,House
K000358,20121,kennedy,mark,MN,R,House
K000306,15105,kolbe,james,AZ,R,House
L000169,14432,leach,james,IA,R,House
L000035,29305,lincoln,blanche,AR,D,Senate
M001162,40501,martinez,mel,FL,R,Senate
M000523,29344,mckinney,cynthia,GA,D,House
N000081,29552,ney,robert,OH,R,House
N000143,29725,northup,anne,KY,R,House
N000172,29118,nussle,james,IA,R,House
O000165,20126,osborne,thomas,NE,R,House
O000166,20114,otter,c.l.,ID,R,House
O000159,15050,owens,major,NY,D,House
O000163,14875,oxley,michael,OH,R,House
P000419,29311,pombo,richard,CA,R,House
R000566,29723,ryun,jim,KS,R,House
S000005,14656,sabo,martin,MN,D,House
S001163,40500,salazar,ken,CO,D,Senate
S001161,20515,schwarz,john,MI,R,House
S000303,14860,shaw,e.,FL,R,House
S001146,29933,sherwood,donald,PA,R,House
S001152,20109,simmons,robert,CT,R,House
S001160,20510,sodrel,michael,IN,R,House
S000709,14910,specter,arlen,PA,D,Senate
S001004,29747,strickland,ted,OH,D,House
S001149,29927,sweeney,john,NY,R,House
T000067,29135,taylor,charles,NC,R,House
T000188,14669,thomas,william,CA,R,House
V000126,49903,voinovich,george,OH,R,Senate
W000268,15447,weldon,w.,PA,R,House
S001166,20541,sekula-gibbs,shelley,TX,R,House
A000357,29728,allen,thomas,ME,D,House
B000072,15401,baker,richard,LA,R,House
B001258,20721,boyda,nancy,KS,D,House
B001210,1366,byrd,robert,WV,D,Senate
C000116,29766,cannon,christopher,UT,R,House
C000191,29720,carson,julia,IN,D,House
C001041,40105,clinton,hillary,NY,D,Senate
C000868,29100,cramer,robert,AL,D,House
C000962,29584,cubin,barbara,WY,R,House
D000606,20747,davis,david,TN,R,House
D000597,20141,davis,jo ann,VA,R,House
D000136,29576,davis,thomas,VA,R,House
D000429,29104,doolittle,john,CA,R,House
D000605,20534,drake,thelma,VA,R,House
E000287,20323,emanuel,rahm,IL,D,House
E000187,29563,english,philip,PA,R,House
E000194,29537,ensign,john,NV,R,Senate
E000268,29300,everett,terry,AL,R,House
F000447,20315,feeney,tom,FL,R,House
F000443,20127,ferguson,michael,NJ,R,House
F000452,,fortuno,luis,PR,R,House
F000440,29773,fossella,vito,NY,R,House
G000180,29122,gilchrest,wayne,MD,R,House
G000210,15604,gillmor,paul,OH,R,House
G000280,89767,goode,virgil,VA,R,House
H000323,15417,hastert,j.,IL,R,House
H001029,29929,hayes,robin,NC,R,House
H000666,29136,hobson,david,OH,R,House
H000762,29750,hooley,darlene,OR,D,House
H000948,29737,hulshof,kenny,MO,R,House
H000981,14835,hunter,duncan,CA,R,House
J000070,29120,jefferson,william,LA,D,House
J000287,20512,jindal,bobby,LA,R,House
J000284,29930,jones,stephanie,OH,D,House
K000361,20112,keller,ric,FL,R,House
K000105,10808,kennedy,edward,MA,D,Senate
K000288,29365,knollenberg,joseph,MI,R,House
K000364,20520,kuhl,john,NY,R,House
L000552,29517,lahood,ray,IL,R,House
L000043,29761,lampson,nicholas,TX,D,House
L000090,14837,lantos,tom,CA,D,House
L000293,29352,lewis,ron,KY,R,House
L000447,14031,lott,trent,MS,R,Senate
M001164,20710,mahoney,tim,FL,D,House
M000388,15451,mccrery,james,LA,R,House
M000590,15614,mcnulty,michael,NY,D,House
M000627,29358,meehan,martin,MA,D,House
M000714,29586,millender-mcdonald,juanita,CA,D,House
M001152,20311,musgrave,marilyn,CO,R,House
N000159,29513,norwood,charles,GA,R,House
P000263,29751,peterson,john,PA,R,House
P000323,29734,pickering,charles,MS,R,House
P000589,20334,porter,jon,NV,R,House
P000555,29390,pryce,deborah,OH,R,House
R000033,29126,ramstad,james,MN,R,House
R000141,14045,regula,ralph,OH,R,House
R000574,20303,renzi,rick,AZ,R,House
R000569,29928,reynolds,thomas,NY,R,House
S001167,20714,sali,bill,ID,R,House
S000097,15112,saxton,h.,NJ,R,House
S001144,15449,shays,christopher,CT,R,House
T000458,29907,tancredo,thomas,CO,R,House
T000162,15633,thomas,craig,WY,R,Senate
W000099,15630,walsh,james,NY,R,House
W000267,29509,weldon,david,FL,R,House
W000273,29516,weller,gerald,IL,R,House
W000789,29779,wilson,heather,NM,R,House
W000784,29355,wynn,albert,MD,D,House
C001073,20760,cazayoux,donald,LA,D,House
A000014,15245,abercrombie,neil,HI,D,House
A000364,20928,adler,john,NJ,D,House
A000363,20736,arcuri,michael,NY,D,House
B001229,29938,baird,brian,WA,D,House
B001239,20347,barrett,james,SC,R,House
B001253,20509,bean,melissa,IL,D,House
B000420,29702,berry,robert,AR,D,House
B000444,14101,biden,joseph,DE,D,Senate
B001263,20943,boccieri,john,OH,D,House
B000657,15010,boucher,frederick,VA,D,House
B000716,29713,boyd,allen,FL,D,House
B001264,20900,bright,bobby,AL,D,House
B001235,20137,brown,henry,SC,R,House
B001247,20313,brown-waite,virginia,FL,R,House
B001203,29350,buyer,stephen,IN,R,House
C001079,20917,cao,anh,LA,R,House
C001065,20746,carney,christopher,PA,D,House
C000243,29327,castle,michael,DE,R,House
C001074,20761,childers,travis,MS,D,House
D000608,20945,dahlkemper,kathleen,PA,D,House
D000602,20302,davis,artur,AL,D,House
D000599,20350,davis,lincoln,TN,D,House
D000168,99342,deal,nathan,GA,R,House
D000210,29731,delahunt,william,MA,D,House
D000299,29336,diaz-balart,lincoln,FL,R,House
D000609,20939,driehaus,steve,OH,D,House
E000063,29144,edwards,thomas,TX,D,House
E000092,29362,ehlers,vernon,MI,R,House
E000289,20718,ellsworth,brad,IN,D,House
E000226,29745,etheridge,bob,NC,D,House
F000453,20742,fallin,mary,OK,R,House
G000309,15100,gordon,barton,TN,D,House
G000557,,griffith,parker,AL,R,House
H001039,20734,hall,john,NY,D,House
H001044,20913,halvorson,deborah,IL,D,House
H001040,20716,hare,phil,IL,D,House
H001037,20349,herseth sandlin,stephanie,SD,D,House
H001030,29914,hill,baron,IN,D,House
H001043,20732,hodes,paul,NH,D,House
H000676,29361,hoekstra,peter,MI,R,House
I000023,39300,inglis,bob,SC,R,House
K000365,20751,kagen,steve,WI,D,House
K000008,15104,kanjorski,paul,PA,D,House
K000113,29564,kennedy,patrick,RI,D,House
K000180,29733,kilpatrick,carolyn,MI,D,House
K000372,20942,kilroy,mary jo,OH,D,House
K000366,20711,klein,ron,FL,D,House
K000370,20911,kosmas,suzanne,FL,D,House
K000371,20921,kratovil,frank,MD,D,House
L000321,29341,linder,john,GA,R,House
M001172,20905,markey,betsy,CO,D,House
M001146,20317,marshall,james,GA,D,House
M001173,20937,massa,eric,NY,D,House
M000472,39316,mchugh,john,NY,R,House
M001174,20933,mcmahon,michael,NY,D,House
M001148,20358,meek,kendrick,FL,D,House
M001161,20513,melancon,charles,LA,D,House
M001175,20912,minnick,walter,ID,D,House
M001167,20700,mitchell,harry,AZ,D,House
M000844,15083,mollohan,alan,WV,D,House
M001140,29915,moore,dennis,KS,D,House
M001168,20745,murphy,patrick,PA,D,House
M001120,14072,murtha,john,PA,D,House
N000183,20950,nye,glenn,VA,D,House
O000006,14265,oberstar,james,MN,D,House
O000007,12036,obey,david,WI,D,House
O000107,15049,ortiz,solomon,TX,D,House
P000600,20951,perriello,thomas,VA,D,House
P000422,29384,pomeroy,earl,ND,D,House
P000586,20113,putnam,adam,FL,R,House
R000004,29505,radanovich,george,CA,R,House
R000568,29771,rodriguez,ciro,TX,D,House
S001158,20502,salazar,john,CO,D,House
S001178,20922,schauer,mark,MI,D,House
S001169,20744,sestak,joe,PA,D,House
S000275,29501,shadegg,john,AZ,R,House
S000465,14451,skelton,ike,MO,D,House
S000672,29703,snyder,victor,AR,D,House
S001153,20105,solis,hilda,CA,D,House
S001143,29519,souder,mark,IN,R,House
S001173,20741,space,zachary,OH,D,House
S000749,15064,spratt,john,SC,D,House
S001045,29360,stupak,bart,MI,D,House
T000038,15628,tanner,john,TN,D,House
T000057,29705,tauscher,ellen,CA,D,House
T000074,15637,taylor,gene,MS,D,House
T000466,20931,teague,harry,NM,D,House
T000260,29524,tiahrt,todd,KS,R,House
W000119,29567,wamp,zach,TN,R,House
W000794,20106,watson,diane,CA,D,House
W000314,29715,wexler,robert,FL,D,House
W000801,20739,wilson,charles,OH,D,House
B001266,40903,burris,roland,IL,D,Senate
K000373,40901,kaufman,edward,DE,D,Senate
M001178,20956,murphy,scott,NY,D,House
L000572,40911,lemieux,george,FL,R,Senate
K000374,40912,kirk,paul,MA,D,Senate
D000611,20961,djou,charles,HI,R,House
G000561,40914,goodwin,carte,WV,D,Senate
C001050,20306,cardoza,dennis,CA,D,House
D000603,20511,davis,geoff,KY,R,House
G000554,20701,giffords,gabrielle,AZ,D,House
H000213,29318,harman,jane,CA,D,House
I000026,29937,inslee,jay,WA,D,House
L000568,20936,lee,christopher,NY,R,House
M001147,20332,mccotter,thaddeus,MI,R,House
P000149,15619,payne,donald,NJ,D,House
W000792,29926,weiner,anthony,NY,D,House
W000793,29931,wu,david,OR,D,House
J000283,29585,jackson,jesse,IL,D,House
F000116,29325,filner,bob,CA,D,House
O000167,40502,obama,barack,IL,D,Senate
I000025,4812,inouye,daniel,HI,D,Senate
A000069,14400,akaka,daniel,HI,D,Senate
B000468,14912,bingaman,jeff,NM,D,Senate
C000705,15502,conrad,kent,ND,D,Senate
H001016,49306,hutchison,kay,TX,R,Senate
K000305,15703,kohl,herbert,WI,D,Senate
L000304,15704,lieberman,joseph,CT,O,Senate
L000504,14506,lugar,richard,IN,R,Senate
N000180,40103,nelson,ben,NE,D,Senate
S000663,14661,snowe,olympia,ME,R,Senate
W000803,40706,webb,jim,VA,D,Senate
B001268,40913,brown,scott,MA,R,Senate
A000022,15000,ackerman,gary,NY,D,House
A000366,21120,adams,sandy,FL,R,House
A000358,20123,akin,w.,MO,R,House
A000362,20743,altmire,jason,PA,D,House
A000365,20940,austria,steve,OH,R,House
B001234,29942,baca,joe,CA,D,House
B000208,29356,bartlett,roscoe,MD,R,House
B000220,29538,bass,charles,NH,R,House
B001272,21160,berg,rick,ND,R,House
B001231,29922,berkley,shelley,NV,D,House
B000410,15005,berman,howard,CA,D,House
B001232,29912,biggert,judy,IL,R,House
B000461,29508,bilbray,brian,CA,R,House
B001228,29775,bono mack,mary,CA,R,House
B001254,20523,boren,dan,OK,D,House
B000652,29721,boswell,leonard,IA,D,House
B001276,21158,buerkle,ann marie,NY,R,House
B001149,15014,burton,dan,IN,R,House
C001082,21183,canseco,francisco,TX,R,House
C001060,20516,carnahan,russ,MO,D,House
C001058,20326,chandler,ben,KY,D,House
C001085,21145,clarke,hansen,MI,D,House
C000794,15453,costello,jerry,IL,D,House
C001086,21146,cravaack,chip,MN,R,House
C001081,20960,critz,mark,PA,D,House
D000327,14413,dicks,norman,WA,D,House
D000492,14813,dreier,david,CA,R,House
F000339,14824,frank,barney,MA,D,House
G000021,15413,gallegly,elton,CA,R,House
G000544,29943,gonzalez,charles,TX,D,House
H001054,21155,hayworth,nan,NY,R,House
H000528,15420,herger,walter,CA,R,House
H000627,29380,hinchey,maurice,NY,D,House
H000712,29396,holden,tim,PA,D,House
J000285,20116,johnson,timothy,IL,R,House
K000172,14430,kildee,dale,MI,D,House
K000369,20938,kissell,larry,NC,D,House
K000336,29748,kucinich,dennis,OH,D,House
L000553,29553,latourette,steven,OH,R,House
L000574,21138,landry,jeff,LA,R,House
L000274,14644,lewis,jerry,CA,R,House
L000517,14647,lungren,daniel,CA,R,House
M001155,20503,mack,connie,FL,R,House
M001138,29349,manzullo,donald,IL,R,House
M001154,20341,miller,r.,NC,D,House
M001134,29549,myrick,sue,NC,R,House
O000085,29123,olver,john,MA,D,House
P000583,14290,paul,ronald,TX,R,House
P000587,20117,pence,mike,IN,R,House
P000585,20135,platts,todd,PA,R,House
Q000024,21104,quayle,ben,AZ,R,House
R000571,20125,rehberg,dennis,MT,R,House
R000170,29764,reyes,silvestre,TX,D,House
R000581,20752,richardson,laura,CA,D,House
R000590,21121,rivera,david,FL,R,House
R000573,20102,ross,mike,AR,D,House
R000462,29742,rothman,steven,NJ,D,House
S001182,21130,schilling,robert,IL,R,House
S001164,20540,schmidt,jean,OH,R,House
S001171,20737,shuler,heath,NC,D,House
S000810,14053,stark,fortney,CA,D,House
S000822,15627,stearns,clifford,FL,R,House
S001155,20131,sullivan,john,OK,R,House
S001174,20740,sutton,betty,OH,D,House
T000326,15072,towns,edolphus,NY,D,House
W000811,21126,walsh,joe,IL,R,House
W000807,21119,west,allen,FL,R,House
W000738,29309,woolsey,lynn,CA,D,House
H001062,21194,hochul,kathleen,NY,D,House
T000471,21197,turner,robert,NY,R,House
C001089,31100,curson,david,MI,D,House
D000595,29936,demint,jim,SC,R,Senate
E000172,29736,emerson,jo ann,MO,R,House
K000148,14920,kerry,john,MA,D,Senate
L000123,14914,lautenberg,frank,NJ,D,Senate
C001099,,cowan,william,MA,D,Senate
B001244,20300,bonner,jo,AL,R,House
A000361,90327,alexander,rodney,LA,R,House
Y000031,13047,young,c.,FL,R,House
C001100,,chiesa,jeffrey,NJ,R,Senate
W000207,29383,watt,melvin,NC,D,House
R000596,21320,radel,trey,FL,R,House
B000243,14203,baucus,max,MT,D,Senate
A000210,29132,andrews,robert,NJ,D,House
C001046,20144,cantor,eric,VA,R,House
B001265,40900,begich,mark,AK,D,Senate
C000286,29512,chambliss,saxby,GA,R,Senate
H001049,40907,hagan,kay,NC,D,Senate
H000206,14230,harkin,thomas,IA,D,Senate
J000177,15425,johnson,tim,SD,D,Senate
L000550,49702,landrieu,mary,LA,D,Senate
L000261,14709,levin,carl,MI,D,Senate
P000590,40301,pryor,mark,AR,D,Senate
R000361,14922,rockefeller,john,WV,D,Senate
U000038,29906,udall,mark,CO,D,Senate
B001256,20728,bachmann,michele,MN,R,House
B000013,29301,bachus,spencer,AL,R,House
B001252,20507,barrow,john,GA,D,House
B001242,20338,bishop,timothy,NY,D,House
B001259,20719,braley,bruce,IA,D,House
B001262,20753,broun,paul,GA,R,House
C000071,29124,camp,dave,MI,R,House
C001064,20539,campbell,john,CA,R,House
C000380,,christensen,donna,VI,D,House
C000560,29555,coburn,thomas,OK,R,Senate
D000355,2605,dingell,john,MI,D,House
F000010,,faleomavaega,eni,AS,D,House
G000549,20345,gerlach,jim,PA,R,House
G000550,20319,gingrey,phil,GA,R,House
G000567,21107,griffin,tim,AR,R,House
H000067,14828,hall,ralph,TX,R,House
H000329,29580,hastings,doc,WA,R,House
H001032,29923,holt,rush,NJ,D,House
K000220,29338,kingston,jack,GA,R,House
L000111,29522,latham,tom,IA,R,House
M001142,20140,matheson,jim,UT,D,House
M000309,29744,mccarthy,carolyn,NY,D,House
M000485,29746,mcintyre,mike,NC,D,House
M000508,29315,mckeon,howard,CA,R,House
M001149,20328,michaud,michael,ME,D,House
M001139,29905,miller,gary,CA,R,House
M000725,14256,miller,george,CA,D,House
M000933,29149,moran,james,VA,D,House
O000169,20957,owens,william,NY,D,House
P000099,29101,pastor,ed,AZ,D,House
P000265,14675,petri,thomas,WI,R,House
R000011,14448,rahall,nick,WV,D,House
R000572,20120,rogers,mike,MI,R,House
R000594,21153,runyan,jon,NJ,R,House
S001162,20525,schwartz,allyson,PA,D,House
S001186,21114,southerland,steve,FL,R,House
T000459,29921,terry,lee,NE,R,House
T000266,29730,tierney,john,MA,D,House
W000215,14280,waxman,henry,CA,D,House
W000672,14869,wolf,frank,VA,R,House
B001279,21199,barber,ron,AZ,D,House
S000937,29570,stockman,steve,TX,R,House
M001171,20935,maffei,daniel,NY,D,House
N000187,21310,negrete mcleod,gloria,CA,D,House
G000573,21322,garcia,joe,FL,D,House
E000292,21327,enyart,william,IL,D,House
B001280,21336,bentivolio,kerry,MI,R,House
G000572,21363,gallego,pete,TX,D,House
M001192,,mcallister,vance,LA,R,House
W000818,,walsh,john,MT,D,Senate
G000569,21154,grimm,michael,NY,R,House
C000556,15092,coble,howard,NC,R,House
J000291,40905,johanns,mike,NE,R,Senate
N000186,21147,nunnelee,alan,MS,R,House
S001179,20914,schock,aaron,IL,R,House
B000589,29137,boehner,john,OH,R,House
F000043,29559,fattah,chaka,PA,D,House
W000413,29525,whitfield,ed,KY,R,House
T000473,,takai,mark,HI,D,House
H001063,21195,hahn,janice,CA,D,House
M001150,20331,miller,candice,MI,R,House
A000368,41106,ayotte,kelly,NH,R,Senate
B000711,15011,boxer,barbara,CA,D,Senate
C000542,14806,coats,daniel,IN,R,Senate
K000360,20115,kirk,mark,IL,R,Senate
M000702,14440,mikulski,barbara,MD,D,Senate
R000146,15054,reid,harry,NV,D,Senate
V000127,29918,vitter,david,LA,R,Senate
B001271,21141,benishek,dan,MI,R,House
B001255,20514,boustany,charles,LA,R,House
B000911,29328,brown,corrine,FL,D,House
C001036,29774,capps,lois,CA,D,House
C001083,21113,carney,john,DE,D,House
C001045,20111,crenshaw,ander,FL,R,House
E000290,20763,edwards,donna,MD,D,House
E000291,21159,ellmers,renee,NC,R,House
F000030,29313,farr,sam,CA,D,House
F000458,21181,fincher,stephen,TN,R,House
F000451,20524,fitzpatrick,michael,PA,R,House
F000456,20918,fleming,john,LA,R,House
F000445,20143,forbes,j.,VA,R,House
G000548,20336,garrett,scott,NJ,R,House
G000564,21156,gibson,christopher,NY,R,House
H001051,21157,hanna,richard,NY,R,House
H001055,21151,heck,joseph,NV,R,House
H000636,29763,hinojosa,ruben,TX,D,House
H001034,20103,honda,michael,CA,D,House
H001057,21134,huelskamp,tim,KS,R,House
H001060,21186,hurt,robert,VA,R,House
I000057,20129,israel,steve,NY,D,House
K000363,20333,kline,john,MN,R,House
M000404,15613,mcdermott,jim,WA,D,House
M000689,29331,mica,john,FL,R,House
M001144,20110,miller,jeff,FL,R,House
N000182,20353,neugebauer,randy,TX,R,House
N000185,21115,nugent,richard,FL,R,House
P000596,,pierluisi,pedro,PR,D,House
P000373,29752,pitts,joseph,PA,R,House
R000053,13035,rangel,charles,NY,D,House
R000587,21190,ribble,reid,WI,R,House
R000589,21185,rigell,edward,VA,R,House
S000030,29709,sanchez,loretta,CA,D,House
W000796,20506,westmoreland,lynn,GA,R,House
S000018,29500,salmon,matt,AZ,R,House
G000556,20908,grayson,alan,FL,D,House
M001191,21319,murphy,patrick,FL,D,House
J000296,,jolly,david,FL,R,House
C001102,,clawson,curtis,FL,R,House
D000613,21127,dold,bob,IL,R,House
G000570,21152,guinta,frank,NH,R,House
G000575,,graham,gwen,FL,D,House
A000373,,ashford,brad,NE,D,House
H001070,,hardy,cresent,NV,R,House
P000602,21136,pompeo,mike,KS,R,House
B000287,29316,becerra,xavier,CA,D,House
S001141,49700,sessions,jefferson,AL,R,Senate
P000591,20505,price,tom,GA,R,House
M001182,21176,mulvaney,mick,SC,R,House
C001076,20949,chaffetz,jason,UT,R,House
M001151,20346,murphy,tim,PA,R,House
C000714,10713,conyers,john,MI,D,House
F000448,20304,franks,trent,AZ,R,House
F000457,40904,franken,alan,MN,D,Senate
S001202,41704,strange,luther,AL,R,Senate
T000462,20130,tiberi,patrick,OH,R,House
S000480,15444,slaughter,louise,NY,D,House
C000567,14009,cochran,thad,MS,R,Senate
F000460,21184,farenthold,blake,TX,R,House
M001181,21168,meehan,patrick,PA,R,House
B001283,21354,bridenstine,jim,OK,R,House
D000604,20526,dent,charles,PA,R,House
M000303,15039,mccain,john,AZ,R,Senate
D000621,21318,desantis,ron,FL,R,House
J000297,21558,jenkins,evan,WV,R,House
K000352,15429,kyl,jon,AZ,R,Senate
L000580,21341,lujan grisham,michelle,NM,D,House
C001071,40705,corker,bob,TN,R,Senate
H000338,14503,hatch,orrin,UT,R,Senate
M001170,40701,mccaskill,claire,MO,D,Senate
N000032,14651,nelson,bill,FL,D,Senate
B001269,21171,barletta,lou,PA,R,House
B000213,15085,barton,joe,TX,R,House
B001273,21180,black,diane,TN,R,House
B001245,,bordallo,madeleine,GU,D,House
B001227,29777,brady,robert,PA,D,House
C001037,29919,capuano,michael,MA,D,House
C001077,20906,coffman,mike,CO,R,House
C001038,29925,crowley,joseph,NY,D,House
C001048,20139,culberson,john,TX,R,House
D000612,21109,denham,jeff,CA,R,House
D000607,20717,donnelly,joe,IN,D,Senate
D000533,15455,duncan,john,TN,R,House
E000288,20727,ellison,keith,MN,D,House
F000444,20100,flake,jeff,AZ,R,Senate
F000372,29541,frelinghuysen,rodney,NJ,R,House
G000289,39308,goodlatte,bob,VA,R,House
G000566,21175,gowdy,trey,SC,R,House
G000410,39304,green,gene,TX,D,House
G000535,29348,gutierrez,luis,IL,D,House
H001045,20925,harper,gregg,MS,R,House
H001036,20352,hensarling,jeb,TX,R,House
H001059,21129,hultgren,randy,IL,R,House
J000290,20915,jenkins,lynn,KS,R,House
J000174,29143,johnson,sam,TX,R,House
L000573,21125,labrador,raul,ID,R,House
L000567,20929,lance,leonard,NJ,R,House
L000263,15033,levin,sander,MI,D,House
L000554,29539,lobiondo,frank,NJ,R,House
N000184,21177,noem,kristi,SD,R,House
P000594,20924,paulsen,erik,MN,R,House
P000588,20337,pearce,stevan,NM,R,House
P000592,20528,poe,ted,TX,R,House
P000598,20904,polis,jared,CO,D,House
R000578,20536,reichert,david,WA,R,House
R000586,21164,renacci,james,OH,R,House
R000409,15621,rohrabacher,dana,CA,R,House
R000592,21131,rokita,todd,IN,R,House
R000583,20910,rooney,thomas,FL,R,House
R000435,15634,ros-lehtinen,ileana,FL,R,House
R000580,20715,roskam,peter,IL,R,House
R000593,21117,ross,dennis,FL,R,House
R000487,29321,royce,edward,CA,R,House
R000570,29939,ryan,paul,WI,R,House
S001154,20134,shuster,bill,PA,R,House
S000583,15445,smith,lamar,TX,R,House
T000465,20754,tsongas,niki,MA,D,House
W000799,20726,walz,timothy,MN,D,House
Y000063,21135,yoder,kevin,KS,R,House
H001041,20730,heller,dean,NV,R,Senate
E000293,21316,esty,elizabeth,CT,D,House
M001189,21332,messer,luke,IN,R,House
D000620,21334,delaney,john,MD,D,House
N000127,14263,nolan,richard,MN,D,House
P000606,21347,pittenger,robert,NC,R,House
H001069,41303,heitkamp,heidi,ND,D,Senate
R000598,21357,rothfus,keith,PA,R,House
O000170,21361,o'rourke,beto,TX,D,House
S000051,29565,sanford,marshall,SC,R,House
B001290,21553,brat,david,VA,R,House
K000387,21505,knight,steve,CA,R,House
W000820,21509,walters,mimi,CA,R,House
C001107,21512,curbelo,carlos,FL,R,House
B001294,21520,blum,rod,IA,R,House
Y000066,21521,young,david,IA,R,House
P000611,21524,poliquin,bruce,ME,R,House
B001293,21527,bishop,mike,MI,R,House
T000475,21528,trott,dave,MI,R,House
M001193,21537,macarthur,tom,NJ,R,House
R000604,21546,russell,steve,OK,R,House
C001106,21547,costello,ryan,PA,R,House
L000584,21552,love,mia,UT,R,House
C001105,21555,comstock,barbara,VA,R,House
D000625,21560,donovan,daniel,NY,R,House
H001050,21124,hanabusa,colleen,HI,D,House
S001170,20731,shea-porter,carol,NH,D,House
L000587,21733,lewis,jason,MN,R,House
K000390,21729,kihuen,ruben,NV,D,House
F000464,21716,faso,john,NY,R,House
T000477,21748,taylor,scott,VA,R,House
G000580,21721,garrett,thomas,VA,R,House
H001078,,handel,karen,GA,R,House
J000303,,jones,brenda,MI,D,House
M001179,21170,marino,tom,PA,R,House
J000255,29546,jones,walter,NC,R,House
D000614,21189,duffy,sean,WI,R,House
C001092,21345,collins,chris,NY,R,House
C000984,29587,cummings,elijah,MD,D,House
H001087,21932,hill,katie,CA,D,House
I000055,29909,isakson,john,GA,R,Senate
H001048,20963,hunter,duncan,CA,R,House
M001187,21348,meadows,mark,NC,R,House
R000601,21549,ratcliffe,john,TX,R,House
L000287,15431,lewis,john,GA,D,House
G000560,20962,graves,tom,GA,R,House
M001197,21501,mcsally,martha,AZ,R,Senate
C001094,21305,cook,paul,CA,R,House
A000360,40304,alexander,lamar,TN,R,Senate
E000285,49706,enzi,michael,WY,R,Senate
R000307,14852,roberts,pat,KS,R,Senate
U000039,29924,udall,tom,NM,D,Senate
A000367,21143,amash,justin,MI,O,House
B001250,20357,bishop,rob,UT,R,House
C001049,20147,clay,wm.,MO,D,House
C001062,20531,conaway,k.,TX,R,House
D000598,20108,davis,susan,CA,D,House
E000179,15603,engel,eliot,NY,D,House
F000461,21182,flores,bill,TX,R,House
G000562,21112,gardner,cory,CO,R,Senate
K000210,29375,king,peter,NY,R,House
K000362,20325,king,steve,IA,R,House
L000563,20508,lipinski,daniel,IL,D,House
L000565,20720,loebsack,david,IA,D,House
L000480,15612,lowey,nita,NY,D,House
M001158,20532,marchant,kenny,TX,R,House
O000168,20948,olson,pete,TX,R,House
P000258,29127,peterson,collin,MN,D,House
R000591,21192,roby,martha,AL,R,House
R000582,20947,roe,david,TN,R,House
S000244,14657,sensenbrenner,f.,WI,R,House
S000248,29134,serrano,jose,NY,D,House
S000364,29718,shimkus,john,IL,R,House
T000238,29572,thornberry,mac,TX,R,House
T000470,21111,tipton,scott,CO,R,House
V000108,15124,visclosky,peter,IN,D,House
W000791,29932,walden,greg,OR,R,House
W000810,21122,woodall,rob,GA,R,House
Y000065,21317,yoho,ted,FL,R,House
C001093,21323,collins,doug,GA,R,House
G000571,21324,gabbard,tulsi,HI,D,House
B001284,21331,brooks,susan,IN,R,House
K000379,21335,kennedy,joseph,MA,D,House
H001065,21349,holding,george,NC,R,House
H001064,21369,heck,denny,WA,D,House
B001289,21376,byrne,bradley,AL,R,House
A000374,21522,abraham,ralph,LA,R,House
H001073,21550,hurd,will,TX,R,House
P000612,41501,perdue,david,GA,R,Senate
W000819,21543,walker,mark,NC,R,House
R000607,21742,rooney,francis,FL,R,House
M001201,21737,mitchell,paul,MI,O,House
G000584,21751,gianforte,greg,MT,R,House
J000300,41705,jones,doug,AL,D,Senate
C001124,21909,cox,tj,CA,D,House
R000616,21960,rouda,harley,CA,D,House
S001210,21967,spano,ross,FL,R,House
M001207,21947,mucarsel-powell,debbie,FL,D,House
S001206,21963,shalala,donna,FL,D,House
F000467,21918,finkenauer,abby,IA,D,House
W000824,21982,watkins,steven,KS,R,House
T000484,21976,torres small,xochitl,NM,D,House
R000613,21958,rose,max,NY,D,House
B001308,21904,brindisi,anthony,NY,D,House
H001083,21933,horn,kendra,OK,D,House
C001122,21913,cunningham,joe,SC,D,House
M001209,21943,mcadams,ben,UT,D,House
R000611,21957,riggleman,denver,VA,R,House
H001092,,hall,kwanza,GA,D,House
R000588,21137,richmond,cedric,LA,D,House
H001075,41701,harris,kamala,CA,D,Senate
L000594,,loeffler,kelly,GA,R,Senate
W000827,21984,wright,ron,TX,R,House
F000455,20941,fudge,marcia,OH,D,House
H001080,21928,haaland,debra,NM,D,House
H000324,29337,hastings,alcee,FL,D,House
S001187,21163,stivers,steve,OH,R,House
N000181,20307,nunes,devin,CA,R,House
H001088,21929,hagedorn,jim,MN,R,House
Y000033,14066,young,don,AK,R,House
F000449,20518,fortenberry,jeff,NE,R,House
V000132,21366,vela,filemon,TX,D,House
R000585,21101,reed,tom,NY,R,House
D000630,21916,delgado,antonio,NY,D,House
W000813,21330,walorski,jackie,IN,R,House
C001111,21712,crist,charlie,FL,D,House
D000610,20959,deutch,theodore,FL,D,House
M001200,21736,mceachin,a.,VA,D,House
B001270,21110,bass,karen,CA,D,House
B000575,29735,blunt,roy,MO,R,Senate
B000755,29760,brady,kevin,TX,R,House
B001274,21193,brooks,mo,AL,R,House
B001135,29548,burr,richard,NC,R,Senate
B001251,20340,butterfield,george,NC,D,House
C000266,29550,chabot,steve,OH,R,House
C000754,15019,cooper,jim,TN,D,House
D000191,15410,defazio,peter,OR,D,House
D000482,29561,doyle,michael,PA,D,House
G000563,21165,gibbs,bob,OH,R,House
G000552,20527,gohmert,louie,TX,R,House
H001053,21149,hartzler,vicky,MO,R,House
H001056,21187,herrera beutler,jaime,WA,R,House
J000126,39305,johnson,eddie,TX,D,House
K000188,29769,kind,ron,WI,D,House
K000378,21128,kinzinger,adam,IL,R,House
L000559,20136,langevin,james,RI,D,House
L000174,14307,leahy,patrick,VT,D,Senate
L000576,21150,long,billy,MO,R,House
M000087,29379,maloney,carolyn,NY,D,House
M001180,21188,mckinley,david,WV,R,House
M001166,20702,mcnerney,jerry,CA,D,House
P000601,21148,palazzo,steven,MS,R,House
P000593,20705,perlmutter,ed,CO,D,House
P000449,29386,portman,robert,OH,R,Senate
P000523,15438,price,david,NC,D,House
R000486,29317,roybal-allard,lucille,CA,D,House
R000515,29346,rush,bobby,IL,D,House
R000577,20343,ryan,tim,OH,D,House
S001180,20944,schrader,kurt,OR,D,House
S000320,94659,shelby,richard,AL,R,Senate
S001165,20542,sires,albio,NJ,D,House
S001175,20762,speier,jackie,CA,D,House
T000461,29935,toomey,patrick,PA,R,Senate
U000031,15446,upton,fred,MI,R,House
Y000062,20723,yarmuth,john,KY,D,House
L000579,21313,lowenthal,alan,CA,D,House
D000619,21328,davis,rodney,IL,R,House
B001286,21329,bustos,cheri,IL,D,House
M001185,21344,maloney,sean,NY,D,House
R000597,21359,rice,tom,SC,R,House
H001071,21514,hice,jody,GA,R,House
L000581,21530,lawrence,brenda,MI,D,House
Z000017,21539,zeldin,lee,NY,R,House
R000602,21540,rice,kathleen,NY,D,House
K000386,21542,katko,john,NY,R,House
O000171,21739,o'halleran,tom,AZ,D,House
L000586,21732,lawson,al,FL,D,House
M001202,21738,murphy,stephanie,FL,D,House
D000627,21713,demings,val,FL,D,House
H001074,21725,hollingsworth,trey,IN,R,House
B001304,21707,brown,anthony,MD,D,House
C001109,21710,cheney,liz,WY,R,House
L000588,21756,lamb,conor,PA,D,House
K000368,20902,kirkpatrick,ann,AZ,D,House
S001204,,san nicolas,michael,GU,D,House
A000378,21902,axne,cynthia,IA,D,House
L000592,21940,levin,andy,MI,D,House
M001203,21942,malinowski,tom,NJ,D,House
G000588,21924,gonzalez,anthony,OH,R,House
T000479,21973,taylor,van,TX,R,House
L000591,21941,luria,elaine,VA,D,House
K000395,21985,keller,fred,PA,R,House
J000020,,jacobs,chris,NY,R,House
B001312,,bourdeaux,carolyn,GA,D,House
K000396,,kahele,kaiali'i,HI,D,House
N000192,,newman,marie,IL,D,House
M001186,,meijer,peter,MI,R,House
C001104,,cawthorn,madison,NC,R,House
H001084,,herrell,yvette,NM,R,House
J000306,,jones,mondaire,NY,D,House
C001128,,conway,connie,CA,R,House
F000473,,flores,mayra,TX,R,House
S001219,,sempolinski,joseph,NY,R,House
I000024,15424,inhofe,james,OK,R,Senate
S001197,41503,sasse,benjamin,NE,R,Senate
F000062,49300,feinstein,dianne,CA,D,Senate
C001084,21172,cicilline,david,RI,D,House
S001192,21367,stewart,chris,UT,R,House
S001222,,santos,george,NY,R,House
M001165,20703,mccarthy,kevin,CA,R,House
J000292,21162,johnson,bill,OH,R,House
H001038,20519,higgins,brian,NY,D,House
P000604,31103,payne,donald,NJ,D,House
B001297,21510,buck,ken,CO,R,House
G000579,21720,gallagher,mike,WI,R,House
J000032,29573,jackson lee,sheila,TX,D,House
P000096,29741,pascrell,bill,NJ,D,House
M000639,29373,menendez,robert,NJ,D,Senate
G000578,21719,gaetz,matt,FL,R,House
B001320,,butler,laphonza,CA,D,Senate
H001097,,helmy,george,NJ,D,Senate
A000377,21901,armstrong,kelly,ND,R,House
B000944,29389,brown,sherrod,OH,D,Senate
C000141,15408,cardin,benjamin,MD,D,Senate
C000174,15015,carper,thomas,DE,D,Senate
C001070,40703,casey,robert,PA,D,Senate
S000770,29732,stabenow,debbie,MI,D,Senate
T000464,40702,tester,jon,MT,D,Senate
M001183,40915,manchin,joe,WV,O,Senate
B000574,29588,blumenauer,earl,OR,D,House
B001275,21132,bucshon,larry,IN,R,House
B001248,20355,burgess,michael,TX,R,House
D000615,21174,duncan,jeff,SC,R,House
E000215,29312,eshoo,anna,CA,D,House
G000377,29762,granger,kay,TX,R,House
L000564,20704,lamborn,doug,CO,R,House
L000551,29778,lee,barbara,CA,D,House
L000569,20926,luetkemeyer,blaine,MO,R,House
M001156,20522,mchenry,patrick,NC,R,House
M001159,20535,mcmorris rodgers,cathy,WA,R,House
N000179,29903,napolitano,grace,CA,D,House
P000599,20909,posey,bill,FL,R,House
R000576,20329,ruppersberger,c.,MD,D,House
S001177,,sablan,gregorio,MP,D,House
S001168,20724,sarbanes,john,MD,D,House
S001191,21300,sinema,kyrsten,AZ,O,Senate
C001097,21309,cardenas,tony,CA,D,House
K000380,21372,kildee,daniel,MI,D,House
K000382,21340,kuster,ann,NH,D,House
W000815,21351,wenstrup,brad,OH,R,House
C001090,21358,cartwright,matthew,PA,D,House
K000381,21368,kilmer,derek,WA,D,House
G000577,21523,graves,garret,LA,R,House
M001195,21557,mooney,alexander,WV,R,House
F000465,21717,ferguson,a.,GA,R,House
G000582,,gonzalez-colon,jenniffer,PR,R,House
L000589,21757,lesko,debbie,AZ,R,House
W000826,21763,wild,susan,PA,D,House
P000618,21954,porter,katie,CA,D,House
P000615,21952,pence,greg,IN,R,House
T000483,21978,trone,david,MD,D,House
P000616,21953,phillips,dean,MN,D,House
A000376,21900,allred,colin,TX,D,House
S001209,21966,spanberger,abigail,VA,D,House
W000825,21983,wexton,jennifer,VA,D,House
B001310,41900,braun,mike,IN,R,Senate
R000615,41902,romney,mitt,UT,R,Senate
B001311,21986,bishop,dan,NC,R,House
G000061,,garcia,mike,CA,R,House
C001054,,carl,jerry,AL,R,House
S001135,,steel,michelle,CA,R,House
L000266,,laturner,jacob,KS,R,House
B001224,,bush,cori,MO,D,House
R000103,,rosendale,matthew,MT,R,House
M001135,,manning,kathy,NC,D,House
B001223,,bowman,jamaal,NY,D,House
G000595,,good,robert,VA,R,House
P000619,,peltola,mary,AK,D,House
D000633,,duarte,john,CA,R,House
C001134,,caraveo,yadira,CO,D,House
N000194,,nickel,wiley,NC,D,House
J000308,,jackson,jeffrey,NC,D,House
D000632,,d'esposito,anthony,NY,R,House
M001221,,molinaro,marcus,NY,R,House
W000828,,williams,brandon,NY,R,House
C001135,,chavez-deremer,lori,OR,R,House
L000604,,lopez,greg,CO,R,House
L000605,,lee carter,erica,TX,D,House
V000137,,vance,james david,OH,R,Senate
R000595,41102,rubio,marco,FL,R,Senate
W000823,21981,waltz,michael,FL,R,House
T000489,,turner,sylvester,TX,D,House
G000551,20305,grijalva,raul,AZ,D,House
C001078,20952,connolly,gerald,VA,D,House
G000590,21926,green,mark,TN,R,House
S001207,21964,sherrill,mikie,NJ,D,House
G000596,,greene,marjorie,GA,R,House
L000578,21302,lamalfa,doug,CA,R,House
M001190,21355,mullin,markwayne,OK,R,Senate
S001193,21306,swalwell,eric,CA,D,House
G000594,,gonzales,ernest,TX,R,House
C001127,,cherfilus-mccormick,sheila,FL,D,House
S001157,20321,scott,david,GA,D,House
